ticker,company_name,cik,exchange
NVDA,NVIDIA CORP,1045810,Nasdaq
AAPL,Apple Inc.,320193,Nasdaq
GOOGL,Alphabet Inc.,1652044,Nasdaq
MSFT,MICROSOFT CORP,789019,Nasdaq
AMZN,AMAZON COM INC,1018724,Nasdaq
META,"Meta Platforms, Inc.",1326801,Nasdaq
AVGO,Broadcom Inc.,1730168,Nasdaq
TSLA,"Tesla, Inc.",1318605,Nasdaq
BRK-B,BERKSHIRE HATHAWAY INC,1067983,NYSE
WMT,Walmart Inc.,104169,Nasdaq
LLY,ELI LILLY & Co,59478,NYSE
JPM,JPMORGAN CHASE & CO,19617,NYSE
V,VISA INC.,1403161,NYSE
SPY,SPDR S&P 500 ETF TRUST,884394,NYSE
XOM,EXXON MOBIL CORP,34088,NYSE
JNJ,JOHNSON & JOHNSON,200406,NYSE
ASML,ASML HOLDING NV,937966,Nasdaq
MA,Mastercard Inc,1141391,NYSE
COST,COSTCO WHOLESALE CORP /NEW,909832,Nasdaq
MU,MICRON TECHNOLOGY INC,723125,Nasdaq
BAC,BANK OF AMERICA CORP /DE/,70858,NYSE
ORCL,ORACLE CORP,1341439,NYSE
ABBV,AbbVie Inc.,1551152,NYSE
BABA,Alibaba Group Holding Ltd,1577552,NYSE
HD,"HOME DEPOT, INC.",354950,NYSE
PG,PROCTER & GAMBLE Co,80424,NYSE
CVX,CHEVRON CORP,93410,NYSE
NFLX,NETFLIX INC,1065280,Nasdaq
AMD,ADVANCED MICRO DEVICES INC,2488,Nasdaq
CAT,CATERPILLAR INC,18230,NYSE
KO,COCA COLA CO,21344,NYSE
GE,GENERAL ELECTRIC CO,40545,NYSE
CSCO,"CISCO SYSTEMS, INC.",858877,Nasdaq
PLTR,Palantir Technologies Inc.,1321655,Nasdaq
TM,TOYOTA MOTOR CORP/,1094517,NYSE
HSBC,HSBC HOLDINGS PLC,1089113,NYSE
MRK,"Merck & Co., Inc.",310158,NYSE
NVS,NOVARTIS AG,1114448,NYSE
AZN,ASTRAZENECA PLC,901832,NYSE
CYATY,"Contemporary Amperex Technology Co., Limited/ADR",2070829,OTC
WFC,WELLS FARGO & COMPANY/MN,72971,NYSE
LRCX,LAM RESEARCH CORP,707549,Nasdaq
MS,MORGAN STANLEY,895421,NYSE
PM,Philip Morris International Inc.,1413329,NYSE
GS,GOLDMAN SACHS GROUP INC,886982,NYSE
IBM,INTERNATIONAL BUSINESS MACHINES CORP,51143,NYSE
RTX,RTX Corp,101829,NYSE
AMAT,APPLIED MATERIALS INC /DE,6951,Nasdaq
INTC,INTEL CORP,50863,Nasdaq
UNH,UNITEDHEALTH GROUP INC,731766,NYSE
AXP,AMERICAN EXPRESS CO,4962,NYSE
NVO,NOVO NORDISK A S,353278,NYSE
QQQ,"INVESCO QQQ TRUST, SERIES 1",1067839,Nasdaq
RY,ROYAL BANK OF CANADA,1000275,NYSE
SAP,SAP SE,1000184,NYSE
MCD,MCDONALDS CORP,63908,NYSE
PEP,PEPSICO INC,77476,Nasdaq
TMUS,"T-Mobile US, Inc.",1283699,Nasdaq
C,CITIGROUP INC,831001,NYSE
MUFG,MITSUBISHI UFJ FINANCIAL GROUP INC,67088,NYSE
SHEL,Shell plc,1306965,NYSE
GEV,GE Vernova Inc.,1996810,NYSE
LIN,LINDE PLC,1707925,Nasdaq
AMGN,AMGEN INC,318154,Nasdaq
TMO,THERMO FISHER SCIENTIFIC INC.,97745,NYSE
TXN,TEXAS INSTRUMENTS INC,97476,Nasdaq
VZ,VERIZON COMMUNICATIONS INC,732712,NYSE
DIS,Walt Disney Co,1744489,NYSE
ABT,ABBOTT LABORATORIES,1800,NYSE
T,AT&T INC.,732717,NYSE
BA,BOEING CO,12927,NYSE
SCHW,SCHWAB CHARLES CORP,316709,NYSE
KLAC,KLA CORP,319201,Nasdaq
GILD,"GILEAD SCIENCES, INC.",882095,Nasdaq
SAN,"Banco Santander, S.A.",891478,NYSE
RIO,RIO TINTO PLC,863064,NYSE
NEE,NEXTERA ENERGY INC,753308,NYSE
CRM,"Salesforce, Inc.",1108524,NYSE
RTNTF,RIO TINTO LTD,887028,OTC
DTEGY,DEUTSCHE TELEKOM AG,946770,OTC
BHP,BHP Group Ltd,811809,NYSE
HDB,HDFC BANK LTD,1144967,NYSE
TJX,TJX COMPANIES INC /DE/,109198,NYSE
ISRG,INTUITIVE SURGICAL INC,1035267,Nasdaq
ANET,"Arista Networks, Inc.",1596532,NYSE
APH,AMPHENOL CORP /DE/,820313,NYSE
BLK,"BlackRock, Inc.",2012383,NYSE
SCCO,SOUTHERN COPPER CORP/,1001838,NYSE
TD,TORONTO DOMINION BANK,947263,NYSE
HTHIY,HITACHI LTD,47710,OTC
HON,HONEYWELL INTERNATIONAL INC,773840,Nasdaq
BX,Blackstone Inc.,1393818,NYSE
TTE,TotalEnergies SE,879764,NYSE
DE,DEERE & CO,315189,NYSE
UL,UNILEVER PLC,217410,NYSE
ADI,ANALOG DEVICES INC,6281,Nasdaq
LOW,LOWES COMPANIES INC,60667,NYSE
UBER,"Uber Technologies, Inc",1543151,NYSE
PFE,PFIZER INC,78003,NYSE
DHR,DANAHER CORP /DE/,313616,NYSE
UNP,UNION PACIFIC CORP,100885,NYSE
PDD,PDD Holdings Inc.,1737806,Nasdaq
ACN,Accenture plc,1467373,NYSE
BUD,Anheuser-Busch InBev SA/NV,1668717,NYSE
QCOM,QUALCOMM INC/DE,804328,Nasdaq
SMFG,"SUMITOMO MITSUI FINANCIAL GROUP, INC.",1022837,NYSE
SHOP,SHOPIFY INC.,1594805,Nasdaq
ETN,Eaton Corp plc,1551182,NYSE
BKNG,Booking Holdings Inc.,1075531,Nasdaq
LMT,LOCKHEED MARTIN CORP,936468,NYSE
COF,CAPITAL ONE FINANCIAL CORP,927628,NYSE
UBS,UBS Group AG,1610520,NYSE
APP,AppLovin Corp,1751008,Nasdaq
BBVA,"BANCO BILBAO VIZCAYA ARGENTARIA, S.A.",842180,NYSE
SYK,STRYKER CORP,310764,NYSE
BTI,British American Tobacco p.l.c.,1303523,NYSE
WELL,WELLTOWER INC.,766704,NYSE
SPGI,S&P Global Inc.,64040,NYSE
COP,CONOCOPHILLIPS,1163165,NYSE
SONY,Sony Group Corp,313838,NYSE
MDT,Medtronic plc,1613103,NYSE
ARM,ARM HOLDINGS PLC /UK,1973239,Nasdaq
CB,Chubb Ltd,896159,NYSE
UTX,Ultratrex Inc.,2046954,
PLD,"Prologis, Inc.",1045609,NYSE
IBKR,"Interactive Brokers Group, Inc.",1381197,Nasdaq
NEM,NEWMONT Corp /DE/,1164727,NYSE
BMY,BRISTOL MYERS SQUIBB CO,14272,NYSE
INTU,INTUIT INC.,896878,Nasdaq
PH,Parker-Hannifin Corp,76334,NYSE
VRTX,VERTEX PHARMACEUTICALS INC / MA,875320,Nasdaq
ATEYY,ADVANTEST CORP,1158838,OTC
GSK,GSK plc,1131399,NYSE
PGR,PROGRESSIVE CORP/OH/,80661,NYSE
GLD,SPDR GOLD TRUST,1222333,NYSE
MFG,MIZUHO FINANCIAL GROUP INC,1335730,NYSE
HCA,"HCA Healthcare, Inc.",860730,NYSE
MCK,MCKESSON CORP,927653,NYSE
SNY,Sanofi,1121404,Nasdaq
CMCSA,COMCAST CORP,1166691,Nasdaq
SBUX,STARBUCKS CORP,829224,Nasdaq
BSX,BOSTON SCIENTIFIC CORP,885725,NYSE
IBN,ICICI BANK LTD,1103838,NYSE
ADBE,ADOBE INC.,796343,Nasdaq
ENB,ENBRIDGE INC,895728,NYSE
MO,"ALTRIA GROUP, INC.",764180,NYSE
PANW,Palo Alto Networks Inc,1327567,Nasdaq
CME,CME GROUP INC.,1156375,Nasdaq
NOW,"ServiceNow, Inc.",1373715,NYSE
GLW,CORNING INC /NY,24741,NYSE
BMO,BANK OF MONTREAL /CAN/,927971,NYSE
BN,BROOKFIELD Corp /ON/,1001085,NYSE
NOC,NORTHROP GRUMMAN CORP /DE/,1133421,NYSE
TT,Trane Technologies plc,1466258,NYSE
BP,BP PLC,313807,NYSE
MELI,MERCADOLIBRE INC,1099590,Nasdaq
CRWD,"CrowdStrike Holdings, Inc.",1535527,Nasdaq
UPS,UNITED PARCEL SERVICE INC,1090727,NYSE
CVS,CVS HEALTH Corp,64803,NYSE
SO,SOUTHERN CO,92122,NYSE
ITUB,Itau Unibanco Holding S.A.,1132597,NYSE
AEM,AGNICO EAGLE MINES LTD,2809,NYSE
PNC,"PNC FINANCIAL SERVICES GROUP, INC.",713676,NYSE
GD,GENERAL DYNAMICS CORP,40533,NYSE
ICE,"Intercontinental Exchange, Inc.",1571949,NYSE
WDC,WESTERN DIGITAL CORP,106040,Nasdaq
PBR,PETROBRAS - PETROLEO BRASILEIRO SA,1119639,NYSE
KKR,KKR & Co. Inc.,1404912,NYSE
BNS,BANK OF NOVA SCOTIA,9631,NYSE
RCL,ROYAL CARIBBEAN CRUISES LTD,884887,NYSE
DUK,Duke Energy CORP,1326160,NYSE
CEG,Constellation Energy Corp,1868275,Nasdaq
NKE,"NIKE, Inc.",320187,NYSE
USB,US BANCORP \DE\,36104,NYSE
STX,Seagate Technology Holdings plc,1137789,Nasdaq
ADP,AUTOMATIC DATA PROCESSING INC,8670,Nasdaq
WM,WASTE MANAGEMENT INC,823768,NYSE
BCS,BARCLAYS PLC,312069,NYSE
MMM,3M CO,66740,NYSE
MRSH,"MARSH & MCLENNAN COMPANIES, INC.",62709,NYSE
IAU,ISHARES GOLD TRUST,1278680,NYSE
MAR,MARRIOTT INTERNATIONAL INC /MD/,1048286,Nasdaq
SHW,SHERWIN WILLIAMS CO,89800,NYSE
CM,CANADIAN IMPERIAL BANK OF COMMERCE /CAN/,1045520,NYSE
HWM,Howmet Aerospace Inc.,4281,NYSE
EMR,EMERSON ELECTRIC CO,32604,NYSE
SNDK,Sandisk Corp,2023554,Nasdaq
MGCLY,"Midea Group Co., Ltd./ADR",2039784,OTC
ING,ING GROEP NV,1039765,NYSE
NGG,NATIONAL GRID PLC,1004315,NYSE
CVNA,CARVANA CO.,1690820,NYSE
FDX,FEDEX CORP,1048911,NYSE
FCX,FREEPORT-MCMORAN INC,831259,NYSE
LYG,Lloyds Banking Group plc,1160106,NYSE
SPOT,Spotify Technology S.A.,1639920,NYSE
BK,Bank of New York Mellon Corp,1390777,NYSE
ITW,ILLINOIS TOOL WORKS INC,49826,NYSE
CRH,CRH PUBLIC LTD CO,849395,NYSE
NU,Nu Holdings Ltd.,1691493,NYSE
JCI,Johnson Controls International plc,833444,NYSE
EQIX,EQUINIX INC,1101239,Nasdaq
REGN,"REGENERON PHARMACEUTICALS, INC.",872589,Nasdaq
ECL,ECOLAB INC.,31462,NYSE
WMB,"WILLIAMS COMPANIES, INC.",107263,NYSE
SNPS,SYNOPSYS INC,883241,Nasdaq
CNQ,CANADIAN NATURAL RESOURCES LTD,1017413,NYSE
MCO,MOODYS CORP /DE/,1059556,NYSE
DELL,Dell Technologies Inc.,1571996,NYSE
MNST,Monster Beverage Corp,865752,Nasdaq
AMT,AMERICAN TOWER CORP /MA/,1053507,NYSE
BAM,Brookfield Asset Management Ltd.,1937926,NYSE
ORLY,O REILLY AUTOMOTIVE INC,898173,Nasdaq
CMI,CUMMINS INC,26172,NYSE
NTES,"NetEase, Inc.",1110646,Nasdaq
CTAS,CINTAS CORP,723254,Nasdaq
DASH,"DoorDash, Inc.",1792789,Nasdaq
GM,General Motors Co,1467858,NYSE
CI,Cigna Group,1739940,NYSE
APO,"Apollo Global Management, Inc.",1858681,NYSE
KXIAY,Kioxia Holdings Corporation/ADR,2053383,OTC
MDLZ,"Mondelez International, Inc.",1103982,Nasdaq
CDNS,CADENCE DESIGN SYSTEMS INC,813672,Nasdaq
B,BARRICK MINING CORP,756894,NYSE
CL,COLGATE PALMOLIVE CO,21665,NYSE
ELV,"Elevance Health, Inc.",1156039,NYSE
SLB,SLB LIMITED/NV,87347,NYSE
PWR,"QUANTA SERVICES, INC.",1050915,NYSE
CSX,CSX CORP,277948,Nasdaq
EPD,ENTERPRISE PRODUCTS PARTNERS L.P.,1061219,NYSE
SPG,SIMON PROPERTY GROUP INC.,1063761,NYSE
BAESY,BAE SYSTEMS PLC /FI/,895564,OTC
NSC,NORFOLK SOUTHERN CORP,702165,NYSE
VRT,Vertiv Holdings Co,1674101,NYSE
ABNB,"Airbnb, Inc.",1559720,Nasdaq
HOOD,"Robinhood Markets, Inc.",1783879,Nasdaq
HLT,Hilton Worldwide Holdings Inc.,1585689,NYSE
AON,Aon plc,315293,NYSE
TDG,TransDigm Group INC,1260221,NYSE
CP,CANADIAN PACIFIC KANSAS CITY LTD/CN,16875,NYSE
NWG,NatWest Group plc,844150,NYSE
TFC,TRUIST FINANCIAL CORP,92230,NYSE
DB,DEUTSCHE BANK AKTIENGESELLSCHAFT,1159508,NYSE
MSI,"Motorola Solutions, Inc.",68505,NYSE
COR,"Cencora, Inc.",1140859,NYSE
VALE,Vale S.A.,917851,NYSE
MRVL,"Marvell Technology, Inc.",1835632,Nasdaq
EQNR,EQUINOR ASA,1140625,NYSE
RSG,"REPUBLIC SERVICES, INC.",1060391,NYSE
INFY,Infosys Ltd,1067491,NYSE
KMI,"KINDER MORGAN, INC.",1506307,NYSE
WBD,"Warner Bros. Discovery, Inc.",1437107,Nasdaq
TRV,"TRAVELERS COMPANIES, INC.",86312,NYSE
PCAR,PACCAR INC,75362,Nasdaq
LHX,"L3HARRIS TECHNOLOGIES, INC. /DE/",202058,NYSE
SU,SUNCOR ENERGY INC,311337,NYSE
IFNNY,INFINEON TECHNOLOGIES AG,1107457,OTC
AMX,AMERICA MOVIL SAB DE CV/,1129137,NYSE
AEP,AMERICAN ELECTRIC POWER CO INC,4904,Nasdaq
SE,Sea Ltd,1703399,NYSE
MFC,MANULIFE FINANCIAL CORP,1086888,NYSE
BMWKY,Bayerische Motoren Werke AG/ADR,1446250,OTC
PSX,Phillips 66,1534701,NYSE
FTNT,"Fortinet, Inc.",1262039,Nasdaq
TEL,TE Connectivity plc,1385157,NYSE
APD,"Air Products & Chemicals, Inc.",2969,NYSE
VLO,VALERO ENERGY CORP/TX,1035002,NYSE
E,ENI SPA,1002242,NYSE
TRP,TC ENERGY CORP,1232384,NYSE
CSLLY,CSL LTD,1274152,OTC
AJG,Arthur J. Gallagher & Co.,354190,NYSE
CNI,CANADIAN NATIONAL RAILWAY CO,16868,NYSE
EOG,EOG RESOURCES INC,821189,NYSE
ROST,"ROSS STORES, INC.",745732,Nasdaq
WPM,Wheaton Precious Metals Corp.,1323404,NYSE
ET,Energy Transfer LP,1276187,NYSE
AFL,AFLAC INC,4977,NYSE
MPC,Marathon Petroleum Corp,1510295,NYSE
AZO,AUTOZONE INC,866787,NYSE
NET,"Cloudflare, Inc.",1477333,NYSE
BDX,BECTON DICKINSON & CO,10795,NYSE
DLR,"DIGITAL REALTY TRUST, INC.",1297996,NYSE
RACE,Ferrari N.V.,1648416,NYSE
MPWR,MONOLITHIC POWER SYSTEMS INC,1280452,Nasdaq
BKR,Baker Hughes Co,1701605,Nasdaq
O,REALTY INCOME CORP,726728,NYSE
SNOW,Snowflake Inc.,1640147,NYSE
GWW,"W.W. GRAINGER, INC.",277135,NYSE
URI,"UNITED RENTALS, INC.",1067701,NYSE
SRE,SEMPRA,1032208,NYSE
MPLX,MPLX LP,1552000,NYSE
NXPI,NXP Semiconductors N.V.,1413447,Nasdaq
TAK,TAKEDA PHARMACEUTICAL CO LTD,1395064,NYSE
ZTS,Zoetis Inc.,1555280,NYSE
IMO,IMPERIAL OIL LTD,49938,NYSE
F,FORD MOTOR CO,37996,NYSE
EONGY,E.ON SE,1136808,OTC
FAST,FASTENAL CO,815556,Nasdaq
ALL,ALLSTATE CORP,899051,NYSE
CARR,CARRIER GLOBAL Corp,1783180,NYSE
CAH,CARDINAL HEALTH INC,721371,NYSE
DEO,DIAGEO PLC,835403,NYSE
AME,AMETEK INC/,1037868,NYSE
RELX,RELX PLC,929869,NYSE
D,"DOMINION ENERGY, INC",715957,NYSE
RKT,"Rocket Companies, Inc.",1805284,NYSE
FERG,Ferguson Enterprises Inc. /DE/,2011641,NYSE
AU,AngloGold Ashanti PLC,1973832,NYSE
TGT,TARGET CORP,27419,NYSE
AED,Brand Meditech Ltd,2057673,
CMG,CHIPOTLE MEXICAN GRILL INC,1058090,NYSE
LSEGY,London Stock Exchange Group plc,1842726,OTC
IDXX,IDEXX LABORATORIES INC /DE,874716,Nasdaq
OKE,ONEOK INC /NEW/,1039684,NYSE
ADSK,"Autodesk, Inc.",769397,Nasdaq
FER,Ferrovial SE,1468522,Nasdaq
BIDU,"Baidu, Inc.",1329099,Nasdaq
VST,Vistra Corp.,1692819,NYSE
CBRE,"CBRE GROUP, INC.",1138118,NYSE
AMP,AMERIPRISE FINANCIAL INC,820027,NYSE
PSA,Public Storage,1393311,NYSE
MET,METLIFE INC,1099219,NYSE
ARGX,ARGENX SE,1697862,Nasdaq
EA,ELECTRONIC ARTS INC.,712515,Nasdaq
FITB,FIFTH THIRD BANCORP,35527,Nasdaq
CCJ,CAMECO CORP,1009001,NYSE
DAL,"DELTA AIR LINES, INC.",27904,NYSE
CTVA,"Corteva, Inc.",1755672,NYSE
HLN,Haleon plc,1900304,NYSE
NDAQ,"NASDAQ, INC.",1120193,Nasdaq
PTCAY,PT Chandra Asri Petrochemical Tbk/ADR,1547873,OTC
BSBR,Banco Santander (Brasil) S.A.,1471055,NYSE
FANG,"Diamondback Energy, Inc.",1539838,Nasdaq
GFI,GOLD FIELDS LTD,1172724,NYSE
TER,"TERADYNE, INC",97210,Nasdaq
MT,ArcelorMittal,1243429,NYSE
HSY,HERSHEY CO,47111,NYSE
CCL,CARNIVAL CORP,815097,NYSE
LNG,"Cheniere Energy, Inc.",3570,NYSE
CRWV,"CoreWeave, Inc.",1769628,Nasdaq
ROK,"ROCKWELL AUTOMATION, INC",1024478,NYSE
RBLX,Roblox Corp,1315098,NYSE
EW,Edwards Lifesciences Corp,1099800,NYSE
ABEV,AMBEV S.A.,1565025,NYSE
ASX,"ASE Technology Holding Co., Ltd.",1122411,NYSE
OXY,OCCIDENTAL PETROLEUM CORP /DE/,797468,NYSE
HEI,HEICO CORP,46619,NYSE
TRGP,Targa Resources Corp.,1389170,NYSE
DHI,HORTON D R INC /DE/,882184,NYSE
YUM,YUM BRANDS INC,1041061,NYSE
GALDY,Galderma Group AG/ADR,2021390,OTC
FNV,FRANCO NEVADA Corp,1456346,NYSE
XEL,XCEL ENERGY INC,72903,Nasdaq
EXC,EXELON CORP,1109357,Nasdaq
KR,KROGER CO,56873,NYSE
COIN,"Coinbase Global, Inc.",1679788,Nasdaq
CUK,CARNIVAL PLC,1125259,NYSE
SCMWY,SWISSCOM AG,1069336,OTC
TYHOY,Toyota Tsusho Corporation/ADR,2018139,OTC
NUE,NUCOR CORP,73309,NYSE
ATVK,"Ameritek Ventures, Inc.",1530185,OTC
ETR,ENTERGY CORP /DE/,65984,NYSE
CCEP,COCA-COLA EUROPACIFIC PARTNERS plc,1650107,Nasdaq
WCN,"Waste Connections, Inc.",1318220,NYSE
WDAY,"Workday, Inc.",1327811,Nasdaq
ALNY,"ALNYLAM PHARMACEUTICALS, INC.",1178670,Nasdaq
FIX,COMFORT SYSTEMS USA INC,1035983,NYSE
ARES,Ares Management Corp,1176948,NYSE
COHR,COHERENT CORP.,820318,NYSE
VMC,Vulcan Materials CO,1396009,NYSE
HMC,HONDA MOTOR CO LTD,715153,NYSE
ODFL,"OLD DOMINION FREIGHT LINE, INC.",878927,Nasdaq
AIG,"AMERICAN INTERNATIONAL GROUP, INC.",5272,NYSE
WAB,WESTINGHOUSE AIR BRAKE TECHNOLOGIES CORP,943452,NYSE
BBD,BANK BRADESCO,1160330,NYSE
MSCI,MSCI Inc.,1408198,NYSE
MLM,MARTIN MARIETTA MATERIALS INC,916076,NYSE
SYY,SYSCO CORP,96021,NYSE
JD,"JD.com, Inc.",1549802,Nasdaq
PUK,PRUDENTIAL PLC,1116578,NYSE
MCHP,MICROCHIP TECHNOLOGY INC,827054,Nasdaq
GWLIF,GREAT-WEST LIFECO INC.,850918,OTC
DIA,SPDR DOW JONES INDUSTRIAL AVERAGE ETF TRUST,1041130,NYSE
TEVA,TEVA PHARMACEUTICAL INDUSTRIES LTD,818686,NYSE
PEG,PUBLIC SERVICE ENTERPRISE GROUP INC,788784,NYSE
HIG,"HARTFORD INSURANCE GROUP, INC.",874766,NYSE
KEYS,"Keysight Technologies, Inc.",1601046,NYSE
LVS,LAS VEGAS SANDS CORP,1300514,NYSE
RMD,RESMED INC,943819,NYSE
EBAY,EBAY INC,1065088,Nasdaq
NOK,NOKIA CORP,924613,NYSE
LITE,Lumentum Holdings Inc.,1633978,Nasdaq
MDLN,Medline Inc.,2046386,Nasdaq
KGC,KINROSS GOLD CORP,701818,NYSE
TRI,THOMSON REUTERS CORP /CAN/,1075124,Nasdaq
ONC,BeOne Medicines Ltd.,1651308,Nasdaq
IR,Ingersoll Rand Inc.,1699150,NYSE
DDOG,"Datadog, Inc.",1561550,Nasdaq
HBAN,HUNTINGTON BANCSHARES INC /MD/,49196,Nasdaq
CPRT,COPART INC,900075,Nasdaq
MSTR,Strategy Inc,1050446,Nasdaq
ROP,ROPER TECHNOLOGIES INC,882835,Nasdaq
GRMN,GARMIN LTD,1121788,NYSE
CVE,CENOVUS ENERGY INC.,1475260,NYSE
ALC,ALCON INC,1167379,NYSE
TCOM,Trip.com Group Ltd,1269238,Nasdaq
VTR,"Ventas, Inc.",740260,NYSE
ED,CONSOLIDATED EDISON INC,1047862,NYSE
RKLB,Rocket Lab Corp,1819994,Nasdaq
KDP,Keurig Dr Pepper Inc.,1418135,Nasdaq
DLMAY,Dollarama Inc./ADR,2073893,OTC
FMX,MEXICAN ECONOMIC DEVELOPMENT INC,1061736,NYSE
CIEN,CIENA CORP,936395,NYSE
FRFHF,FAIRFAX FINANCIAL HOLDINGS LTD/ CAN,915191,OTC
GBTC,Grayscale Bitcoin Trust ETF,1588489,NYSE
PYPL,"PayPal Holdings, Inc.",1633917,Nasdaq
ACGL,ARCH CAPITAL GROUP LTD.,947484,Nasdaq
UI,Ubiquiti Inc.,1511737,NYSE
UAL,"United Airlines Holdings, Inc.",100517,Nasdaq
KB,KB Financial Group Inc.,1445930,NYSE
ASTS,"AST SpaceMobile, Inc.",1780312,Nasdaq
CTSH,COGNIZANT TECHNOLOGY SOLUTIONS CORP,1058290,Nasdaq
ERIC,ERICSSON LM TELEPHONE CO,717826,Nasdaq
MTB,M&T BANK CORP,36270,NYSE
STT,STATE STREET CORP,93751,NYSE
A,"AGILENT TECHNOLOGIES, INC.",1090872,NYSE
GEHC,GE HealthCare Technologies Inc.,1932393,Nasdaq
APC,ARKO Petroleum Corp.,2080921,
SLF,SUN LIFE FINANCIAL INC,1097362,NYSE
MDY,SPDR S&P MIDCAP 400 ETF TRUST,936958,NYSE
WEC,"WEC ENERGY GROUP, INC.",783325,NYSE
TTWO,TAKE TWO INTERACTIVE SOFTWARE INC,946581,Nasdaq
PRU,PRUDENTIAL FINANCIAL INC,1137774,NYSE
PCG,PG&E Corp,1004980,NYSE
SYM,Symbotic Inc.,1837240,Nasdaq
RYAAY,RYANAIR HOLDINGS PLC,1038683,Nasdaq
EL,ESTEE LAUDER COMPANIES INC,1001250,NYSE
IX,ORIX CORP,1070304,NYSE
WDS,WOODSIDE ENERGY GROUP LTD,844551,NYSE
CLS,CELESTICA INC,1030894,NYSE
EQT,EQT Corp,33213,NYSE
PAYX,PAYCHEX INC,723531,Nasdaq
VOD,VODAFONE GROUP PUBLIC LTD CO,839923,Nasdaq
CCI,CROWN CASTLE INC.,1051470,NYSE
OTIS,Otis Worldwide Corp,1781335,NYSE
KVUE,Kenvue Inc.,1944048,NYSE
KMB,KIMBERLY CLARK CORP,55785,Nasdaq
XYL,Xylem Inc.,1524472,NYSE
CHLSY,Chocoladefabriken Lindt & Spruengli AG/ADR,1885110,OTC
EME,"EMCOR Group, Inc.",105634,NYSE
VIK,Viking Holdings Ltd,1745201,NYSE
XYZ,"Block, Inc.",1512673,NYSE
RJF,RAYMOND JAMES FINANCIAL INC,720005,NYSE
BE,Bloom Energy Corp,1664703,NYSE
KBGGY,Kongsberg Gruppen ASA/ADR,1535759,OTC
NTR,Nutrien Ltd.,1725964,NYSE
FSNUY,Fresenius SE & Co. KGaA,904868,OTC
NRG,"NRG ENERGY, INC.",1013871,NYSE
FICO,FAIR ISAAC CORP,814547,NYSE
AXON,"AXON ENTERPRISE, INC.",1069183,Nasdaq
LYV,"Live Nation Entertainment, Inc.",1335258,NYSE
FISV,FISERV INC,798354,Nasdaq
QSR,Restaurant Brands International Inc.,1618756,NYSE
CHT,CHUNGHWA TELECOM CO LTD,1132924,NYSE
CPNG,"Coupang, Inc.",1834584,NYSE
DG,DOLLAR GENERAL CORP,29534,NYSE
AMRZ,Amrize Ltd,2035989,NYSE
SATS,EchoStar CORP,1415404,Nasdaq
INSM,INSMED Inc,1104506,Nasdaq
IQV,IQVIA HOLDINGS INC.,1478242,NYSE
ADM,Archer-Daniels-Midland Co,7084,NYSE
WTW,WILLIS TOWERS WATSON PLC,1140536,Nasdaq
HPE,Hewlett Packard Enterprise Co,1645590,NYSE
ESLT,ELBIT SYSTEMS LTD,1027664,Nasdaq
ROL,ROLLINS INC,84839,NYSE
TPR,"TAPESTRY, INC.",1116132,NYSE
SHG,SHINHAN FINANCIAL GROUP CO LTD,1263043,NYSE
EXR,Extra Space Storage Inc.,1289490,NYSE
ULTA,"Ulta Beauty, Inc.",1403568,Nasdaq
LPLA,LPL Financial Holdings Inc.,1397911,Nasdaq
VICI,VICI PROPERTIES INC.,1705696,NYSE
DOV,DOVER Corp,29905,NYSE
TDY,TELEDYNE TECHNOLOGIES INC,1094285,NYSE
VEEV,VEEVA SYSTEMS INC,1393052,NYSE
CHTR,"CHARTER COMMUNICATIONS, INC. /MO/",1091667,Nasdaq
HAL,HALLIBURTON CO,45012,NYSE
STLD,STEEL DYNAMICS INC,1022671,Nasdaq
RSHGY,RESONA HOLDINGS INC,1447391,OTC
BIIB,BIOGEN INC.,875045,Nasdaq
TSCO,TRACTOR SUPPLY CO /DE/,916365,Nasdaq
EXPE,"Expedia Group, Inc.",1324424,Nasdaq
CFG,CITIZENS FINANCIAL GROUP INC/RI,759944,NYSE
KHC,Kraft Heinz Co,1637459,Nasdaq
NTRS,NORTHERN TRUST CORP,73124,Nasdaq
STZ,"CONSTELLATION BRANDS, INC.",16918,NYSE
ALAB,"Astera Labs, Inc.",1736297,Nasdaq
PPG,PPG INDUSTRIES INC,79879,NYSE
CBOE,"Cboe Global Markets, Inc.",1374310,CBOE
LUV,SOUTHWEST AIRLINES CO,92380,NYSE
AEE,AMEREN CORP,1002910,NYSE
ATO,ATMOS ENERGY CORP,731802,NYSE
NTRA,"Natera, Inc.",1604821,Nasdaq
IRM,IRON MOUNTAIN INC,1020569,NYSE
MTD,METTLER TOLEDO INTERNATIONAL INC/,1037646,NYSE
LEN,LENNAR CORP /NEW/,920760,NYSE
BAP,CREDICORP LTD,1001290,NYSE
MDB,"MongoDB, Inc.",1441816,Nasdaq
PHG,KONINKLIJKE PHILIPS NV,313216,NYSE
ASHGY,Ashtead Group plc/ADR,1518258,OTC
DTE,DTE ENERGY CO,936340,NYSE
FTAI,FTAI Aviation Ltd.,1590364,Nasdaq
CQP,"Cheniere Energy Partners, L.P.",1383650,NYSE
KEP,KOREA ELECTRIC POWER CORP,887225,NYSE
ZM,"Zoom Communications, Inc.",1585521,Nasdaq
JBL,JABIL INC,898293,NYSE
FOXA,Fox Corp,1754301,Nasdaq
TME,Tencent Music Entertainment Group,1744676,NYSE
DVN,DEVON ENERGY CORP/DE,1090012,NYSE
DXCM,DEXCOM INC,1093557,Nasdaq
FTS,Fortis Inc.,1666175,NYSE
FIS,"Fidelity National Information Services, Inc.",1136893,NYSE
RF,REGIONS FINANCIAL CORP,1281761,NYSE
SYF,Synchrony Financial,1601712,NYSE
CINF,CINCINNATI FINANCIAL CORP,20286,Nasdaq
STM,STMicroelectronics N.V.,932787,NYSE
FE,FIRSTENERGY CORP,1031296,NYSE
TECK,TECK RESOURCES LTD,886986,NYSE
BNTX,BioNTech SE,1776985,Nasdaq
HUBB,HUBBELL INC,48898,NYSE
WRB,BERKLEY W R CORP,11544,NYSE
NMR,NOMURA HOLDINGS INC,1163653,NYSE
FLUT,Flutter Entertainment plc,1635327,NYSE
ZS,"Zscaler, Inc.",1713683,Nasdaq
ON,ON SEMICONDUCTOR CORP,1097864,Nasdaq
PPL,PPL Corp,922224,NYSE
MKL,MARKEL GROUP INC.,1096343,NYSE
RDDT,"Reddit, Inc.",1713445,NYSE
FCNCA,FIRST CITIZENS BANCSHARES INC /DE/,798941,Nasdaq
SOFI,"SoFi Technologies, Inc.",1818874,Nasdaq
WSM,WILLIAMS SONOMA INC,719955,NYSE
PHM,PULTEGROUP INC/MI/,822416,NYSE
WIT,WIPRO LTD,1123799,NYSE
EXE,EXPAND ENERGY Corp,895126,Nasdaq
EC,ECOPETROL S.A.,1444406,NYSE
CNP,CENTERPOINT ENERGY INC,1130310,NYSE
RPRX,Royalty Pharma plc,1802768,Nasdaq
KEY,KEYCORP /NEW/,91576,NYSE
GIS,GENERAL MILLS INC,40704,NYSE
UMC,UNITED MICROELECTRONICS CORP,1033767,NYSE
ES,EVERSOURCE ENERGY,72741,NYSE
BRO,"BROWN & BROWN, INC.",79282,NYSE
DLTR,"DOLLAR TREE, INC.",935703,Nasdaq
TPL,Texas Pacific Land Corp,1811074,NYSE
DRI,DARDEN RESTAURANTS INC,940944,NYSE
EQR,EQUITY RESIDENTIAL,906107,NYSE
VRSK,"Verisk Analytics, Inc.",1442145,Nasdaq
TEAM,Atlassian Corp,1650372,Nasdaq
AER,AerCap Holdings N.V.,1378789,NYSE
CPAY,"CORPAY, INC.",1175454,NYSE
STE,STERIS plc,1757898,NYSE
AXIA,BRAZILIAN ELECTRIC POWER CO,1439124,NYSE
PBA,PEMBINA PIPELINE CORP,1546066,NYSE
LDOS,"Leidos Holdings, Inc.",1336920,NYSE
EIX,EDISON INTERNATIONAL,827052,NYSE
AVB,AVALONBAY COMMUNITIES INC,915912,NYSE
IP,INTERNATIONAL PAPER CO /NEW/,51434,NYSE
TELNY,TELENOR ASA,1126113,OTC
CHD,CHURCH & DWIGHT CO INC /DE/,313927,NYSE
TW,Tradeweb Markets Inc.,1758730,Nasdaq
CASY,CASEYS GENERAL STORES INC,726958,Nasdaq
CW,CURTISS WRIGHT CORP,26324,NYSE
FTI,TechnipFMC plc,1681459,NYSE
AWK,"American Water Works Company, Inc.",1410636,NYSE
VG,"Venture Global, Inc.",2007855,NYSE
SLV,iShares Silver Trust,1330568,NYSE
EFX,EQUIFAX INC,33185,NYSE
FLEX,FLEX LTD.,866374,Nasdaq
XPO,"XPO, Inc.",1166003,NYSE
FUJIY,FUJI PHOTO FILM CO LTD /FI,800365,OTC
GFS,GLOBALFOUNDRIES Inc.,1709048,Nasdaq
VIV,TELEFONICA BRASIL S.A.,1066119,NYSE
CHRW,"C. H. ROBINSON WORLDWIDE, INC.",1043277,Nasdaq
TS,TENARIS SA,1190723,NYSE
DIDIY,DiDi Global Inc.,1764757,OTC
FSLR,"FIRST SOLAR, INC.",1274494,Nasdaq
BCE,BCE INC,718940,NYSE
PSTG,"Pure Storage, Inc.",1474432,NYSE
CTRA,Coterra Energy Inc.,858470,NYSE
GELHY,Geely Automobile Holdings Limited/ADR,1474968,OTC
HUM,HUMANA INC,49071,NYSE
WWD,"Woodward, Inc.",108312,Nasdaq
PAAS,PAN AMERICAN SILVER CORP,771992,NYSE
KOF,COCA COLA FEMSA SAB DE CV,910631,NYSE
L,LOEWS CORP,60086,NYSE
LH,LABCORP HOLDINGS INC.,920148,NYSE
SW,Smurfit Westrock plc,2005951,NYSE
TSN,"TYSON FOODS, INC.",100493,NYSE
DOW,DOW INC.,1751788,NYSE
WAT,WATERS CORP /DE/,1000697,NYSE
VLTO,Veralto Corp,1967680,NYSE
RGLD,ROYAL GOLD INC,85535,Nasdaq
BCH,BANK OF CHILE,1161125,NYSE
EXPD,EXPEDITORS INTERNATIONAL OF WASHINGTON INC,746515,NYSE
BG,Bunge Global SA,1996862,NYSE
AMCR,Amcor plc,1748790,NYSE
CMS,CMS ENERGY CORP,811156,NYSE
OMC,OMNICOM GROUP INC.,29989,NYSE
UTHR,UNITED THERAPEUTICS Corp,1082554,Nasdaq
TU,TELUS CORP,868675,NYSE
RBA,RB GLOBAL INC.,1046102,NYSE
NVR,NVR INC,906163,NYSE
HKHHY,HEINEKEN HOLDING N V,1142231,OTC
IHG,INTERCONTINENTAL HOTELS GROUP PLC /NEW/,858446,NYSE
JBHT,HUNT J B TRANSPORT SERVICES INC,728535,Nasdaq
PFG,PRINCIPAL FINANCIAL GROUP INC,1126328,Nasdaq
NBIS,Nebius Group N.V.,1513845,Nasdaq
PKG,PACKAGING CORP OF AMERICA,75677,NYSE
EDPFY,EDP ENERGIAS DE PORTUGAL SA,1039610,OTC
DGX,QUEST DIAGNOSTICS INC,1022079,NYSE
CSGP,"COSTAR GROUP, INC.",1057352,Nasdaq
INCY,INCYTE CORP,879169,Nasdaq
CG,Carlyle Group Inc.,1527166,Nasdaq
BR,"BROADRIDGE FINANCIAL SOLUTIONS, INC.",1383312,NYSE
FWONA,Liberty Media Corp,1560385,Nasdaq
BEKE,KE Holdings Inc.,1809587,NYSE
FUTU,Futu Holdings Ltd,1754581,Nasdaq
TPG,TPG Inc.,1880661,Nasdaq
STLA,Stellantis N.V.,1605484,NYSE
VRSN,VERISIGN INC/CA,1014473,Nasdaq
NI,NISOURCE INC.,1111711,NYSE
AS,"Amer Sports, Inc.",1988894,NYSE
RL,RALPH LAUREN CORP,1037038,NYSE
TROW,PRICE T ROWE GROUP INC,1113169,Nasdaq
GPC,GENUINE PARTS CO,40987,NYSE
NTAP,"NetApp, Inc.",1002047,Nasdaq
Q,"Qnity Electronics, Inc.",2058873,NYSE
SMCI,"Super Micro Computer, Inc.",1375365,Nasdaq
LULU,lululemon athletica inc.,1397187,Nasdaq
YUMC,"Yum China Holdings, Inc.",1673358,NYSE
MTZ,MASTEC INC,15615,NYSE
SQM,CHEMICAL & MINING CO OF CHILE INC,909037,NYSE
GPN,GLOBAL PAYMENTS INC,1123360,NYSE
CIB,Grupo Cibest S.A.,2058897,NYSE
USFD,US Foods Holding Corp.,1665918,NYSE
TLK,PERUSAHAAN PERSEROAN PERSERO PT TELEKOMUNIKASI INDONESIA TBK,1001807,NYSE
SGI,SOMNIGROUP INTERNATIONAL INC.,1206264,NYSE
CRDO,Credo Technology Group Holding Ltd,1807794,Nasdaq
CYBR,CyberArk Software Ltd.,1598110,Nasdaq
SOAGY,Sartorius AG/ADR,1715801,OTC
RCI,ROGERS COMMUNICATIONS INC,733099,NYSE
BEP,Brookfield Renewable Partners L.P.,1533232,NYSE
EXAS,EXACT SCIENCES CORP,1124140,Nasdaq
DD,"DuPont de Nemours, Inc.",1666700,NYSE
BURL,"Burlington Stores, Inc.",1579298,NYSE
OWL,BLUE OWL CAPITAL INC.,1823945,NYSE
SBS,COMPANHIA DE SANEAMENTO BASICO DO ESTADO DE SAO PAULO-SABESP,1170858,NYSE
CHKP,CHECK POINT SOFTWARE TECHNOLOGIES LTD,1015922,Nasdaq
CKHGF,Capitec Bank Holdings Ltd / ADR,1469059,OTC
SNA,Snap-on Inc,91440,NYSE
SBAC,SBA COMMUNICATIONS CORP,1034054,Nasdaq
LI,Li Auto Inc.,1791706,Nasdaq
WY,WEYERHAEUSER CO,106535,NYSE
IFF,INTERNATIONAL FLAVORS & FRAGRANCES INC,51253,NYSE
ALB,ALBEMARLE CORP,915913,NYSE
APG,APi Group Corp,1796209,NYSE
PKX,POSCO HOLDINGS INC.,889132,NYSE
FTV,Fortive Corp,1659166,NYSE
GMAB,GENMAB A/S,1434265,Nasdaq
SSNC,SS&C Technologies Holdings Inc,1402436,Nasdaq
RVMD,"Revolution Medicines, Inc.",1628171,Nasdaq
CNC,CENTENE CORP,1071739,NYSE
AFRM,"Affirm Holdings, Inc.",1820953,Nasdaq
DKS,"DICK'S SPORTING GOODS, INC.",1089063,NYSE
CDW,CDW Corp,1402057,Nasdaq
LTM,LATAM AIRLINES GROUP S.A.,1047716,NYSE
PTC,PTC INC.,857005,Nasdaq
ZTO,ZTO Express (Cayman) Inc.,1677250,NYSE
LII,LENNOX INTERNATIONAL INC,1069202,NYSE
RS,"RELIANCE, INC.",861884,NYSE
ENTG,ENTEGRIS INC,1101302,Nasdaq
ATI,ATI INC,1018963,NYSE
ILMN,"ILLUMINA, INC.",1110803,Nasdaq
HPQ,HP INC,47217,NYSE
NXT,Nextpower Inc.,1852131,Nasdaq
CRS,CARPENTER TECHNOLOGY CORP,17843,NYSE
NVT,nVent Electric plc,1720635,NYSE
WTKWY,WOLTERS KLUWER N V /FI,861967,OTC
RIVN,"Rivian Automotive, Inc. / DE",1874178,Nasdaq
MKC,MCCORMICK & CO INC,63754,NYSE
BALL,BALL Corp,9389,NYSE
BWXT,"BWX Technologies, Inc.",1486957,NYSE
FN,Fabrinet,1408710,NYSE
ROIV,Roivant Sciences Ltd.,1635088,Nasdaq
APTV,Aptiv PLC,1521332,NYSE
PHYS,Sprott Physical Gold Trust,1477049,NYSE
WST,WEST PHARMACEUTICAL SERVICES INC,105770,NYSE
NJDCY,NIDEC CORP,1158967,OTC
ESS,"ESSEX PROPERTY TRUST, INC.",920522,NYSE
ZBH,"ZIMMER BIOMET HOLDINGS, INC.",1136869,NYSE
ITT,ITT INC.,216228,NYSE
THC,TENET HEALTHCARE CORP,70318,NYSE
GIB,CGI INC,1061574,NYSE
CX,CEMEX SAB DE CV,1076378,NYSE
LYB,LyondellBasell Industries N.V.,1489393,NYSE
MTSI,"MACOM Technology Solutions Holdings, Inc.",1493594,Nasdaq
EVRG,"Evergy, Inc.",1711269,Nasdaq
TWLO,TWILIO INC,1447669,NYSE
BIP,Brookfield Infrastructure Partners L.P.,1406234,NYSE
J,JACOBS SOLUTIONS INC.,52988,NYSE
JBS,JBS N.V.,1791942,NYSE
LPGCY,Laopu Gold Co. Ltd./ADR,2068440,OTC
GRAB,Grab Holdings Ltd,1855612,Nasdaq
TKO,"TKO Group Holdings, Inc.",1973266,NYSE
CSL,CARLISLE COMPANIES INC,790051,NYSE
WF,WOORI FINANCIAL GROUP INC.,1264136,NYSE
BSAC,BANCO SANTANDER CHILE,1027552,NYSE
XPEV,XPENG INC.,1810997,NYSE
RBC,RBC Bearings INC,1324948,NYSE
LNT,ALLIANT ENERGY CORP,352541,Nasdaq
WSO,WATSCO INC,105016,NYSE
PODD,INSULET CORP,1145197,Nasdaq
TXT,TEXTRON INC,217346,NYSE
EWBC,EAST WEST BANCORP INC,1069157,Nasdaq
DECK,DECKERS OUTDOOR CORP,910521,NYSE
VTRS,Viatris Inc,1792044,Nasdaq
AGI,ALAMOS GOLD INC,1178819,NYSE
WES,"Western Midstream Partners, LP",1423902,NYSE
HOLX,HOLOGIC INC,859737,Nasdaq
LECO,LINCOLN ELECTRIC HOLDINGS INC,59527,Nasdaq
SN,"SharkNinja, Inc.",1957132,NYSE
COO,"COOPER COMPANIES, INC.",711404,Nasdaq
MKSI,MKS INC,1049502,Nasdaq
TOST,"Toast, Inc.",1650164,NYSE
RTO,RENTOKIL INITIAL PLC /FI,930157,NYSE
QXO,"QXO, Inc.",1236275,NYSE
JLL,JONES LANG LASALLE INC,1037976,NYSE
YPF,YPF SOCIEDAD ANONIMA,904851,NYSE
NDSN,NORDSON CORP,72331,Nasdaq
SUI,SUN COMMUNITIES INC,912593,NYSE
NLY,ANNALY CAPITAL MANAGEMENT INC,1043219,NYSE
INVH,Invitation Homes Inc.,1687229,NYSE
FFIV,"F5, INC.",1048695,Nasdaq
MRNA,"Moderna, Inc.",1682852,Nasdaq
HTHT,H World Group Ltd,1483994,Nasdaq
PNR,PENTAIR plc,77360,NYSE
KTOS,"KRATOS DEFENSE & SECURITY SOLUTIONS, INC.",1069258,Nasdaq
IEX,IDEX CORP /DE/,832101,NYSE
PSLV,Sprott Physical Silver Trust,1494728,NYSE
MAA,MID AMERICA APARTMENT COMMUNITIES INC.,912595,NYSE
TLN,Talen Energy Corp,1622536,Nasdaq
TRMB,TRIMBLE INC.,864749,Nasdaq
NPXYY,Nippon Sanso Holdings Corporation/ADR,2019040,OTC
CRBG,"Corebridge Financial, Inc.",1889539,NYSE
TSEM,TOWER SEMICONDUCTOR LTD,928876,Nasdaq
FNF,"Fidelity National Financial, Inc.",1331875,NYSE
HII,"HUNTINGTON INGALLS INDUSTRIES, INC.",1501585,NYSE
WPC,W. P. Carey Inc.,1025378,NYSE
H,Hyatt Hotels Corp,1468174,NYSE
CNH,CNH Industrial N.V.,1567094,NYSE
ALLE,Allegion plc,1579241,NYSE
PUGBY,Puig Brands S.A./ADR,2029472,OTC
GGG,GRACO INC,42888,NYSE
OKTA,"Okta, Inc.",1660134,Nasdaq
PNFP,"Pinnacle Financial Partners, Inc.",2082866,NYSE
WCC,WESCO INTERNATIONAL INC,929008,NYSE
GFL,GFL Environmental Inc.,1780232,NYSE
MGA,MAGNA INTERNATIONAL INC,749098,NYSE
MEDP,"Medpace Holdings, Inc.",1668397,Nasdaq
HL,HECLA MINING CO/DE/,719413,NYSE
AA,Alcoa Corp,1675149,NYSE
ARNNY,ASR Nederland N.V./ADR,1719117,OTC
MAS,MASCO CORP /DE/,62996,NYSE
WMG,Warner Music Group Corp.,1319161,Nasdaq
TYL,TYLER TECHNOLOGIES INC,860731,NYSE
CF,"CF Industries Holdings, Inc.",1324404,NYSE
ERIE,ERIE INDEMNITY CO,922621,Nasdaq
RPM,RPM INTERNATIONAL INC/DE/,110621,NYSE
GEN,Gen Digital Inc.,849399,Nasdaq
RGA,REINSURANCE GROUP OF AMERICA INC,898174,NYSE
EMA,EMERA INC,1127248,NYSE
KSPI,Joint Stock Co Kaspi.kz,1985487,Nasdaq
AVY,Avery Dennison Corp,8818,NYSE
PFGC,Performance Food Group Co,1618673,NYSE
BBY,BEST BUY CO INC,764478,NYSE
KIM,KIMCO REALTY CORP,879101,NYSE
SNN,SMITH & NEPHEW PLC,845982,NYSE
IOT,Samsara Inc.,1642896,NYSE
BLD,TopBuild Corp,1633931,NYSE
CLX,CLOROX CO /DE/,21076,NYSE
CRCL,"Circle Internet Group, Inc.",1876042,NYSE
TOL,"Toll Brothers, Inc.",794170,NYSE
PAC,Pacific Airport Group,1347557,NYSE
ULS,UL Solutions Inc.,1901440,NYSE
ONON,On Holding AG,1858985,NYSE
TRU,TransUnion,1552033,NYSE
CLH,CLEAN HARBORS INC,822818,NYSE
BEN,FRANKLIN RESOURCES INC,38777,NYSE
UDR,"UDR, Inc.",74208,NYSE
NBIX,NEUROCRINE BIOSCIENCES INC,914475,Nasdaq
FMS,Fresenius Medical Care AG,1333141,NYSE
RRX,REGAL REXNORD CORP,82811,NYSE
IONS,IONIS PHARMACEUTICALS INC,874015,Nasdaq
VNOM,"Viper Energy, Inc.",2074176,Nasdaq
SNX,TD SYNNEX CORP,1177394,NYSE
DSEEY,Daiwa Securities Group Inc.,1481045,OTC
UHS,UNIVERSAL HEALTH SERVICES INC,352915,NYSE
RNR,RENAISSANCERE HOLDINGS LTD,913144,NYSE
SWK,"STANLEY BLACK & DECKER, INC.",93556,NYSE
REG,REGENCY CENTERS CORP,910606,Nasdaq
ARCC,ARES CAPITAL CORP,1287750,Nasdaq
LYTHF,Lytus Technologies Holdings PTV. Ltd.,1816319,OTC
EVR,Evercore Inc.,1360901,NYSE
BF-A,BROWN FORMAN CORP,14693,NYSE
EG,"EVEREST GROUP, LTD.",1095073,NYSE
BLDR,"Builders FirstSource, Inc.",1316835,NYSE
CDE,"Coeur Mining, Inc.",215466,NYSE
OHI,OMEGA HEALTHCARE INVESTORS INC,888491,NYSE
IREN,IREN Ltd,1878848,Nasdaq
HRL,HORMEL FOODS CORP /DE/,48465,NYSE
JHX,James Hardie Industries plc,1159152,NYSE
CACI,CACI INTERNATIONAL INC /DE/,16058,NYSE
PAA,PLAINS ALL AMERICAN PIPELINE LP,1070423,Nasdaq
AKAM,AKAMAI TECHNOLOGIES INC,1086222,Nasdaq
ZG,"ZILLOW GROUP, INC.",1617640,Nasdaq
NVMI,NOVA LTD.,1109345,Nasdaq
WMS,"ADVANCED DRAINAGE SYSTEMS, INC.",1604028,NYSE
ALGN,ALIGN TECHNOLOGY INC,1097149,Nasdaq
SOLV,Solventum Corp,1964738,NYSE
CNA,CNA FINANCIAL CORP,21175,NYSE
ASND,Ascendis Pharma A/S,1612042,Nasdaq
LAMR,LAMAR ADVERTISING CO/NEW,1090425,Nasdaq
LOGI,LOGITECH INTERNATIONAL S.A.,1032975,Nasdaq
HST,"HOST HOTELS & RESORTS, INC.",1070750,Nasdaq
RGC,Regencell Bioscience Holdings Ltd,1829667,Nasdaq
GDDY,GoDaddy Inc.,1609711,NYSE
DPZ,DOMINOS PIZZA INC,1286681,Nasdaq
PEN,Penumbra Inc,1321732,NYSE
PINS,"PINTEREST, INC.",1506293,NYSE
ACM,AECOM,868857,NYSE
SF,STIFEL FINANCIAL CORP,720672,NYSE
BJ,"BJ's Wholesale Club Holdings, Inc.",1531152,NYSE
DKNG,DraftKings Inc.,1883685,Nasdaq
GH,"Guardant Health, Inc.",1576280,Nasdaq
TTD,"Trade Desk, Inc.",1671933,Nasdaq
GIL,Gildan Activewear Inc.,1061894,NYSE
OVV,Ovintiv Inc.,1792580,NYSE
HAS,"HASBRO, INC.",46080,Nasdaq
ALLY,Ally Financial Inc.,40729,NYSE
ELS,EQUITY LIFESTYLE PROPERTIES INC,895417,NYSE
MLI,MUELLER INDUSTRIES INC,89439,NYSE
DTM,"DT Midstream, Inc.",1842022,NYSE
AMH,American Homes 4 Rent,1562401,NYSE
NWSA,NEWS CORP,1564708,Nasdaq
EQH,"Equitable Holdings, Inc.",1333986,NYSE
CCK,"CROWN HOLDINGS, INC.",1219601,NYSE
CELH,"Celsius Holdings, Inc.",1341766,Nasdaq
DLAKY,DEUTSCHE LUFTHANSA A G /FI,1049724,OTC
BBIO,"BridgeBio Pharma, Inc.",1743881,Nasdaq
FHN,FIRST HORIZON CORP,36966,NYSE
AVAV,AeroVironment Inc,1368622,Nasdaq
EMBJ,EMBRAER S.A.,1355444,NYSE
BILI,Bilibili Inc.,1723690,Nasdaq
GLPI,"Gaming & Leisure Properties, Inc.",1575965,Nasdaq
ZBRA,ZEBRA TECHNOLOGIES CORP,877212,Nasdaq
NIO,NIO Inc.,1736541,NYSE
HMY,HARMONY GOLD MINING CO LTD,1023514,NYSE
UNM,Unum Group,5513,NYSE
TXRH,"Texas Roadhouse, Inc.",1289460,Nasdaq
ROKU,"ROKU, INC",1428439,Nasdaq
AGNC,AGNC Investment Corp.,1423689,Nasdaq
DCI,DONALDSON Co INC,29644,NYSE
KRMN,Karman Holdings Inc.,2040127,NYSE
PR,Permian Resources Corp,1658566,NYSE
JKHY,JACK HENRY & ASSOCIATES INC,779152,Nasdaq
IONQ,"IonQ, Inc.",1824920,NYSE
RYAN,"RYAN SPECIALTY HOLDINGS, INC.",1849253,NYSE
CRRFY,CARREFOUR SA,1078642,OTC
ELAN,Elanco Animal Health Inc,1739104,NYSE
BNT,Brookfield Wealth Solutions Ltd.,1837429,NYSE
STRL,"STERLING INFRASTRUCTURE, INC.",874238,Nasdaq
WLK,WESTLAKE CORP,1262823,NYSE
AIZ,"ASSURANT, INC.",1267238,NYSE
WYNN,WYNN RESORTS LTD,1174922,Nasdaq
HUBS,HUBSPOT INC,1404655,NYSE
AMKR,"AMKOR TECHNOLOGY, INC.",1047127,Nasdaq
JEF,Jefferies Financial Group Inc.,96223,NYSE
HLI,"HOULIHAN LOKEY, INC.",1302215,NYSE
W,Wayfair Inc.,1616707,NYSE
YARIY,YARA INTERNATIONAL ASA,1279956,OTC
AEG,AEGON LTD.,769218,NYSE
DY,DYCOM INDUSTRIES INC,67215,NYSE
SUZ,Suzano S.A.,909327,NYSE
IVZ,Invesco Ltd.,914208,NYSE
SCI,SERVICE CORP INTERNATIONAL,89089,NYSE
UUGRY,United Utilities Group plc,1440130,OTC
PMDIY,Pro Medicus Ltd./ADR,2013003,OTC
MICC,Magnum Ice Cream Co N.V.,2071668,NYSE
GL,GLOBE LIFE INC.,320335,NYSE
GMED,GLOBUS MEDICAL INC,1237831,NYSE
IT,GARTNER INC,749251,NYSE
LSCC,LATTICE SEMICONDUCTOR CORP,855658,Nasdaq
RDY,DR REDDYS LABORATORIES LTD,1135951,NYSE
EXEL,"EXELIXIS, INC.",939767,Nasdaq
SBSW,Sibanye Stillwater Ltd,1786909,NYSE
WBS,WEBSTER FINANCIAL CORP,801337,NYSE
RVTY,"REVVITY, INC.",31791,NYSE
DOC,"HEALTHPEAK PROPERTIES, INC.",765880,NYSE
ICLR,ICON PLC,1060955,Nasdaq
TIMB,TIM S.A.,1826168,NYSE
SJM,J M SMUCKER Co,91419,NYSE
PSKY,Paramount Skydance Corp,2041610,Nasdaq
CHWY,"Chewy, Inc.",1766502,NYSE
STN,STANTEC INC,1131383,NYSE
RMBS,RAMBUS INC,917273,Nasdaq
ENSG,"ENSIGN GROUP, INC",1125376,Nasdaq
EQX,Equinox Gold Corp.,1756607,NYSE
BXP,"BXP, Inc.",1037540,NYSE
AES,AES CORP,874761,NYSE
CPT,CAMDEN PROPERTY TRUST,906345,NYSE
CNM,"Core & Main, Inc.",1856525,NYSE
OC,Owens Corning,1370946,NYSE
MOD,MODINE MANUFACTURING CO,67347,NYSE
IAG,IAMGOLD CORP,1203464,NYSE
CR,Crane Co,1944013,NYSE
BWA,BORGWARNER INC,908255,NYSE
RNA,"Avidity Biosciences, Inc.",1599901,Nasdaq
GME,GameStop Corp.,1326380,NYSE
PNW,PINNACLE WEST CAPITAL CORP,764622,NYSE
TIGO,MILLICOM INTERNATIONAL CELLULAR SA,912958,Nasdaq
FLS,FLOWSERVE CORP,30625,NYSE
BAX,BAXTER INTERNATIONAL INC,10456,NYSE
FIVE,"FIVE BELOW, INC",1177609,Nasdaq
BMRN,BIOMARIN PHARMACEUTICAL INC,1048477,Nasdaq
SMMT,Summit Therapeutics Inc.,1599298,Nasdaq
ASR,SOUTHEAST AIRPORT GROUP,1123452,NYSE
OKLO,Oklo Inc.,1849056,NYSE
AOS,SMITH A O CORP,91142,NYSE
NYT,NEW YORK TIMES CO,71691,NYSE
SPXC,"SPX Technologies, Inc.",88205,NYSE
SAIA,SAIA INC,1177702,Nasdaq
AIT,APPLIED INDUSTRIAL TECHNOLOGIES INC,109563,NYSE
SITM,SITIME Corp,1451809,Nasdaq
PAG,"PENSKE AUTOMOTIVE GROUP, INC.",1019849,NYSE
BAH,Booz Allen Hamilton Holding Corp,1443646,NYSE
OSK,OSHKOSH CORP,775158,NYSE
DINO,HF Sinclair Corp,1915657,NYSE
AFG,AMERICAN FINANCIAL GROUP INC,1042046,NYSE
OBICY,"OBIC Co., Ltd./ADR",2077146,OTC
SKM,SK TELECOM CO LTD,1015650,NYSE
NCLTY,"Nitori Holdings Co., Ltd.",1801729,OTC
GWRE,"Guidewire Software, Inc.",1528396,NYSE
FIG,"Figma, Inc.",1579878,NYSE
NTNX,"Nutanix, Inc.",1618732,Nasdaq
MP,MP Materials Corp. / DE,1801368,NYSE
CFLT,"Confluent, Inc.",1699838,Nasdaq
MDGL,"MADRIGAL PHARMACEUTICALS, INC.",1157601,Nasdaq
SSB,SouthState Bank Corp,764038,NYSE
SUN,Sunoco LP,1552275,NYSE
GAP,GAP INC,39911,NYSE
WTFC,WINTRUST FINANCIAL CORP,1015328,Nasdaq
AG,FIRST MAJESTIC SILVER CORP,1308648,NYSE
TTEK,TETRA TECH INC,831641,Nasdaq
GNRC,GENERAC HOLDINGS INC.,1474735,NYSE
U,Unity Software Inc.,1810806,NYSE
WTS,WATTS WATER TECHNOLOGIES INC,795403,NYSE
EHC,Encompass Health Corp,785161,NYSE
NCLH,Norwegian Cruise Line Holdings Ltd.,1513761,NYSE
AR,ANTERO RESOURCES Corp,1433270,NYSE
WTRG,"Essential Utilities, Inc.",78128,NYSE
LKNCY,Luckin Coffee Inc.,1767582,OTC
JCYGY,Jardine Cycle & Carriage Ltd.,1289688,OTC
COKE,"Coca-Cola Consolidated, Inc.",317540,Nasdaq
QGEN,QIAGEN N.V.,1015820,NYSE
BPYPP,Brookfield Property Partners L.P.,1545772,Nasdaq
EDU,New Oriental Education & Technology Group Inc.,1372920,NYSE
TECH,BIO-TECHNE Corp,842023,Nasdaq
EPAM,"EPAM Systems, Inc.",1352010,NYSE
DDS,"DILLARD'S, INC.",28917,NYSE
WAL,WESTERN ALLIANCE BANCORPORATION,1212545,NYSE
YMM,Full Truck Alliance Co. Ltd.,1838413,NYSE
DRS,"Leonardo DRS, Inc.",1833756,Nasdaq
ONTO,ONTO INNOVATION INC.,704532,NYSE
SEIC,SEI INVESTMENTS CO,350894,Nasdaq
ORI,OLD REPUBLIC INTERNATIONAL CORP,74260,NYSE
AEIS,ADVANCED ENERGY INDUSTRIES INC,927003,Nasdaq
PPC,PILGRIMS PRIDE CORP,802481,Nasdaq
SOLS,Solstice Advanced Materials Inc.,2064953,Nasdaq
MOG-A,MOOG INC.,67887,NYSE
KT,KT CORP,892450,NYSE
MGM,MGM Resorts International,789570,NYSE
TAP,MOLSON COORS BEVERAGE CO,24545,NYSE
RBRK,"Rubrik, Inc.",1943896,NYSE
UMBF,UMB FINANCIAL CORP,101382,Nasdaq
TTMI,TTM TECHNOLOGIES INC,1116942,Nasdaq
SARO,"StandardAero, Inc.",2025410,NYSE
ARMK,Aramark,1584509,NYSE
DT,"Dynatrace, Inc.",1773383,NYSE
JOBY,"Joby Aviation, Inc.",1819848,NYSE
EGP,EASTGROUP PROPERTIES INC,49600,NYSE
ONB,OLD NATIONAL BANCORP /IN/,707179,Nasdaq
TFII,TFI International Inc.,1588823,NYSE
AYI,ACUITY INC. (DE),1144215,NYSE
AAL,American Airlines Group Inc.,6201,Nasdaq
XP,XP Inc.,1787425,Nasdaq
CAE,CAE INC,1173382,NYSE
JAZZ,Jazz Pharmaceuticals plc,1232524,Nasdaq
BSY,BENTLEY SYSTEMS INC,1031308,Nasdaq
ACI,"Albertsons Companies, Inc.",1646972,NYSE
POOL,POOL CORP,945841,Nasdaq
AGCO,AGCO CORP /DE,880266,NYSE
APA,APA Corp,1841666,Nasdaq
HBM,Hudbay Minerals Inc.,1322422,NYSE
KNX,Knight-Swift Transportation Holdings Inc.,1492691,NYSE
TEM,"Tempus AI, Inc.",1717115,Nasdaq
BPOP,"POPULAR, INC.",763901,Nasdaq
APLD,Applied Digital Corp.,1144879,Nasdaq
ARE,"ALEXANDRIA REAL ESTATE EQUITIES, INC.",1035443,NYSE
ALSN,Allison Transmission Holdings Inc,1411207,NYSE
HSIC,HENRY SCHEIN INC,1000228,Nasdaq
LINE,"Lineage, Inc.",1868159,Nasdaq
KNSL,"Kinsale Capital Group, Inc.",1669162,NYSE
ZION,"ZIONS BANCORPORATION, NATIONAL ASSOCIATION /UT/",109380,Nasdaq
SFD,SMITHFIELD FOODS INC,91388,Nasdaq
TTC,TORO CO,737758,NYSE
COLB,"COLUMBIA BANKING SYSTEM, INC.",887343,Nasdaq
FNMA,FEDERAL NATIONAL MORTGAGE ASSOCIATION FANNIE MAE,310522,OTC
IDCC,"InterDigital, Inc.",1405495,Nasdaq
ALV,AUTOLIV INC,1034670,NYSE
HALO,"HALOZYME THERAPEUTICS, INC.",1159036,Nasdaq
MINBY,MINEBEA MITSUMI Inc.,1034983,OTC
CEF,Sprott Physical Gold & Silver Trust,1726122,NYSE
BZLFY,BUNZL PLC,1072397,OTC
UHAL,U-Haul Holding Co /NV/,4457,NYSE
DOCU,"DOCUSIGN, INC.",1261333,Nasdaq
DVA,DAVITA INC.,927066,NYSE
CFR,"CULLEN/FROST BANKERS, INC.",39263,NYSE
BVN,BUENAVENTURA MINING CO INC,1013131,NYSE
BROS,Dutch Bros Inc.,1866581,NYSE
SPIIY,SPIE SA/ADR,2083221,OTC
BMNR,"BITMINE IMMERSION TECHNOLOGIES, INC.",1829311,NYSE
ARWR,"ARROWHEAD PHARMACEUTICALS, INC.",879407,Nasdaq
VMI,VALMONT INDUSTRIES INC,102729,NYSE
GTLS,CHART INDUSTRIES INC,892553,NYSE
CRL,"CHARLES RIVER LABORATORIES INTERNATIONAL, INC.",1100682,NYSE
GDS,GDS Holdings Ltd,1526125,Nasdaq
SWKS,"SKYWORKS SOLUTIONS, INC.",4127,Nasdaq
REXR,"Rexford Industrial Realty, Inc.",1571283,NYSE
CAG,CONAGRA BRANDS INC.,23217,NYSE
CMC,COMMERCIAL METALS Co,22444,NYSE
ABVX,Abivax S.A.,1956827,Nasdaq
AXSM,"Axsome Therapeutics, Inc.",1579428,Nasdaq
FRT,FEDERAL REALTY INVESTMENT TRUST,34903,NYSE
AM,Antero Midstream Corp,1623925,NYSE
USO,"United States Oil Fund, LP",1327068,NYSE
AMTM,"Amentum Holdings, Inc.",2011286,NYSE
AHR,"American Healthcare REIT, Inc.",1632970,NYSE
CART,Maplebear Inc.,1579091,Nasdaq
KAIKY,Kawasaki Kisen Kaisha Ltd,1447126,OTC
IESC,"IES Holdings, Inc.",1048268,Nasdaq
MOS,MOSAIC CO,1285785,NYSE
OGE,OGE ENERGY CORP.,1021635,NYSE
PRI,"Primerica, Inc.",1475922,NYSE
COMP,"Compass, Inc.",1563190,NYSE
LKQ,LKQ CORP,1065696,Nasdaq
VARRY,Var Energi ASA/ADR,1919275,OTC
R,RYDER SYSTEM INC,85961,NYSE
ATR,"APTARGROUP, INC.",896622,NYSE
IBP,"Installed Building Products, Inc.",1580905,NYSE
PRAX,"Praxis Precision Medicines, Inc.",1689548,Nasdaq
VIPS,Vipshop Holdings Ltd,1529192,NYSE
ZWS,Zurn Elkay Water Solutions Corp,1439288,NYSE
FIGR,"Figure Technology Solutions, Inc.",2064124,Nasdaq
EMN,EASTMAN CHEMICAL CO,915389,NYSE
SNAP,Snap Inc,1564408,NYSE
CUBE,CubeSmart,1298675,NYSE
JBTM,JBT Marel Corp,1433660,NYSE
MANH,MANHATTAN ASSOCIATES INC,1056696,Nasdaq
RRC,RANGE RESOURCES CORP,315852,NYSE
LFUS,LITTELFUSE INC /DE,889331,Nasdaq
CTRE,"CareTrust REIT, Inc.",1590717,NYSE
BRX,Brixmor Property Group Inc.,1581068,NYSE
PRIM,Primoris Services Corp,1361538,NYSE
AMG,"AFFILIATED MANAGERS GROUP, INC.",1004434,NYSE
BOKF,BOK FINANCIAL CORP,875357,Nasdaq
AWI,ARMSTRONG WORLD INDUSTRIES INC,7431,NYSE
ADC,AGREE REALTY CORP,917251,NYSE
CPB,CAMPBELL'S Co,16732,Nasdaq
BZ,Kanzhun Ltd,1842827,Nasdaq
TX,Ternium S.A.,1342874,NYSE
CLF,CLEVELAND-CLIFFS INC.,764065,NYSE
NGD,New Gold Inc. /FI,800166,NYSE
LAD,LITHIA MOTORS INC,1023128,NYSE
JXN,Jackson Financial Inc.,1822993,NYSE
GGB,GERDAU S.A.,1073404,NYSE
AXS,AXIS CAPITAL HOLDINGS LTD,1214816,NYSE
ESAB,ESAB Corp,1877322,NYSE
EQPT,EquipmentShare.com Inc,1693736,Nasdaq
AUR,"Aurora Innovation, Inc.",1828108,Nasdaq
SAIL,"SailPoint, Inc.",2030781,Nasdaq
LUMN,"Lumen Technologies, Inc.",18926,NYSE
ARW,"ARROW ELECTRONICS, INC.",7536,NYSE
VIRT,"Virtu Financial, Inc.",1592386,NYSE
ENLT,Enlight Renewable Energy Ltd.,1922641,Nasdaq
MHK,MOHAWK INDUSTRIES INC,851968,NYSE
SANM,SANMINA CORP,897723,Nasdaq
MIDD,MIDDLEBY Corp,769520,Nasdaq
FR,FIRST INDUSTRIAL REALTY TRUST INC,921825,NYSE
SOTGY,Sunny Optical Technology (Group) Co Limited/ADR,1601992,OTC
BIO,"BIO-RAD LABORATORIES, INC.",12208,NYSE
NFG,NATIONAL FUEL GAS CO,70145,NYSE
NNN,"NNN REIT, INC.",751364,NYSE
CBSH,COMMERCE BANCSHARES INC /MO/,22356,Nasdaq
CAVA,"CAVA GROUP, INC.",1639438,NYSE
CHYM,"Chime Financial, Inc.",1795586,Nasdaq
SSD,"Simpson Manufacturing Co., Inc.",920371,NYSE
FCFS,"FirstCash Holdings, Inc.",840489,Nasdaq
DOX,AMDOCS LTD,1062579,Nasdaq
PCVX,"Vaxcyte, Inc.",1649094,Nasdaq
GGAL,GRUPO FINANCIERO GALICIA SA,1114700,Nasdaq
LEVI,LEVI STRAUSS & CO,94845,NYSE
SMTC,SEMTECH CORP,88941,Nasdaq
RGEN,REPLIGEN CORP,730272,Nasdaq
PCOR,"PROCORE TECHNOLOGIES, INC.",1611052,NYSE
UGI,UGI CORP /PA/,884614,NYSE
VFC,V F CORP,103379,NYSE
GWKSY,GAMES WORKSHOP GROUP PLC/ADR,2062522,OTC
AN,"AUTONATION, INC.",350698,NYSE
KRYS,"Krystal Biotech, Inc.",1711279,Nasdaq
CWEN,"Clearway Energy, Inc.",1567683,NYSE
EGO,ELDORADO GOLD CORP /FI,918608,NYSE
AAON,"AAON, INC.",824142,Nasdaq
UEC,URANIUM ENERGY CORP,1334933,NYSE
VFS,VinFast Auto Ltd.,1913510,Nasdaq
PDI,PIMCO Dynamic Income Fund,1510599,NYSE
PSO,PEARSON PLC,938323,NYSE
STEP,StepStone Group Inc.,1796022,Nasdaq
QRVO,"Qorvo, Inc.",1604778,Nasdaq
FDS,FACTSET RESEARCH SYSTEMS INC,1013237,NYSE
LBRDA,Liberty Broadband Corp,1611983,Nasdaq
KLAR,Klarna Group plc,2003292,NYSE
GLXY,Galaxy Digital Inc.,1859392,Nasdaq
UWMC,UWM Holdings Corp,1783398,NYSE
PLNT,"Planet Fitness, Inc.",1637207,NYSE
AVTR,"Avantor, Inc.",1722482,NYSE
ELPC,ENERGY CO OF PARANA,1041792,NYSE
QBTS,D-Wave Quantum Inc.,1907982,NYSE
ALGM,"ALLEGRO MICROSYSTEMS, INC.",866291,Nasdaq
GRFS,Grifols SA,1438569,Nasdaq
LNC,LINCOLN NATIONAL CORP,59558,NYSE
VLY,VALLEY NATIONAL BANCORP,714310,Nasdaq
DAR,DARLING INGREDIENTS INC.,916540,NYSE
INGR,Ingredion Inc,1046257,NYSE
FPS,"Forgent Power Solutions, Inc.",2080126,NYSE
CYTK,CYTOKINETICS INC,1061983,Nasdaq
MTCH,"Match Group, Inc.",891103,Nasdaq
TAL,TAL Education Group,1499620,NYSE
PL,Planet Labs PBC,1836833,NYSE
FLR,FLUOR CORP,1124198,NYSE
WFRD,Weatherford International plc,1603923,Nasdaq
MSA,MSA Safety Inc,66570,NYSE
BEPC,Brookfield Renewable Corp,1791863,NYSE
NUVL,"Nuvalent, Inc.",1861560,Nasdaq
BTDPY,Barratt Developments PLC/ADR,1516324,OTC
OR,OR Royalties Inc.,1627272,NYSE
LLYVA,"Liberty Live Holdings, Inc.",2078416,Nasdaq
EAT,"BRINKER INTERNATIONAL, INC",703351,NYSE
FRHC,Freedom Holding Corp.,924805,Nasdaq
LEA,LEAR CORP,842162,NYSE
HESM,Hess Midstream LP,1789832,NYSE
STAG,"STAG Industrial, Inc.",1479094,NYSE
ORA,"ORMAT TECHNOLOGIES, INC.",1296445,NYSE
FND,"Floor & Decor Holdings, Inc.",1507079,NYSE
MASI,MASIMO CORP,937556,Nasdaq
JHG,JANUS HENDERSON GROUP PLC,1274173,NYSE
FBIN,"Fortune Brands Innovations, Inc.",1519751,NYSE
PSN,PARSONS CORP,275880,NYSE
TKR,TIMKEN CO,98362,NYSE
WING,Wingstop Inc.,1636222,Nasdaq
PAYC,"Paycom Software, Inc.",1590955,NYSE
FSV,FirstService Corp,1637810,Nasdaq
HLNE,Hamilton Lane INC,1433642,Nasdaq
OMF,"OneMain Holdings, Inc.",1584207,NYSE
IDA,IDACORP INC,1057877,NYSE
GSAT,"Globalstar, Inc.",1366868,Nasdaq
SIRI,SIRIUS XM HOLDINGS INC.,908937,Nasdaq
CRUS,"CIRRUS LOGIC, INC.",772406,Nasdaq
PRMB,Primo Brands Corp,2042694,NYSE
PB,PROSPERITY BANCSHARES INC,1068851,NYSE
ESI,Element Solutions Inc,1590714,NYSE
EXP,EAGLE MATERIALS INC,918646,NYSE
AXTA,Axalta Coating Systems Ltd.,1616862,NYSE
NXE,NexGen Energy Ltd.,1698535,NYSE
VOYA,"Voya Financial, Inc.",1535929,NYSE
AL,AIR LEASE CORP,1487712,NYSE
ROAD,"Construction Partners, Inc.",1718227,Nasdaq
VICR,VICOR CORP,751978,Nasdaq
BTSG,"BrightSpring Health Services, Inc.",1865782,Nasdaq
MOH,"MOLINA HEALTHCARE, INC.",1179929,NYSE
TEX,TEREX CORP,97216,NYSE
BLTE,"BELITE BIO, INC",1889109,Nasdaq
CWAN,"Clearwater Analytics Holdings, Inc.",1866368,NYSE
CGNX,COGNEX CORP,851205,Nasdaq
TFPM,Triple Flag Precious Metals Corp.,1829726,NYSE
FSS,FEDERAL SIGNAL CORP /DE/,277509,NYSE
CIGI,Colliers International Group Inc.,913353,Nasdaq
POWL,POWELL INDUSTRIES INC,80420,Nasdaq
MBLY,Mobileye Global Inc.,1910139,Nasdaq
GPGI,"GPGI, Inc.",1823144,NYSE
MUSA,Murphy USA Inc.,1573516,NYSE
BIRK,Birkenstock Holding plc,1977102,NYSE
SNROY,"Sanrio Company, Ltd./ADR",1584273,OTC
ICL,ICL Group Ltd.,941221,NYSE
G,Genpact LTD,1398659,NYSE
NOV,NOV Inc.,1021860,NYSE
FORM,FORMFACTOR INC,1039399,Nasdaq
LW,"Lamb Weston Holdings, Inc.",1679273,NYSE
MORN,"Morningstar, Inc.",1289419,Nasdaq
ALK,"ALASKA AIR GROUP, INC.",766421,NYSE
GBCI,"GLACIER BANCORP, INC.",868671,NYSE
KMX,CARMAX INC,1170010,NYSE
MAT,MATTEL INC /DE/,63276,Nasdaq
GTES,Gates Industrial Corp plc,1718512,NYSE
RYTM,"RHYTHM PHARMACEUTICALS, INC.",1649904,Nasdaq
NICE,NICE Ltd.,1003935,Nasdaq
OLLI,"Ollie's Bargain Outlet Holdings, Inc.",1639300,Nasdaq
PATH,"UiPath, Inc.",1734722,NYSE
STWD,"STARWOOD PROPERTY TRUST, INC.",1465128,NYSE
HQY,"HEALTHEQUITY, INC.",1428336,Nasdaq
PEGA,PEGASYSTEMS INC,1013857,Nasdaq
FAF,First American Financial Corp,1472787,NYSE
TRNO,Terreno Realty Corp,1476150,NYSE
HXL,HEXCEL CORP /DE/,717605,NYSE
CAMT,CAMTEK LTD,1109138,Nasdaq
QMMM,QMMM Holdings Ltd,1971542,Nasdaq
KEX,KIRBY CORP,56047,NYSE
RYN,RAYONIER INC,52827,NYSE
SFGYY,Sony Financial Group Inc./ADR,2084022,OTC
SLAB,SILICON LABORATORIES INC.,1038074,Nasdaq
NEU,NEWMARKET CORP,1282637,NYSE
SHMXY,Shimadzu Corporation/ADR,1648512,OTC
CIG,ENERGY CO OF MINAS GERAIS,1157557,NYSE
PNDRY,Pandora A/S / ADR,1505880,OTC
FNB,FNB CORP/PA/,37808,NYSE
LPX,LOUISIANA-PACIFIC CORP,60519,NYSE
GXO,"GXO Logistics, Inc.",1852244,NYSE
BTG,B2GOLD CORP,1429937,NYSE
RRR,"Red Rock Resorts, Inc.",1653653,Nasdaq
GATX,GATX CORP,40211,NYSE
MSGS,Madison Square Garden Sports Corp.,1636519,NYSE
NXST,"NEXSTAR MEDIA GROUP, INC.",1142417,Nasdaq
SITE,"SiteOne Landscape Supply, Inc.",1650729,NYSE
LYFT,"Lyft, Inc.",1759509,Nasdaq
BYD,BOYD GAMING CORP,906553,NYSE
UFPI,UFP INDUSTRIES INC,912767,Nasdaq
CWST,CASELLA WASTE SYSTEMS INC,911177,Nasdaq
ADT,ADT Inc.,1703056,NYSE
SFM,"Sprouts Farmers Market, Inc.",1575515,Nasdaq
LTH,"Life Time Group Holdings, Inc.",1869198,NYSE
CHDN,Churchill Downs Inc,20212,Nasdaq
ESE,ESCO TECHNOLOGIES INC,866706,NYSE
DBX,"DROPBOX, INC.",1467623,Nasdaq
FRO,Frontline plc,913290,NYSE
VNO,VORNADO REALTY TRUST,899689,NYSE
BMA,Macro Bank Inc.,1347426,NYSE
CMS-PB,CONSUMERS ENERGY CO,201533,NYSE
ENPH,"Enphase Energy, Inc.",1463101,Nasdaq
CHE,CHEMED CORP,19584,NYSE
PCTY,Paylocity Holding Corp,1591698,Nasdaq
URBN,URBAN OUTFITTERS INC,912615,Nasdaq
UELMO,UNION ELECTRIC CO,100826,OTC
GKOS,GLAUKOS Corp,1192448,NYSE
PJT,PJT Partners Inc.,1626115,NYSE
APPF,APPFOLIO INC,1433195,Nasdaq
ESNT,Essent Group Ltd.,1448893,NYSE
TXNM,TXNM ENERGY INC,1108426,NYSE
OTEX,OPEN TEXT CORP,1002638,Nasdaq
ACT,"Enact Holdings, Inc.",1823529,Nasdaq
TMHC,Taylor Morrison Home Corp,1562476,NYSE
BRKR,BRUKER CORP,1109354,Nasdaq
KYMR,"Kymera Therapeutics, Inc.",1815442,Nasdaq
ENS,EnerSys,1289308,NYSE
UBSI,UNITED BANKSHARES INC/WV,729986,Nasdaq
CPA,"Copa Holdings, S.A.",1345105,NYSE
THO,THOR INDUSTRIES INC,730263,NYSE
SNEX,StoneX Group Inc.,913760,Nasdaq
EPRT,"ESSENTIAL PROPERTIES REALTY TRUST, INC.",1728951,NYSE
CRK,COMSTOCK RESOURCES INC,23194,NYSE
ESTC,Elastic N.V.,1707753,NYSE
PONY,Pony AI Inc.,1969302,Nasdaq
NE,Noble Corp plc,1895262,NYSE
HWC,HANCOCK WHITNEY CORP,750577,Nasdaq
CAI,"Caris Life Sciences, Inc.",2019410,Nasdaq
DLB,"Dolby Laboratories, Inc.",1308547,NYSE
BOOT,"Boot Barn Holdings, Inc.",1610250,NYSE
THG,"HANOVER INSURANCE GROUP, INC.",944695,NYSE
VNT,Vontier Corp,1786842,NYSE
RHP,"Ryman Hospitality Properties, Inc.",1040829,NYSE
SEE,SEALED AIR CORP/DE,1012100,NYSE
LOAR,Loar Holdings Inc.,2000178,NYSE
ACA,"Arcosa, Inc.",1739445,NYSE
VIAV,VIAVI SOLUTIONS INC.,912093,Nasdaq
SOBO,South Bow Corp,2019061,NYSE
MKTX,MARKETAXESS HOLDINGS INC,1278021,Nasdaq
PIPR,PIPER SANDLER COMPANIES,1230245,NYSE
TKMTY,"Tokyo Metro Co., Ltd./ADR",2044863,OTC
LOTMY,Lottomatica Group S.p.A./ADR,2041918,OTC
BLCO,Bausch & Lomb Corp,1860742,NYSE
M,"Macy's, Inc.",794367,NYSE
CE,Celanese Corp,1306830,NYSE
HR,Healthcare Realty Trust Inc,1360604,NYSE
HOMB,HOME BANCSHARES INC,1331520,NYSE
MIRM,"Mirum Pharmaceuticals, Inc.",1759425,Nasdaq
SWX,"Southwest Gas Holdings, Inc.",1692115,NYSE
OMAB,Central North Airport Group,1378239,Nasdaq
PACS,"PACS Group, Inc.",2001184,NYSE
HRI,HERC HOLDINGS INC,1364479,NYSE
PTCT,"PTC THERAPEUTICS, INC.",1070081,Nasdaq
BIPC,Brookfield Infrastructure Corp,1788348,NYSE
WULF,TERAWULF INC.,1083301,Nasdaq
AUB,Atlantic Union Bankshares Corp,883948,NYSE
POST,"Post Holdings, Inc.",1530950,NYSE
TTAN,"ServiceTitan, Inc.",1638826,Nasdaq
RITM,Rithm Capital Corp.,1556593,NYSE
IBRX,"ImmunityBio, Inc.",1326110,Nasdaq
GOLF,Acushnet Holdings Corp.,1672013,NYSE
VIST,"Vista Energy, S.A.B. de C.V.",1762506,NYSE
RIG,Transocean Ltd.,1451505,NYSE
FLG,"FLAGSTAR BANK, NATIONAL ASSOCIATION",910073,NYSE
MTG,MGIC INVESTMENT CORP,876437,NYSE
CHRD,Chord Energy Corp,1486159,Nasdaq
WH,"WYNDHAM HOTELS & RESORTS, INC.",1722684,NYSE
MTDR,Matador Resources Co,1520006,NYSE
MIR,"Mirion Technologies, Inc.",1809987,NYSE
ABCB,Ameris Bancorp,351569,NYSE
ENIC,Enel Chile S.A.,1659939,NYSE
OBDC,Blue Owl Capital Corp,1655888,NYSE
RGTI,"Rigetti Computing, Inc.",1838359,Nasdaq
CIFR,Cipher Mining Inc.,1819989,Nasdaq
CNX,CNX Resources Corp,1070412,NYSE
FCN,"FTI CONSULTING, INC",887936,NYSE
CBC,"Central Bancompany, Inc.",2065601,Nasdaq
ALKS,Alkermes plc.,1520262,Nasdaq
KVYO,"Klaviyo, Inc.",1835830,NYSE
WFG,"WEST FRASER TIMBER CO., LTD",1402388,NYSE
MNSO,MINISO Group Holding Ltd,1815846,NYSE
OS,"OneStream, Inc.",1889956,Nasdaq
BXSL,Blackstone Secured Lending Fund,1736035,NYSE
BC,BRUNSWICK CORP,14930,NYSE
OLED,UNIVERSAL DISPLAY CORP \PA\,1005284,Nasdaq
AX,"Axos Financial, Inc.",1299709,NYSE
DOCN,"DigitalOcean Holdings, Inc.",1582961,NYSE
OZK,Bank OZK,1569650,Nasdaq
DSGX,DESCARTES SYSTEMS GROUP INC,1050140,Nasdaq
HUT,Hut 8 Corp.,1964789,Nasdaq
OTF,Blue Owl Technology Finance Corp.,1747777,NYSE
RUSHA,RUSH ENTERPRISES INC \TX\,1012019,Nasdaq
ETSY,ETSY INC,1370637,NYSE
DOO,BRP Inc.,1748797,Nasdaq
TKC,TURKCELL ILETISIM HIZMETLERI A S,1071321,NYSE
COGT,"Cogent Biosciences, Inc.",1622229,Nasdaq
POR,PORTLAND GENERAL ELECTRIC CO /OR/,784977,NYSE
GVA,GRANITE CONSTRUCTION INC,861459,NYSE
FROG,JFrog Ltd,1800667,Nasdaq
IFS,Intercorp Financial Services Inc.,1615903,NYSE
RLI,RLI CORP,84246,NYSE
VSAT,VIASAT INC,797721,Nasdaq
BCPC,BALCHEM CORP,9326,Nasdaq
NPO,Enpro Inc.,1164863,NYSE
CACC,CREDIT ACCEPTANCE CORP,885550,Nasdaq
AROC,"Archrock, Inc.",1389050,NYSE
KBR,"KBR, INC.",1357615,NYSE
VSEC,VSE CORP,102752,Nasdaq
KRG,KITE REALTY GROUP TRUST,1286043,NYSE
WTM,WHITE MOUNTAINS INSURANCE GROUP LTD,776867,NYSE
LMND,"Lemonade, Inc.",1691421,NYSE
SLM,SLM Corp,1032033,Nasdaq
GLBE,Global-E Online Ltd.,1835963,Nasdaq
BDC,BELDEN INC.,913142,NYSE
PLXS,PLEXUS CORP,785786,Nasdaq
LSTR,LANDSTAR SYSTEM INC,853816,Nasdaq
DUOL,"Duolingo, Inc.",1562088,Nasdaq
OPCH,"Option Care Health, Inc.",1014739,Nasdaq
AUGO,Aura Minerals Inc.,1468642,Nasdaq
BCO,BRINKS CO,78890,NYSE
BKH,BLACK HILLS CORP /SD/,1130464,NYSE
WEX,WEX Inc.,1309108,NYSE
IMVT,"Immunovant, Inc.",1764013,Nasdaq
REZI,"RESIDEO TECHNOLOGIES, INC.",1740332,NYSE
SIGI,SELECTIVE INSURANCE GROUP INC,230557,Nasdaq
UGP,ULTRAPAR HOLDINGS INC,1094972,NYSE
MMYT,MakeMyTrip Ltd,1495153,Nasdaq
AVT,AVNET INC,8858,Nasdaq
KD,"Kyndryl Holdings, Inc.",1867072,NYSE
MC,Moelis & Co,1596967,NYSE
GTLB,Gitlab Inc.,1653482,Nasdaq
MAIN,Main Street Capital CORP,1396440,NYSE
AVAL,Grupo Aval Acciones Y Valores S.A.,1504764,NYSE
LAZ,"Lazard, Inc.",1311370,NYSE
RIOT,"Riot Platforms, Inc.",1167419,Nasdaq
NWSGY,CTF Services Ltd,1449664,OTC
SLFPY,STANDARD LIFE PLC,1370418,OTC
RDNT,"RadNet, Inc.",790526,Nasdaq
MTH,Meritage Homes CORP,833079,NYSE
ACHR,Archer Aviation Inc.,1824502,NYSE
MSM,MSC INDUSTRIAL DIRECT CO INC,1003078,NYSE
ORLA,Orla Mining Ltd.,1680056,NYSE
GNTX,GENTEX CORP,355811,Nasdaq
GPCR,Structure Therapeutics Inc.,1888886,Nasdaq
TDS,TELEPHONE & DATA SYSTEMS INC /DE/,1051512,NYSE
NJR,NEW JERSEY RESOURCES CORP,356309,NYSE
PTGX,"Protagonist Therapeutics, Inc",1377121,Nasdaq
LGN,Legence Corp.,2052568,Nasdaq
MCY,MERCURY GENERAL CORP,64996,NYSE
MAC,MACERICH CO,912242,NYSE
MRP,"Millrose Properties, Inc.",2017206,NYSE
FOUR,"Shift4 Payments, Inc.",1794669,NYSE
PHI,PLDT Inc.,78150,NYSE
ST,Sensata Technologies Holding plc,1477294,NYSE
HIMS,"Hims & Hers Health, Inc.",1773751,NYSE
SLGN,SILGAN HOLDINGS INC,849869,NYSE
DOCS,"Doximity, Inc.",1516513,NYSE
SEB,SEABOARD CORP /DE/,88121,NYSE
CORZ,"Core Scientific, Inc./tx",1839341,Nasdaq
PECO,"Phillips Edison & Company, Inc.",1476204,Nasdaq
MATX,"Matson, Inc.",3453,NYSE
TEO,TELECOM ARGENTINA SA,932470,NYSE
SNDR,"Schneider National, Inc.",1692063,NYSE
LAUR,"LAUREATE EDUCATION, INC.",912766,Nasdaq
MGY,Magnolia Oil & Gas Corp,1698990,NYSE
ATAT,Atour Lifestyle Holdings Ltd,1853717,Nasdaq
INGM,Ingram Micro Holding Corp,1897762,NYSE
EXLS,"ExlService Holdings, Inc.",1297989,Nasdaq
UUUU,ENERGY FUELS INC,1385849,NYSE
MBRFY,MARFRIG GLOBAL FOODS S.A.,1496919,OTC
QS,QuantumScape Corp,1811414,Nasdaq
NOVT,NOVANTA INC,1076930,Nasdaq
SR,SPIRE INC,1126956,NYSE
BGSI,Boyd Group Services Inc.,2091467,NYSE
XNJJY,"Xinjiang Goldwind Science & Technology Co., Ltd./ADR",1699996,OTC
CHH,CHOICE HOTELS INTERNATIONAL INC /DE,1046311,NYSE
SON,SONOCO PRODUCTS CO,91767,NYSE
ATMU,Atmus Filtration Technologies Inc.,1921963,NYSE
GHC,Graham Holdings Co,104889,NYSE
MNDY,monday.com Ltd.,1845338,Nasdaq
SHC,Sotera Health Co,1822479,Nasdaq
SRAD,Sportradar Group AG,1836470,Nasdaq
SM,SM Energy Co,893538,NYSE
TGS,GAS TRANSPORTER OF THE SOUTH INC,931427,NYSE
VSCO,Victoria's Secret & Co.,1856437,NYSE
AQN,ALGONQUIN POWER & UTILITIES CORP.,1174169,NYSE
MTN,VAIL RESORTS INC,812011,NYSE
FFIN,FIRST FINANCIAL BANKSHARES INC,36029,Nasdaq
PFSI,"PennyMac Financial Services, Inc.",1745916,NYSE
BILL,"BILL Holdings, Inc.",1786352,NYSE
ECG,"Everus Construction Group, Inc.",2015845,NYSE
SMR,NUSCALE POWER Corp,1822966,NYSE
CRC,California Resources Corp,1609253,NYSE
OGS,"ONE Gas, Inc.",1587732,NYSE
CELC,Celcuity Inc.,1603454,Nasdaq
AGX,ARGAN INC,100591,NYSE
MRCY,MERCURY SYSTEMS INC,1049521,Nasdaq
SSRM,SSR MINING INC.,921638,Nasdaq
EBC,"Eastern Bankshares, Inc.",1810546,Nasdaq
FRMI,Fermi Inc.,2071778,Nasdaq
MMSI,MERIT MEDICAL SYSTEMS INC,856982,Nasdaq
CENX,CENTURY ALUMINUM CO,949157,Nasdaq
ELF,"e.l.f. Beauty, Inc.",1600033,NYSE
ASB,ASSOCIATED BANC-CORP,7789,NYSE
BFAM,BRIGHT HORIZONS FAMILY SOLUTIONS INC.,1437578,NYSE
HHH,Howard Hughes Holdings Inc.,1981792,NYSE
ALH,Alliance Laundry Holdings Inc.,1317685,NYSE
WHR,WHIRLPOOL CORP /DE/,106640,NYSE
SRRK,Scholar Rock Holding Corp,1727196,Nasdaq
CSW,"CSW INDUSTRIALS, INC.",1624794,NYSE
NVST,Envista Holdings Corp,1757073,NYSE
PSMT,PRICESMART INC,1041803,Nasdaq
PAGP,PLAINS GP HOLDINGS LP,1581990,Nasdaq
NSA,National Storage Affiliates Trust,1618563,NYSE
IEP,ICAHN ENTERPRISES L.P.,813762,Nasdaq
YKLTY,"Yakult Honsha Co., LTD/ADR",1538118,OTC
LEU,CENTRUS ENERGY CORP,1065059,NYSE
TFX,TELEFLEX INC,96943,NYSE
REYN,Reynolds Consumer Products Inc.,1786431,Nasdaq
FELE,FRANKLIN ELECTRIC CO INC,38725,Nasdaq
FMCC,FEDERAL HOME LOAN MORTGAGE CORP,1026214,OTC
NNI,NELNET INC,1258602,NYSE
VVV,VALVOLINE INC,1674910,NYSE
BBWI,"Bath & Body Works, Inc.",701985,NYSE
TNL,Travel & Leisure Co.,1361658,NYSE
PAM,Pampa Energy Inc.,1469395,NYSE
TCBI,TEXAS CAPITAL BANCSHARES INC/TX,1077428,Nasdaq
LOPE,"Grand Canyon Education, Inc.",1434588,Nasdaq
ITRI,"ITRON, INC.",780571,Nasdaq
CNR,"Core Natural Resources, Inc.",1710366,NYSE
USAR,"USA Rare Earth, Inc.",1970622,Nasdaq
HAPVY,Hapvida Participacoes e Investimentos S.A./ADR,1869666,OTC
SBRA,"Sabra Health Care REIT, Inc.",1492298,Nasdaq
NTSK,Netskope Inc,2063196,Nasdaq
TREX,TREX CO INC,1069878,NYSE
IRTC,"iRhythm Holdings, Inc.",1388658,Nasdaq
CAAP,CORPORACION AMERICA AIRPORTS S.A.,1717393,NYSE
SSL,SASOL LTD,314590,NYSE
CROX,"Crocs, Inc.",1334036,Nasdaq
PATK,PATRICK INDUSTRIES INC,76605,Nasdaq
SFBS,"ServisFirst Bancshares, Inc.",1430723,NYSE
HCC,"WARRIOR MET COAL, INC.",1691303,NYSE
SKY,"Champion Homes, Inc.",90896,NYSE
OPEN,Opendoor Technologies Inc.,1801169,Nasdaq
CRSP,CRISPR Therapeutics AG,1674416,Nasdaq
WAY,Waystar Holding Corp.,1990354,Nasdaq
IBOC,INTERNATIONAL BANCSHARES CORP,315709,Nasdaq
CRNX,"Crinetics Pharmaceuticals, Inc.",1658247,Nasdaq
IPGP,IPG PHOTONICS CORP,1111928,Nasdaq
VCTR,"Victory Capital Holdings, Inc.",1570827,Nasdaq
RUN,Sunrun Inc.,1469367,Nasdaq
TMDX,"TransMedics Group, Inc.",1756262,Nasdaq
SGHC,Super Group (SGHC) Ltd,1878057,NYSE
OSIS,OSI SYSTEMS INC,1039065,Nasdaq
ANF,ABERCROMBIE & FITCH CO /DE/,1018840,NYSE
AMRX,"Amneal Pharmaceuticals, Inc.",1723128,Nasdaq
MUR,MURPHY OIL CORP,717423,NYSE
TGTX,"TG THERAPEUTICS, INC.",1001316,Nasdaq
SIM,"GRUPO SIMEC, S.A.B. de C.V.",887153,NYSE
STNE,StoneCo Ltd.,1745431,Nasdaq
MWA,"Mueller Water Products, Inc.",1350593,NYSE
HASI,"HA Sustainable Infrastructure Capital, Inc.",1561894,NYSE
YOU,"Clear Secure, Inc.",1856314,NYSE
RDN,RADIAN GROUP INC,890926,NYSE
KNF,Knife River Corp,1955520,NYSE
SAIC,Science Applications International Corp,1571123,Nasdaq
LB,LandBridge Co LLC,1995807,NYSE
OUT,OUTFRONT Media Inc.,1579877,NYSE
S,"SentinelOne, Inc.",1583708,NYSE
FOLD,"AMICUS THERAPEUTICS, INC.",1178879,Nasdaq
TBBB,BBB FOODS INC,1978954,NYSE
AIR,AAR CORP,1750,NYSE
NGXXF,NGEx Minerals Ltd.,2044153,OTC
BTU,PEABODY ENERGY CORP,1064728,NYSE
RAL,Ralliant Corp,2041385,NYSE
AKO-A,ANDINA BOTTLING CO INC,925261,NYSE
VAL,Valaris Ltd,314808,NYSE
BMI,BADGER METER INC,9092,NYSE
UCB,UNITED COMMUNITY BANKS INC,857855,NYSE
ABG,ASBURY AUTOMOTIVE GROUP INC,1144980,NYSE
GFF,GRIFFON CORP,50725,NYSE
LNTH,"Lantheus Holdings, Inc.",1521036,Nasdaq
TPC,TUTOR PERINI CORP,77543,NYSE
CSAN,Cosan S.A.,1430162,NYSE
AB,ALLIANCEBERNSTEIN HOLDING L.P.,825313,NYSE
GPI,GROUP 1 AUTOMOTIVE INC,1031203,NYSE
ACIW,"ACI WORLDWIDE, INC.",935036,Nasdaq
BRC,BRADY CORP,746598,NYSE
SIMO,Silicon Motion Technology CORP,1329394,Nasdaq
CNO,"CNO Financial Group, Inc.",1224608,NYSE
GLNG,GOLAR LNG LTD,1207179,Nasdaq
ALHC,"Alignment Healthcare, Inc.",1832466,Nasdaq
HGTY,"Hagerty, Inc.",1840776,NYSE
CUZ,COUSINS PROPERTIES INC,25232,NYSE
ERELY,Eregli Demir ve Celik Fabrikalari TAS/ADR,1454144,OTC
GEF,"GREIF, INC",43920,NYSE
INDV,"Indivior Pharmaceuticals, Inc.",1625297,Nasdaq
CORT,CORCEPT THERAPEUTICS INC,1088856,Nasdaq
EPR,EPR PROPERTIES,1045450,NYSE
SKYW,SKYWEST INC,793733,Nasdaq
KGS,"Kodiak Gas Services, Inc.",1767042,NYSE
LIF,"Life360, Inc.",1581760,Nasdaq
INDB,INDEPENDENT BANK CORP,776901,Nasdaq
CZR,"Caesars Entertainment, Inc.",1590895,Nasdaq
VSNT,"Versant Media Group, Inc.",2067876,Nasdaq
NMRK,"NEWMARK GROUP, INC.",1690680,Nasdaq
MZTI,MARZETTI CO,57515,Nasdaq
APGE,"Apogee Therapeutics, Inc.",1974640,Nasdaq
BGC,"BGC Group, Inc.",1094831,Nasdaq
EE,"Excelerate Energy, Inc.",1888447,NYSE
CAR,"AVIS BUDGET GROUP, INC.",723612,Nasdaq
STVN,Stevanato Group S.p.A.,1849853,NYSE
AD,"ARRAY DIGITAL INFRASTRUCTURE, INC.",821130,NYSE
CVCO,"CAVCO INDUSTRIES, INC.",278166,Nasdaq
VISN,"Vistance Networks, Inc.",1517228,Nasdaq
HRB,H&R BLOCK INC,12659,NYSE
WIX,Wix.com Ltd.,1576789,Nasdaq
HGV,Hilton Grand Vacations Inc.,1674168,NYSE
SHAK,Shake Shack Inc.,1620533,NYSE
MDU,MDU RESOURCES GROUP INC,67716,NYSE
NWE,"NorthWestern Energy Group, Inc.",1993004,Nasdaq
TFSL,TFS Financial CORP,1381668,Nasdaq
KRC,KILROY REALTY CORP,1025996,NYSE
FTDR,"Frontdoor, Inc.",1727263,Nasdaq
HSAI,Hesai Group,1861737,Nasdaq
MYRG,MYR GROUP INC.,700923,Nasdaq
AGO,ASSURED GUARANTY LTD,1273813,NYSE
CGON,"CG Oncology, Inc.",1991792,Nasdaq
ZETA,Zeta Global Holdings Corp.,1851003,NYSE
SXT,SENSIENT TECHNOLOGIES CORP,310142,NYSE
PBF,PBF Energy Inc.,1534504,NYSE
BLSH,Bullish,1872195,NYSE
ONDS,Ondas Inc.,1646188,Nasdaq
TERN,"Terns Pharmaceuticals, Inc.",1831363,Nasdaq
BBAR,Banco BBVA Argentina S.A.,913059,NYSE
GPOR,GULFPORT ENERGY CORP,874499,NYSE
MMS,"MAXIMUS, INC.",1032220,NYSE
FULT,FULTON FINANCIAL CORP,700564,Nasdaq
LBRT,Liberty Energy Inc.,1694028,NYSE
BLLN,"BillionToOne, Inc.",2070849,Nasdaq
IRT,"INDEPENDENCE REALTY TRUST, INC.",1466085,NYSE
ACMR,"ACM Research, Inc.",1680062,Nasdaq
RSI,"Rush Street Interactive, Inc.",1793659,NYSE
WSC,WillScot Holdings Corp,1647088,Nasdaq
FHI,"FEDERATED HERMES, INC.",1056288,NYSE
KAI,KADANT INC,886346,NYSE
AEO,AMERICAN EAGLE OUTFITTERS INC,919012,NYSE
EXPO,EXPONENT INC,851520,Nasdaq
LBTYA,Liberty Global Ltd.,1570585,Nasdaq
NHI,NATIONAL HEALTH INVESTORS INC,877860,NYSE
QLYS,"QUALYS, INC.",1107843,Nasdaq
BANF,BANCFIRST CORP /OK/,760498,Nasdaq
FIBK,FIRST INTERSTATE BANCSYSTEM INC,860413,Nasdaq
WHD,"Cactus, Inc.",1699136,NYSE
EOSE,"Eos Energy Enterprises, Inc.",1805077,Nasdaq
WPP,WPP plc,806968,NYSE
PRM,"Perimeter Solutions, Inc.",1880319,NYSE
ENVA,"Enova International, Inc.",1529864,NYSE
ACAD,ACADIA PHARMACEUTICALS INC,1070494,Nasdaq
DORM,"Dorman Products, Inc.",868780,Nasdaq
SIG,SIGNET JEWELERS LTD,832988,NYSE
RNST,RENASANT CORP,715072,NYSE
JOE,ST JOE Co,745308,NYSE
RH,RH,1528849,NYSE
ACLX,"Arcellx, Inc.",1786205,Nasdaq
KBH,KB HOME,795266,NYSE
LPL,"LG Display Co., Ltd.",1290109,NYSE
BETA,"BETA Technologies, Inc.",1784570,NYSE
AZZ,AZZ INC,8947,NYSE
CALM,CAL-MAINE FOODS INC,16160,Nasdaq
TAC,TRANSALTA CORP,1144800,NYSE
ADMA,"ADMA BIOLOGICS, INC.",1368514,Nasdaq
ASO,"Academy Sports & Outdoors, Inc.",1817358,Nasdaq
WK,WORKIVA INC,1445305,NYSE
GPK,GRAPHIC PACKAGING HOLDING CO,1408075,NYSE
CBT,CABOT CORP,16040,NYSE
INTR,"Inter & Co, Inc.",1864163,Nasdaq
GRAL,"GRAIL, Inc.",1699031,Nasdaq
PII,Polaris Inc.,931015,NYSE
NEXHY,"Nippon Express Holdings, Inc./ADR",1985406,OTC
NAMS,NewAmsterdam Pharma Co N.V.,1936258,Nasdaq
AAUC,Allied Gold Corp,1993344,NYSE
DLO,dLocal Ltd,1846832,Nasdaq
GTX,Garrett Motion Inc.,1735707,Nasdaq
WSFS,WSFS FINANCIAL CORP,828944,Nasdaq
LRN,"Stride, Inc.",1157408,NYSE
SMG,SCOTTS MIRACLE-GRO CO,825542,NYSE
SKT,TANGER INC.,899715,NYSE
BKD,Brookdale Senior Living Inc.,1332349,NYSE
KEN,Kenon Holdings Ltd.,1611005,NYSE
BKU,"BankUnited, Inc.",1504008,NYSE
YETI,"YETI Holdings, Inc.",1670592,NYSE
DNP,DNP SELECT INCOME FUND INC,806628,NYSE
KC,Kingsoft Cloud Holdings Ltd,1795589,Nasdaq
FG,"F&G Annuities & Life, Inc.",1934850,NYSE
SKE,Skeena Resources Ltd,1713748,NYSE
ICUI,ICU MEDICAL INC/DE,883984,Nasdaq
ERAS,"Erasca, Inc.",1761918,Nasdaq
FLY,Firefly Aerospace Inc.,1860160,Nasdaq
BNL,"Broadstone Net Lease, Inc.",1424182,NYSE
CVLT,COMMVAULT SYSTEMS INC,1169561,Nasdaq
ATGE,Covista Inc.,730464,NYSE
CCC,CCC Intelligent Solutions Holdings Inc.,1818201,Nasdaq
LCII,LCI INDUSTRIES,763744,NYSE
CDP,COPT DEFENSE PROPERTIES,860546,NYSE
NG,NOVAGOLD RESOURCES INC,1173420,NYSE
LGND,LIGAND PHARMACEUTICALS INC,886163,Nasdaq
CWK,Cushman & Wakefield Ltd.,1628369,NYSE
MHO,"M/I HOMES, INC.",799292,NYSE
LQDA,Liquidia Corp,1819576,Nasdaq
HNI,HNI CORP,48287,NYSE
KTB,"Kontoor Brands, Inc.",1760965,NYSE
UPST,"Upstart Holdings, Inc.",1647639,Nasdaq
KLIC,KULICKE & SOFFA INDUSTRIES INC,56978,Nasdaq
DAN,DANA Inc,26780,NYSE
SEI,"Solaris Energy Infrastructure, Inc.",1697500,NYSE
GNW,GENWORTH FINANCIAL INC,1276520,NYSE
CMBT,CMB.TECH NV,1604481,NYSE
CATY,CATHAY GENERAL BANCORP,861842,Nasdaq
FBP,FIRST BANCORP /PR/,1057706,NYSE
MEOH,METHANEX CORP,886977,Nasdaq
OTTR,Otter Tail Corp,1466593,Nasdaq
BHF,"Brighthouse Financial, Inc.",1685040,Nasdaq
STUB,"StubHub Holdings, Inc.",1337634,NYSE
EMAT,Evolution Metals & Technologies Corp.,1866226,Nasdaq
BFH,"BREAD FINANCIAL HOLDINGS, INC.",1101215,NYSE
COLD,AMERICOLD REALTY TRUST,1455863,NYSE
CCXI,Churchill Capital Corp XI,2074973,Nasdaq
UNF,UNIFIRST CORP,717954,NYSE
WSBC,WESBANCO INC,203596,Nasdaq
LIVN,LivaNova PLC,1639691,Nasdaq
ARMN,Aris Mining Corp,1964504,NYSE
VEON,VEON Ltd.,1468091,Nasdaq
HAYW,"Hayward Holdings, Inc.",1834622,NYSE
ALM,Almonty Industries Inc.,1670061,Nasdaq
HPP,"Hudson Pacific Properties, Inc.",1482512,NYSE
ADOOY,Adaro Energy PT/ADR/,1489079,OTC
MIAX,"MIAMI INTERNATIONAL HOLDINGS, INC.",1438472,NYSE
FSK,FS KKR Capital Corp,1422183,NYSE
SOUN,"SOUNDHOUND AI, INC.",1840856,Nasdaq
FUL,FULLER H B CO,39368,NYSE
HP,"Helmerich & Payne, Inc.",46765,NYSE
FLNC,"Fluence Energy, Inc.",1868941,Nasdaq
KFY,KORN FERRY,56679,NYSE
QTWO,"Q2 Holdings, Inc.",1410384,NYSE
EBOSY,EBOS Group Limited/ADR,1533082,OTC
AVNT,AVIENT CORP,1122976,NYSE
SAND,SANDSTORM GOLD LTD,1434614,
STNG,Scorpio Tankers Inc.,1483934,NYSE
TCGL,TechCreate Group Ltd.,2047190,NYSE
BOX,BOX INC,1372612,NYSE
OSCR,"Oscar Health, Inc.",1568651,NYSE
CALX,"CALIX, INC",1406666,NYSE
LCID,"Lucid Group, Inc.",1811210,Nasdaq
NEA,Nuveen AMT-Free Quality Municipal Income Fund,1195737,NYSE
CBU,"COMMUNITY FINANCIAL SYSTEM, INC.",723188,NYSE
CGAU,Centerra Gold Inc.,1854640,NYSE
PI,IMPINJ INC,1114995,Nasdaq
SYNA,SYNAPTICS Inc,817720,Nasdaq
CSTM,CONSTELLIUM SE,1563411,NYSE
MCHB,Mechanics Bancorp,1518715,Nasdaq
COLM,COLUMBIA SPORTSWEAR CO,1050797,Nasdaq
SMSEY,Samsonite International SA/ADR,1560968,OTC
CLBT,Cellebrite DI Ltd.,1854587,Nasdaq
TTAM,Titan America SA,2035304,NYSE
SBCF,SEACOAST BANKING CORP OF FLORIDA,730708,Nasdaq
MAUTF,Montage Gold Corp.,1830918,OTC
PPTA,PERPETUA RESOURCES CORP.,1526243,Nasdaq
TMC,TMC the metals Co Inc.,1798562,Nasdaq
AHL,ASPEN INSURANCE HOLDINGS LTD,1267395,NYSE
CNTA,Centessa Pharmaceuticals plc,1847903,Nasdaq
UTG,REAVES UTILITY INCOME FUND,1263994,NYSE
PLMR,"Palomar Holdings, Inc.",1761312,Nasdaq
FRPT,"Freshpet, Inc.",1611647,Nasdaq
BCC,BOISE CASCADE Co,1328581,NYSE
XMTR,"Xometry, Inc.",1657573,Nasdaq
AVA,AVISTA CORP,104918,NYSE
BXMT,"BLACKSTONE MORTGAGE TRUST, INC.",1061630,NYSE
FHB,"FIRST HAWAIIAN, INC.",36377,Nasdaq
COCO,"Vita Coco Company, Inc.",1482981,Nasdaq
SPHR,Sphere Entertainment Co.,1795250,NYSE
ARQT,"Arcutis Biotherapeutics, Inc.",1787306,Nasdaq
EXK,ENDEAVOUR SILVER CORP,1277866,NYSE
PTEN,PATTERSON UTI ENERGY INC,889900,Nasdaq
CRGY,Crescent Energy Co,1866175,NYSE
PLBL,Polibeli Group Ltd,2035697,Nasdaq
BULL,Webull Corp,1866364,Nasdaq
DNN,DENISON MINES CORP.,1063259,NYSE
SLG,SL GREEN REALTY CORP,1040971,NYSE
WU,Western Union CO,1365135,NYSE
HPHTY,Hamamatsu Photonics K.K./ADR,1600928,OTC
AAP,ADVANCE AUTO PARTS INC,1158449,NYSE
PTXKY,PT XLSMART Telecom Sejahtera Tbk/ADR,1545057,OTC
FIZZ,NATIONAL BEVERAGE CORP,69891,Nasdaq
GBDC,"GOLUB CAPITAL BDC, Inc.",1476765,Nasdaq
ALMS,ALUMIS INC.,1847367,Nasdaq
FBK,FB Financial Corp,1649749,NYSE
DNLI,Denali Therapeutics Inc.,1714899,Nasdaq
TDW,TIDEWATER INC,98222,NYSE
WNS,WNS (HOLDINGS) LTD,1356570,
GRBK,"Green Brick Partners, Inc.",1373670,NYSE
IPAR,INTERPARFUMS INC,822663,Nasdaq
NIQ,NIQ Global Intelligence plc,2054696,NYSE
KNSA,"Kiniksa Pharmaceuticals International, plc",1730430,Nasdaq
NP,Neptune Insurance Holdings Inc.,2067129,NYSE
BANC,"BANC OF CALIFORNIA, INC.",1169770,NYSE
JOYY,JOYY Inc.,1530238,Nasdaq
USAC,"USA Compression Partners, LP",1522727,NYSE
MPT,MEDICAL PROPERTIES TRUST INC,1287865,NYSE
YSS,"Yellowstone Midco Holdings II, LLC",2086587,NYSE
FFBC,FIRST FINANCIAL BANCORP /OH/,708955,Nasdaq
WDFC,WD 40 CO,105132,Nasdaq
OII,OCEANEERING INTERNATIONAL INC,73756,NYSE
CXT,"Crane NXT, Co.",25445,NYSE
VKTX,"Viking Therapeutics, Inc.",1607678,Nasdaq
PAGS,PagSeguro Digital Ltd.,1712807,NYSE
DJT,Trump Media & Technology Group Corp.,1849635,Nasdaq
CNS,"COHEN & STEERS, INC.",1284812,NYSE
UAA,"Under Armour, Inc.",1336917,NYSE
XENE,Xenon Pharmaceuticals Inc.,1582313,Nasdaq
APAM,Artisan Partners Asset Management Inc.,1517302,NYSE
SA,SEABRIDGE GOLD INC,1231346,NYSE
BBU,Brookfield Business Partners L.P.,1654795,NYSE
FSM,FORTUNA MINING CORP.,1341335,NYSE
RHI,ROBERT HALF INC.,315213,NYSE
PBH,Prestige Consumer Healthcare Inc.,1295947,NYSE
PRK,PARK NATIONAL CORP /OH/,805676,NYSE
ERO,Ero Copper Corp.,1853860,NYSE
NMIH,"NMI Holdings, Inc.",1547903,Nasdaq
PVH,PVH CORP. /DE/,78239,NYSE
BSM,"Black Stone Minerals, L.P.",1621434,NYSE
LEGN,Legend Biotech Corp,1801198,Nasdaq
SFNC,SIMMONS FIRST NATIONAL CORP,90498,Nasdaq
CAKE,CHEESECAKE FACTORY INC,887596,Nasdaq
EEFT,"EURONET WORLDWIDE, INC.",1029199,Nasdaq
BOH,BANK OF HAWAII CORP,46195,NYSE
MTRN,MATERION Corp,1104657,NYSE
OPLN,"OPENLANE, Inc.",1395942,NYSE
ARLP,ALLIANCE RESOURCE PARTNERS LP,1086600,Nasdaq
HAFN,Hafnia Ltd,1815779,NYSE
WRBY,Warby Parker Inc.,1504776,NYSE
MARA,"MARA Holdings, Inc.",1507605,Nasdaq
DNOW,DNOW Inc.,1599617,NYSE
PAY,"Paymentus Holdings, Inc.",1841156,NYSE
USLM,UNITED STATES LIME & MINERALS INC,82020,Nasdaq
BKV,BKV Corp,1838406,NYSE
PFS,PROVIDENT FINANCIAL SERVICES INC,1178970,NYSE
TPH,"Tri Pointe Homes, Inc.",1561680,NYSE
VERA,"Vera Therapeutics, Inc.",1831828,Nasdaq
CPK,CHESAPEAKE UTILITIES CORP,19745,NYSE
SXI,STANDEX INTERNATIONAL CORP/DE/,310354,NYSE
EWTX,"Edgewise Therapeutics, Inc.",1710072,Nasdaq
KMT,KENNAMETAL INC,55242,NYSE
CSQ,CALAMOS STRATEGIC TOTAL RETURN FUND,1275214,Nasdaq
TGNA,TEGNA INC,39899,NYSE
SII,SPROTT INC.,1512920,NYSE
RLX,RLX Technology Inc.,1828365,NYSE
LXP,LXP Industrial Trust,910108,NYSE
ITGR,Integer Holdings Corp,1114483,NYSE
CNK,"Cinemark Holdings, Inc.",1385280,NYSE
CON,"Concentra Group Holdings Parent, Inc.",2014596,NYSE
AAOI,"APPLIED OPTOELECTRONICS, INC.",1158114,Nasdaq
TWST,Twist Bioscience Corp,1581280,Nasdaq
INSW,"International Seaways, Inc.",1679049,NYSE
GT,GOODYEAR TIRE & RUBBER CO /OH/,42582,Nasdaq
SPSC,SPS COMMERCE INC,1092699,Nasdaq
VNET,"VNET Group, Inc.",1508475,Nasdaq
DBRG,"DigitalBridge Group, Inc.",1679688,NYSE
VRRM,VERRA MOBILITY Corp,1682745,Nasdaq
IRON,"Disc Medicine, Inc.",1816736,Nasdaq
CPRX,"CATALYST PHARMACEUTICALS, INC.",1369568,Nasdaq
ASST,"Strive, Inc.",1920406,Nasdaq
MANU,Manchester United plc,1549107,NYSE
HTGC,"Hercules Capital, Inc.",1280784,NYSE
AKR,ACADIA REALTY TRUST,899629,NYSE
GBTG,"Global Business Travel Group, Inc.",1820872,NYSE
APLS,"Apellis Pharmaceuticals, Inc.",1492422,Nasdaq
NATL,NCR Atleos Corp,1974138,NYSE
SUPN,"SUPERNUS PHARMACEUTICALS, INC.",1356576,Nasdaq
EXG,Eaton Vance Tax-Managed Global Diversified Equity Income Fund,1379438,NYSE
KWR,QUAKER CHEMICAL CORP,81362,NYSE
HG,"Hamilton Insurance Group, Ltd.",1593275,NYSE
MRX,Marex Group plc,1997464,Nasdaq
JPC,Nuveen Preferred & Income Opportunities Fund,1216583,NYSE
ASH,ASHLAND INC.,1674862,NYSE
HE,HAWAIIAN ELECTRIC INDUSTRIES INC,354707,NYSE
MGRC,MCGRATH RENTCORP,752714,Nasdaq
HURN,Huron Consulting Group Inc.,1289848,Nasdaq
WOR,"WORTHINGTON ENTERPRISES, INC.",108516,NYSE
IFHLY,Inficon Holding AG/ADR,2035057,OTC
ABM,ABM INDUSTRIES INC /DE/,771497,NYSE
HIW,"HIGHWOODS PROPERTIES, INC.",921082,NYSE
EYUBY,Electricity Generating Public Co Limited/ADR,1562294,OTC
MGEE,MGE ENERGY INC,1161728,Nasdaq
CVBF,CVB FINANCIAL CORP,354647,Nasdaq
ATS,ATS Corp /ATS,1394832,NYSE
APLE,"Apple Hospitality REIT, Inc.",1418121,NYSE
PLUG,PLUG POWER INC,1093691,Nasdaq
CTRI,"Centuri Holdings, Inc.",1981599,NYSE
AMBP,Ardagh Metal Packaging S.A.,1845097,NYSE
MSGE,Madison Square Garden Entertainment Corp.,1952073,NYSE
BELFA,BEL FUSE INC /NJ,729580,Nasdaq
HYMC,HYCROFT MINING HOLDING CORP,1718405,Nasdaq
TR,TOOTSIE ROLL INDUSTRIES INC,98677,NYSE
PHIN,PHINIA INC.,1968915,NYSE
VCYT,"VERACYTE, INC.",1384101,Nasdaq
TBBK,"Bancorp, Inc.",1295401,Nasdaq
DRD,DRDGOLD LTD,1023512,NYSE
NAD,Nuveen Quality Municipal Income Fund,1083839,NYSE
UE,Urban Edge Properties,1611547,NYSE
CARG,"CarGurus, Inc.",1494259,Nasdaq
OLN,OLIN Corp,74303,NYSE
KYIV,Kyivstar Group Ltd.,2062440,Nasdaq
TGB,TASEKO MINES LTD,878518,NYSE
DIOD,DIODES INC /DEL/,29002,Nasdaq
IDYA,"IDEAYA Biosciences, Inc.",1676725,Nasdaq
DKL,"Delek Logistics Partners, LP",1552797,NYSE
HWKN,HAWKINS INC,46250,Nasdaq
DX,DYNEX CAPITAL INC,826675,NYSE
DRVN,Driven Brands Holdings Inc.,1804745,Nasdaq
NSIT,INSIGHT ENTERPRISES INC,932696,Nasdaq
LASR,"NLIGHT, INC.",1124796,Nasdaq
VRDN,"Viridian Therapeutics, Inc.\DE",1590750,Nasdaq
NVG,Nuveen AMT-Free Municipal Credit Income Fund,1090116,NYSE
HYPMY,Hypermarcas S.A.,1486749,OTC
BTDR,Bitdeer Technologies Group,1899123,Nasdaq
HAE,HAEMONETICS CORP,313143,NYSE
SUNC,SunocoCorp LLC,2089661,NYSE
RXO,"RXO, Inc.",1929561,NYSE
ADX,"ADAMS DIVERSIFIED EQUITY FUND, INC.",2230,NYSE
DYN,"Dyne Therapeutics, Inc.",1818794,Nasdaq
CALY,Callaway Golf Co,837465,NYSE
AERO,"Grupo Aeromexico, S.A.B. de C.V.",1561861,NYSE
IAC,IAC Inc.,1800227,Nasdaq
IHS,IHS Holding Ltd,1876183,NYSE
CC,Chemours Co,1627223,NYSE
AMBA,AMBARELLA INC,1280263,Nasdaq
VC,VISTEON CORP,1111335,Nasdaq
XRAY,DENTSPLY SIRONA Inc.,818479,Nasdaq
IMNM,Immunome Inc.,1472012,Nasdaq
TARS,"Tarsus Pharmaceuticals, Inc.",1819790,Nasdaq
ATRO,ASTRONICS CORP,8063,Nasdaq
HCM,HUTCHMED (China) Ltd,1648257,Nasdaq
AWR,AMERICAN STATES WATER CO,1056903,NYSE
WRD,WeRide Inc.,1867729,Nasdaq
SYRE,"Spyre Therapeutics, Inc.",1636282,Nasdaq
BATRA,"Atlanta Braves Holdings, Inc.",1958140,Nasdaq
VTMX,"Vesta Real Estate Corporation, S.A.B. de C.V.",1969373,NYSE
RELY,"Remitly Global, Inc.",1782170,Nasdaq
TNET,"TRINET GROUP, INC.",937098,NYSE
BTE,BAYTEX ENERGY CORP.,1279495,NYSE
CHEF,"Chefs' Warehouse, Inc.",1517175,Nasdaq
AMR,"Alpha Metallurgical Resources, Inc.",1704715,NYSE
VSH,VISHAY INTERTECHNOLOGY INC,103730,NYSE
PRVA,"Privia Health Group, Inc.",1759655,Nasdaq
BL,"BLACKLINE, INC.",1666134,Nasdaq
ACLS,AXCELIS TECHNOLOGIES INC,1113232,Nasdaq
NAVN,"Navan, Inc.",1639723,Nasdaq
BRSL,Brightstar Lottery PLC,1619762,NYSE
FCPT,"Four Corners Property Trust, Inc.",1650132,NYSE
BEAM,Beam Therapeutics Inc.,1745999,Nasdaq
SAM,BOSTON BEER CO INC,949870,NYSE
TRMK,TRUSTMARK CORP,36146,Nasdaq
CCU,UNITED BREWERIES CO INC,888746,NYSE
DBC,Invesco DB Commodity Index Tracking Fund,1328237,NYSE
CURB,Curbline Properties Corp.,2027317,NYSE
VRNS,VARONIS SYSTEMS INC,1361113,Nasdaq
FRME,FIRST MERCHANTS CORP,712534,Nasdaq
BBT,Beacon Financial Corp,1108134,NYSE
BKE,BUCKLE INC,885245,NYSE
KNTK,Kinetik Holdings Inc.,1692787,NYSE
TVTX,"Travere Therapeutics, Inc.",1438533,Nasdaq
LFST,"LifeStance Health Group, Inc.",1845257,Nasdaq
POWI,POWER INTEGRATIONS INC,833640,Nasdaq
CWT,CALIFORNIA WATER SERVICE GROUP,1035201,NYSE
NGVT,Ingevity Corp,1653477,NYSE
DXC,DXC Technology Co,1688568,NYSE
GLOB,Globant S.A.,1557860,NYSE
ZGN,Ermenegildo Zegna N.V.,1877787,NYSE
DBD,"DIEBOLD NIXDORF, Inc",28823,NYSE
SHTPY,SCHOTT Pharma AG & Co. KGaA/ADR,2018852,OTC
LION,Lionsgate Studios Corp.,2052959,NYSE
CUBI,"Customers Bancorp, Inc.",1488813,NYSE
ARX,Accelerant Holdings,1997350,NYSE
RCUS,"Arcus Biosciences, Inc.",1724521,NYSE
FRSH,Freshworks Inc.,1544522,Nasdaq
SBLK,Star Bulk Carriers Corp.,1386716,Nasdaq
TDC,TERADATA CORP /DE/,816761,NYSE
SHOO,"STEVEN MADDEN, LTD.",913241,Nasdaq
CECO,CECO ENVIRONMENTAL CORP,3197,Nasdaq
GDV,GABELLI DIVIDEND & INCOME TRUST,1260729,NYSE
FBNC,FIRST BANCORP /NC/,811589,Nasdaq
CLSK,"CLEANSPARK, INC.",827876,Nasdaq
WAFD,WAFD INC,936528,Nasdaq
TENB,"Tenable Holdings, Inc.",1660280,Nasdaq
HUBG,"Hub Group, Inc.",940942,Nasdaq
TRMD,TORM plc,1655891,Nasdaq
OI,"O-I Glass, Inc. /DE/",812074,NYSE
BBUC,Brookfield Business Corp,1871130,NYSE
UTF,COHEN & STEERS INFRASTRUCTURE FUND INC,1275617,NYSE
ALG,ALAMO GROUP INC,897077,NYSE
ARCB,ARCBEST CORP /DE/,894405,Nasdaq
FLO,FLOWERS FOODS INC,1128928,NYSE
WB,WEIBO Corp,1595761,Nasdaq
UPWK,"UPWORK, INC",1627475,Nasdaq
VERX,"Vertex, Inc.",1806837,Nasdaq
NHC,NATIONAL HEALTHCARE CORP,1047335,NYSE
NOG,"NORTHERN OIL & GAS, INC.",1104485,NYSE
BWLP,BW LPG Ltd,1649313,NYSE
LU,Lufax Holding Ltd,1816007,NYSE
WVE,Wave Life Sciences Ltd.,1631574,Nasdaq
PTY,PIMCO CORPORATE & INCOME OPPORTUNITY FUND,1190935,NYSE
GOF,GUGGENHEIM STRATEGIC OPPORTUNITIES FUND,1380936,NYSE
CRVL,CORVEL CORP,874866,Nasdaq
LUNR,"Intuitive Machines, Inc.",1844452,Nasdaq
ZIM,ZIM Integrated Shipping Services Ltd.,1654126,NYSE
HOG,"HARLEY-DAVIDSON, INC.",793952,NYSE
SDRL,Seadrill Ltd,1737706,NYSE
CNXC,Concentrix Corp,1803599,Nasdaq
GSHD,"Goosehead Insurance, Inc.",1726978,Nasdaq
ATHM,Autohome Inc.,1527636,NYSE
CEPU,CENTRAL PUERTO S.A.,1717161,NYSE
MLCO,Melco Resorts & Entertainment LTD,1381640,Nasdaq
IE,Ivanhoe Electric Inc.,1879016,NYSE
UNFI,UNITED NATURAL FOODS INC,1020859,NYSE
TPB,"Turning Point Brands, Inc.",1290677,NYSE
DAVE,Dave Inc./DE,1841408,Nasdaq
NZF,Nuveen Municipal Credit Income Fund,1137887,NYSE
CVI,CVR ENERGY INC,1376139,NYSE
TRN,TRINITY INDUSTRIES INC,99780,NYSE
PTRN,Pattern Group Inc.,1811935,Nasdaq
HNGE,"Hinge Health, Inc.",1673743,NYSE
NBTB,NBT BANCORP INC,790359,Nasdaq
TSCFY,Tisco Financial Group Public Co Limited/ADR,1555815,OTC
HTH,Hilltop Holdings Inc.,1265131,NYSE
WGS,GeneDx Holdings Corp.,1818331,Nasdaq
AGYS,AGILYSYS INC,78749,Nasdaq
SPNT,SiriusPoint Ltd,1576018,NYSE
SID,NATIONAL STEEL CO,1049659,NYSE
TGLS,Tecnoglass Inc.,1534675,NYSE
WS,"Worthington Steel, Inc.",1968487,NYSE
ANDG,Andersen Group Inc.,2065708,NYSE
ALRM,"Alarm.com Holdings, Inc.",1459200,Nasdaq
BUSE,FIRST BUSEY CORP /NV/,314489,Nasdaq
MH,"McGraw Hill, Inc.",1951070,NYSE
AYR,Aircastle LTD,1362988,
CPRI,Capri Holdings Ltd,1530721,NYSE
HLIO,"HELIOS TECHNOLOGIES, INC.",1024795,NYSE
ADPT,Adaptive Biotechnologies Corp,1478320,Nasdaq
ETY,Eaton Vance Tax-Managed Diversified Equity Income Fund,1340736,NYSE
DHT,"DHT Holdings, Inc.",1331284,NYSE
RARE,Ultragenyx Pharmaceutical Inc.,1515673,Nasdaq
TLX,Telix Pharmaceuticals Ltd,2007191,Nasdaq
CENT,CENTRAL GARDEN & PET CO,887733,Nasdaq
HTFL,"Heartflow, Inc.",1464521,Nasdaq
IVT,InvenTrust Properties Corp.,1307748,NYSE
MLYS,"Mineralys Therapeutics, Inc.",1933414,Nasdaq
TXG,"10x Genomics, Inc.",1770787,Nasdaq
FMCXF,FORAN MINING CORP,1105122,OTC
NEOG,NEOGEN CORP,711377,Nasdaq
DXPE,DXP ENTERPRISES INC,1020710,Nasdaq
BOBS,"Bob's Discount Furniture, Inc.",2085187,NYSE
RNG,"RingCentral, Inc.",1384905,NYSE
HUN,Huntsman CORP,1307954,NYSE
BWIN,"Baldwin Insurance Group, Inc.",1781755,Nasdaq
BRBR,"BELLRING BRANDS, INC.",1772016,NYSE
GTM,ZoomInfo Technologies Inc.,1794515,Nasdaq
KN,Knowles Corp,1587523,NYSE
JBLU,JETBLUE AIRWAYS CORP,1158463,Nasdaq
SEZL,Sezzle Inc.,1662991,Nasdaq
CLM,"Cornerstone Strategic Investment Fund, Inc.",814083,NYSE
BLKB,BLACKBAUD INC,1280058,Nasdaq
TNK,TEEKAY TANKERS LTD.,1419945,NYSE
PK,Park Hotels & Resorts Inc.,1617406,NYSE
COTY,COTY INC.,1024305,NYSE
ASGN,ASGN Inc,890564,NYSE
ATKR,Atkore Inc.,1666138,NYSE
PLUS,EPLUS INC,1022408,Nasdaq
AAPG,ASCENTAGE PHARMA GROUP INTERNATIONAL,2023311,Nasdaq
EYE,"National Vision Holdings, Inc.",1710155,Nasdaq
SVM,SILVERCORP METALS INC,1340677,NYSE
USAS,Americas Gold & Silver Corp,1286973,NYSE
ANDE,"Andersons, Inc.",821026,Nasdaq
CSGS,CSG SYSTEMS INTERNATIONAL INC,1005757,Nasdaq
MTX,MINERALS TECHNOLOGIES INC,891014,NYSE
AVPT,"AvePoint, Inc.",1777921,Nasdaq
PAYO,Payoneer Global Inc.,1845815,Nasdaq
KYN,"Kayne Anderson Energy Infrastructure Fund, Inc.",1293613,NYSE
EPAC,ENERPAC TOOL GROUP CORP,6955,NYSE
ETOR,eToro Group Ltd.,1493318,Nasdaq
HI,"Hillenbrand, Inc.",1417398,NYSE
PAX,Patria Investments Ltd,1825570,Nasdaq
XXI,"Twenty One Capital, Inc.",2070457,NYSE
NIC,NICOLET BANKSHARES INC,1174850,NYSE
GEO,GEO GROUP INC,923796,NYSE
KALU,KAISER ALUMINUM CORP,811596,Nasdaq
SLNO,SOLENO THERAPEUTICS INC,1484565,Nasdaq
QFIN,"Qfin Holdings, Inc.",1741530,Nasdaq
TALO,TALOS ENERGY INC.,1724965,NYSE
EFSC,ENTERPRISE FINANCIAL SERVICES CORP,1025835,Nasdaq
COPR,Idaho Copper Corp,1263364,OTC
WT,"WisdomTree, Inc.",880631,NYSE
NTB,Bank of N.T. Butterfield & Son Ltd,1653242,NYSE
SLDE,"Slide Insurance Holdings, Inc.",1886428,Nasdaq
BANR,BANNER CORP,946673,Nasdaq
PARR,"PAR PACIFIC HOLDINGS, INC.",821483,NYSE
PLAB,PHOTRONICS INC,810136,Nasdaq
GLPG,GALAPAGOS NV,1421876,Nasdaq
DNTH,"Dianthus Therapeutics, Inc. /DE/",1690585,Nasdaq
UCTT,"Ultra Clean Holdings, Inc.",1275014,Nasdaq
CLMT,"Calumet, Inc. /DE",2013745,Nasdaq
EFXT,Enerflex Ltd.,1904856,NYSE
OSW,ONESPAWORLD HOLDINGS Ltd,1758488,Nasdaq
BBAI,"BigBear.ai Holdings, Inc.",1836981,NYSE
BHC,Bausch Health Companies Inc.,885590,NYSE
BRZE,"Braze, Inc.",1676238,Nasdaq
MAZE,"Maze Therapeutics, Inc.",1842295,Nasdaq
FLOC,Flowco Holdings Inc.,2035149,NYSE
STC,STEWART INFORMATION SERVICES CORP,94344,NYSE
WD,"Walker & Dunlop, Inc.",1497770,NYSE
DEI,Douglas Emmett Inc,1364250,NYSE
PAHC,PHIBRO ANIMAL HEALTH CORP,1069899,Nasdaq
SEDG,"SOLAREDGE TECHNOLOGIES, INC.",1419612,Nasdaq
HRMY,"Harmony Biosciences Holdings, Inc.",1802665,Nasdaq
GRDN,"Guardian Pharmacy Services, Inc.",1802255,NYSE
IOSP,INNOSPEC INC.,1054905,Nasdaq
CDLR,Cadeler A/S,1978867,NYSE
OSSUY,Embla Medical HF/ADR,1437545,OTC
RVT,"ROYCE SMALL-CAP TRUST, INC.",804116,NYSE
OGN,Organon & Co.,1821825,NYSE
SAH,SONIC AUTOMOTIVE INC,1043509,NYSE
DK,"Delek US Holdings, Inc.",1694426,NYSE
AVDL,AVADEL PHARMACEUTICALS PLC,1012477,Nasdaq
GNL,"Global Net Lease, Inc.",1526113,NYSE
IRDM,Iridium Communications Inc.,1418819,Nasdaq
MESO,MESOBLAST LTD,1345099,Nasdaq
HCI,"HCI Group, Inc.",1400810,NYSE
GEL,GENESIS ENERGY LP,1022321,NYSE
QUBT,Quantum Computing Inc.,1758009,Nasdaq
BHE,BENCHMARK ELECTRONICS INC,863436,NYSE
TIC,"TIC Solutions, Inc.",2032966,NYSE
NESR,National Energy Services Reunited Corp.,1698514,Nasdaq
ADNT,Adient plc,1670541,NYSE
NCNO,"nCino, Inc.",1902733,Nasdaq
ALGT,Allegiant Travel CO,1362468,Nasdaq
SYBT,"Stock Yards Bancorp, Inc.",835324,Nasdaq
VVX,"V2X, Inc.",1601548,NYSE
PWP,Perella Weinberg Partners,1777835,Nasdaq
CASH,"PATHWARD FINANCIAL, INC.",907471,Nasdaq
CBZ,"CBIZ, Inc.",944148,NYSE
ASAN,"Asana, Inc.",1477720,NYSE
WERN,WERNER ENTERPRISES INC,793074,Nasdaq
FA,FIRST ADVANTAGE CORP,1210677,Nasdaq
KSS,KOHLS Corp,885639,NYSE
MNR,MACH NATURAL RESOURCES LP,1980088,NYSE
RXRX,"RECURSION PHARMACEUTICALS, INC.",1601830,Nasdaq
HLMN,Hillman Solutions Corp.,1822492,Nasdaq
SONO,Sonos Inc,1314727,Nasdaq
UFPT,UFP TECHNOLOGIES INC,914156,Nasdaq
ATEC,"Alphatec Holdings, Inc.",1350653,Nasdaq
CCS,"Century Communities, Inc.",1576940,NYSE
PRDO,PERDOCEO EDUCATION Corp,1046568,Nasdaq
CHA,Chagee Holdings Ltd.,2013649,Nasdaq
SLVM,Sylvamo Corp,1856485,NYSE
BB,BLACKBERRY Ltd,1070235,NYSE
EXTR,EXTREME NETWORKS INC,1078271,Nasdaq
NVTS,Navitas Semiconductor Corp,1821769,Nasdaq
DCH,Dauch Corp,1062231,NYSE
PRKS,United Parks & Resorts Inc.,1564902,NYSE
FIHL,Fidelis Insurance Holdings Ltd,1636639,NYSE
LNXSY,LANXESS AG,1311307,OTC
DRSHF,DroneShield Ltd,1671541,OTC
OLMA,"Olema Pharmaceuticals, Inc.",1750284,Nasdaq
FORTY,FORMULA SYSTEMS (1985) LTD,1045986,Nasdaq
NYAX,Nayax Ltd.,1901279,Nasdaq
NN,NEXTNAV INC.,1865631,Nasdaq
TILE,INTERFACE INC,715787,Nasdaq
ZLAB,Zai Lab Ltd,1704292,Nasdaq
PRGO,PERRIGO Co plc,1585364,NYSE
MCW,"Mister Car Wash, Inc.",1853513,Nasdaq
KMPR,KEMPER Corp,860748,NYSE
IMAX,IMAX CORP,921582,NYSE
CXW,"CoreCivic, Inc.",1070985,NYSE
ESRT,"Empire State Realty Trust, Inc.",1541401,NYSE
STEL,"Stellar Bancorp, Inc.",1473844,NYSE
FXCNY,FIH Mobile Ltd,1164009,OTC
ESTA,ESTABLISHMENT LABS HOLDINGS INC.,1688757,Nasdaq
NTCT,NETSCOUT SYSTEMS INC,1078075,Nasdaq
NWN,Northwest Natural Holding Co,1733998,NYSE
OCUL,"OCULAR THERAPEUTIX, INC",1393434,Nasdaq
ADEA,Adeia Inc.,1803696,Nasdaq
ARR,"Armour Residential REIT, Inc.",1428205,NYSE
LMAT,LEMAITRE VASCULAR INC,1158895,Nasdaq
UNIT,Uniti Group Inc.,2020795,Nasdaq
QDEL,QuidelOrtho Corp,1906324,Nasdaq
EVT,Eaton Vance Tax-Advantaged Dividend Income Fund,1253327,NYSE
PTON,"PELOTON INTERACTIVE, INC.",1639825,Nasdaq
GRND,Grindr Inc.,1820144,NYSE
RUM,Rumble Inc.,1830081,Nasdaq
INTA,"Intapp, Inc.",1565687,Nasdaq
PENN,"PENN Entertainment, Inc.",921738,Nasdaq
BUR,Burford Capital Ltd,1714174,NYSE
LC,LendingClub Corp,1409970,NYSE
FCF,FIRST COMMONWEALTH FINANCIAL CORP /PA/,712537,NYSE
NUVB,Nuvation Bio Inc.,1811063,NYSE
AESI,Atlas Energy Solutions Inc.,1984060,NYSE
DRH,DiamondRock Hospitality Co,1298946,Nasdaq
EVCM,EverCommerce Inc.,1853145,Nasdaq
MBIN,Merchants Bancorp,1629019,Nasdaq
NWBI,"Northwest Bancshares, Inc.",1471265,Nasdaq
ADUS,Addus HomeCare Corp,1468328,Nasdaq
SEM,SELECT MEDICAL HOLDINGS CORP,1320414,NYSE
STRA,"Strategic Education, Inc.",1013934,Nasdaq
SKWD,"Skyward Specialty Insurance Group, Inc.",1519449,Nasdaq
INSP,"Inspire Medical Systems, Inc.",1609550,NYSE
NWL,NEWELL BRANDS INC.,814453,Nasdaq
PDO,PIMCO Dynamic Income Opportunities Fund,1798618,NYSE
SRPT,"Sarepta Therapeutics, Inc.",873303,Nasdaq
NOMD,Nomad Foods Ltd,1651717,NYSE
CLBK,"Columbia Financial, Inc.",1723596,Nasdaq
XPRO,EXPRO GROUP HOLDINGS N.V.,1575828,NYSE
GAB,GABELLI EQUITY TRUST INC,794685,NYSE
VAC,MARRIOTT VACATIONS WORLDWIDE Corp,1524358,NYSE
RVLV,"Revolve Group, Inc.",1746618,NYSE
ROG,ROGERS CORP,84748,NYSE
CMRE,Costamare Inc.,1503584,NYSE
TSLX,"Sixth Street Specialty Lending, Inc.",1508655,NYSE
NUV,NUVEEN MUNICIPAL VALUE FUND INC,812801,NYSE
FUN,Six Flags Entertainment Corporation/NEW,1999001,NYSE
IQ,"iQIYI, Inc.",1722608,Nasdaq
MQ,"Marqeta, Inc.",1522540,Nasdaq
AUPH,Aurinia Pharmaceuticals Inc.,1600620,Nasdaq
RNW,ReNew Energy Global plc,1848763,Nasdaq
PGNY,"Progyny, Inc.",1551306,Nasdaq
LOB,"Live Oak Bancshares, Inc.",1462120,NYSE
AORT,"ARTIVION, INC.",784199,NYSE
CYD,CHINA YUCHAI INTERNATIONAL LTD,932695,NYSE
BLBD,Blue Bird Corp,1589526,Nasdaq
HTO,H2O AMERICA,766829,Nasdaq
DAC,Danaos Corp,1369241,NYSE
CMPR,CIMPRESS plc,1262976,Nasdaq
PSIX,"POWER SOLUTIONS INTERNATIONAL, INC.",1137091,Nasdaq
APPN,APPIAN CORP,1441683,Nasdaq
NTST,NETSTREIT Corp.,1798100,NYSE
AGM,FEDERAL AGRICULTURAL MORTGAGE CORP,845877,NYSE
PBI,PITNEY BOWES INC /DE/,78814,NYSE
ATRC,"AtriCure, Inc.",1323885,Nasdaq
STOK,"Stoke Therapeutics, Inc.",1623526,Nasdaq
VECO,VEECO INSTRUMENTS INC,103145,Nasdaq
FDP,FRESH DEL MONTE PRODUCE INC,1047340,NYSE
GCMG,GCM Grosvenor Inc.,1819796,Nasdaq
CURLF,"Curaleaf Holdings, Inc.",1756770,OTC
PRGS,PROGRESS SOFTWARE CORP /MA,876167,Nasdaq
CHCO,CITY HOLDING CO,726854,Nasdaq
FMC,FMC CORP,37785,NYSE
VRE,"Veris Residential, Inc.",924901,NYSE
EBCRY,Embracer Group AB/ADR,1969796,OTC
SMNR,"Semnur Pharmaceuticals, Inc.",1913577,OTC
ANIP,ANI PHARMACEUTICALS INC,1023024,Nasdaq
VCEL,Vericel Corp,887359,Nasdaq
ALKT,"ALKAMI TECHNOLOGY, INC.",1529274,Nasdaq
AAMI,Acadian Asset Management Inc.,1748824,NYSE
ESBA,"Empire State Realty OP, L.P.",1553079,NYSE
SNDX,Syndax Pharmaceuticals Inc,1395937,Nasdaq
MAAS,Maase Inc.,1750264,Nasdaq
DFH,"Dream Finders Homes, Inc.",1825088,NYSE
WMK,WEIS MARKETS INC,105418,NYSE
SXGCF,Southern Cross Gold Consolidated Ltd.,1622629,OTC
MD,"Pediatrix Medical Group, Inc.",893949,NYSE
DVAX,DYNAVAX TECHNOLOGIES CORP,1029142,Nasdaq
DCO,DUCOMMUN INC /DE/,30305,NYSE
BLX,"FOREIGN TRADE BANK OF LATIN AMERICA, INC.",890541,NYSE
ARRY,"Array Technologies, Inc.",1820721,Nasdaq
MCRI,MONARCH CASINO & RESORT INC,907242,Nasdaq
ARCO,Arcos Dorados Holdings Inc.,1508478,NYSE
SVV,"Savers Value Village, Inc.",1883313,NYSE
OFG,OFG BANCORP,1030469,NYSE
SEMR,"SEMrush Holdings, Inc.",1831840,NYSE
HBNB,Hotel101 Global Holdings Corp.,2054507,Nasdaq
USA,LIBERTY ALL STAR EQUITY FUND,799195,NYSE
LTC,LTC PROPERTIES INC,887905,NYSE
GTY,GETTY REALTY CORP /MD/,1052752,NYSE
SMA,"SmartStop Self Storage REIT, Inc.",1585389,NYSE
PSNY,Polestar Automotive Holding UK PLC,1884082,Nasdaq
ETG,Eaton Vance Tax-Advantaged Global Dividend Income Fund,1270523,NYSE
MNKD,MANNKIND CORP,899460,Nasdaq
STEW,"SRH Total Return Fund, Inc.",102426,NYSE
SPB,"Spectrum Brands Holdings, Inc.",109177,NYSE
ARDX,"ARDELYX, INC.",1437402,Nasdaq
FIGS,"FIGS, Inc.",1846576,NYSE
HMN,HORACE MANN EDUCATORS CORP /DE/,850141,NYSE
TE,T1 Energy Inc.,1992243,NYSE
SGRY,"Surgery Partners, Inc.",1638833,Nasdaq
HLF,HERBALIFE LTD.,1180262,NYSE
HROW,"HARROW, INC.",1360214,Nasdaq
NMM,Navios Maritime Partners L.P.,1415921,NYSE
AXGN,"Axogen, Inc.",805928,Nasdaq
AVVSY,Avio S.p.A./ADR,2082141,OTC
INVX,"Innovex International, Inc.",1042893,NYSE
LEG,LEGGETT & PLATT INC,58492,NYSE
ELVN,"Enliven Therapeutics, Inc.",1672619,Nasdaq
NAC,Nuveen California Quality Municipal Income Fund,1074952,NYSE
PCT,"PureCycle Technologies, Inc.",1830033,Nasdaq
SHO,"Sunstone Hotel Investors, Inc.",1295810,NYSE
TY,TRI-CONTINENTAL Corp,99614,NYSE
NRIX,"Nurix Therapeutics, Inc.",1549595,Nasdaq
AIN,ALBANY INTERNATIONAL CORP /DE/,819793,NYSE
ZYME,Zymeworks Inc.,1937653,Nasdaq
EVTC,"EVERTEC, Inc.",1559865,NYSE
GRC,GORMAN RUPP CO,42682,NYSE
ODD,Oddity Tech Ltd,1907085,Nasdaq
MBC,"MasterBrand, Inc.",1941365,NYSE
SHLS,"Shoals Technologies Group, Inc.",1831651,Nasdaq
SRCE,1ST SOURCE CORP,34782,Nasdaq
CNXN,PC CONNECTION INC,1050377,Nasdaq
PHVS,Pharvaris N.V.,1830487,Nasdaq
BDJ,BlackRock Enhanced Equity Dividend Trust,1332283,NYSE
CRVS,"Corvus Pharmaceuticals, Inc.",1626971,Nasdaq
ETV,Eaton Vance Tax-Managed Buy-Write Opportunities Fund,1322436,NYSE
AEGXF,Aecon Group Inc.,1309167,OTC
BFC,Bank First Corp,1746109,Nasdaq
GBX,GREENBRIER COMPANIES INC,923120,NYSE
OMCL,"OMNICELL, INC.",926326,Nasdaq
CDRE,"Cadre Holdings, Inc.",1860543,NYSE
AILIH,Ameren Illinois Co,18654,OTC
WLDN,"Willdan Group, Inc.",1370450,Nasdaq
TCBK,TRICO BANCSHARES /,356171,Nasdaq
RQI,COHEN & STEERS QUALITY INCOME REALTY FUND INC,1157842,NYSE
MAN,ManpowerGroup Inc.,871763,NYSE
MBX,"MBX Biosciences, Inc.",1776111,Nasdaq
TV,"GRUPO TELEVISA, S.A.B.",912892,NYSE
STBA,S&T BANCORP INC,719220,Nasdaq
TNGX,"Tango Therapeutics, Inc.",1819133,Nasdaq
SLSR,Solaris Resources Inc.,2019103,NYSE
RAPT,"RAPT Therapeutics, Inc.",1673772,Nasdaq
VIA,"Via Transportation, Inc.",1603015,NYSE
GABC,"GERMAN AMERICAN BANCORP, INC.",714395,Nasdaq
GTBIF,Green Thumb Industries Inc.,1795139,OTC
RDW,Redwire Corp,1819810,NYSE
KDK,"Kodiak AI, Inc.",1853138,Nasdaq
DGII,DIGI INTERNATIONAL INC,854775,Nasdaq
THR,"Thermon Group Holdings, Inc.",1489096,NYSE
TYRA,"Tyra Biosciences, Inc.",1863127,Nasdaq
HTZ,"HERTZ GLOBAL HOLDINGS, INC",1657853,Nasdaq
ABR,ARBOR REALTY TRUST INC,1253986,NYSE
RHLD,"Resolute Holdings Management, Inc.",2039497,NYSE
OCS,Oculis Holding AG,1953530,Nasdaq
SMPL,Simply Good Foods Co,1702744,Nasdaq
DFTX,"Definium Therapeutics, Inc.",1813814,Nasdaq
CTS,CTS CORP,26058,NYSE
AI,"C3.ai, Inc.",1577526,NYSE
NEXA,Nexa Resources S.A.,1713930,NYSE
MDCOY,PT Medco Energi Internasional Tbk/ADR,2094100,OTC
AMRC,"Ameresco, Inc.",1488139,NYSE
MXL,"MAXLINEAR, INC",1288469,Nasdaq
AVAH,"Aveanna Healthcare Holdings, Inc.",1832332,Nasdaq
BORR,Borr Drilling Ltd,1715497,NYSE
INVA,"Innoviva, Inc.",1080014,Nasdaq
LILA,Liberty Latin America Ltd.,1712184,Nasdaq
TFIN,"Triumph Financial, Inc.",1539638,NYSE
MGNI,"MAGNITE, INC.",1595974,Nasdaq
EFC,Ellington Financial Inc.,1411342,NYSE
IMCR,Immunocore Holdings plc,1671927,Nasdaq
IMKTA,INGLES MARKETS INC,50493,Nasdaq
WINA,WINMARK CORP,908315,Nasdaq
SION,"Sionna Therapeutics, Inc.",2036042,Nasdaq
QCRH,QCR HOLDINGS INC,906465,Nasdaq
PRCT,PROCEPT BioRobotics Corp,1588978,Nasdaq
ENR,"ENERGIZER HOLDINGS, INC.",1632790,NYSE
ICFI,"ICF International, Inc.",1362004,Nasdaq
HOPE,HOPE BANCORP INC,1128361,Nasdaq
PRLB,Proto Labs Inc,1443669,NYSE
BRKK,Barentsz Capital Ltd,2074160,
VOYG,"Voyager Technologies, Inc./DE",1788060,NYSE
ORKA,"Oruka Therapeutics, Inc.",907654,Nasdaq
LZB,LA-Z-BOY INC,57131,NYSE
LKFN,LAKELAND FINANCIAL CORP,721994,Nasdaq
XZO,"Exzeo Group, Inc.",1873951,NYSE
QURE,uniQure N.V.,1590560,Nasdaq
AMPX,"Amprius Technologies, Inc.",1899287,NYSE
DQ,DAQO NEW ENERGY CORP.,1477641,NYSE
BSTZ,BlackRock Science & Technology Term Trust,1768666,NYSE
ROCK,"GIBRALTAR INDUSTRIES, INC.",912562,Nasdaq
DCOM,"Dime Community Bancshares, Inc. /NY/",846617,Nasdaq
ASM,AVINO SILVER & GOLD MINES LTD,316888,NYSE
ALVO,Alvotech,1898416,Nasdaq
SBH,"Sally Beauty Holdings, Inc.",1368458,NYSE
GLP,GLOBAL PARTNERS LP,1323468,NYSE
VZLA,Vizsla Silver Corp.,1796073,NYSE
CLDX,"Celldex Therapeutics, Inc.",744218,Nasdaq
NRP,NATURAL RESOURCE PARTNERS LP,1171486,NYSE
EZPW,EZCORP INC,876523,Nasdaq
XHR,"Xenia Hotels & Resorts, Inc.",1616000,NYSE
NBHC,National Bank Holdings Corp,1475841,NYSE
BCRX,BIOCRYST PHARMACEUTICALS INC,882796,Nasdaq
ECO,Okeanis Eco Tankers Corp.,1964954,NYSE
VET,VERMILION ENERGY INC.,1293135,NYSE
ARHS,"Arhaus, Inc.",1875444,Nasdaq
JJSF,J&J SNACK FOODS CORP,785956,Nasdaq
NXRT,"NexPoint Residential Trust, Inc.",1620393,NYSE
WTTR,"Select Water Solutions, Inc.",1693256,NYSE
TTI,TETRA TECHNOLOGIES INC,844965,NYSE
NVRI,ENVIRI Corp,45876,NYSE
CTOS,"Custom Truck One Source, Inc.",1709682,NYSE
BXMX,Nuveen S&P 500 BuyWrite Income Fund,1298699,NYSE
GSG,iShares S&P GSCI Commodity-Indexed Trust,1332174,NYSE
NSSC,"NAPCO SECURITY TECHNOLOGIES, INC",69633,Nasdaq
WKC,WORLD KINECT CORP,789460,NYSE
BCAT,BlackRock Capital Allocation Term Trust,1809541,NYSE
AGIO,"AGIOS PHARMACEUTICALS, INC.",1439222,Nasdaq
RLAY,"Relay Therapeutics, Inc.",1812364,Nasdaq
IAUX,i-80 Gold Corp.,1853962,NYSE
KARO,Karooooo Ltd.,1828102,Nasdaq
MLKN,"MILLERKNOLL, INC.",66382,Nasdaq
DOLE,Dole plc,1857475,NYSE
DHC,DIVERSIFIED HEALTHCARE TRUST,1075415,Nasdaq
AMLX,"Amylyx Pharmaceuticals, Inc.",1658551,Nasdaq
BHVN,Biohaven Ltd.,1935979,NYSE
YELP,YELP INC,1345016,NYSE
WLY,"JOHN WILEY & SONS, INC.",107140,NYSE
BY,"BYLINE BANCORP, INC.",1702750,NYSE
WLFC,WILLIS LEASE FINANCE CORP,1018164,Nasdaq
WEN,Wendy's Co,30697,Nasdaq
REAL,"TheRealReal, Inc.",1573221,Nasdaq
DV,"DoubleVerify Holdings, Inc.",1819928,NYSE
BMEZ,BlackRock Health Sciences Term Trust,1785971,NYSE
WWW,WOLVERINE WORLD WIDE INC /DE/,110471,NYSE
ECAT,BlackRock ESG Capital Allocation Term Trust,1864843,NYSE
RAMP,"LiveRamp Holdings, Inc.",733269,NYSE
PGEN,"PRECIGEN, INC.",1356090,Nasdaq
INOD,INNODATA INC,903651,Nasdaq
GCT,GigaCloud Technology Inc,1857816,Nasdaq
TNC,TENNANT CO,97134,NYSE
ALEX,"Alexander & Baldwin, Inc.",1545654,NYSE
CET,CENTRAL SECURITIES CORP,18748,NYSE
RCAT,"Red Cat Holdings, Inc.",748268,Nasdaq
CNL,Collective Mining Ltd.,1953575,NYSE
COLL,"COLLEGIUM PHARMACEUTICAL, INC",1267565,Nasdaq
ARI,"Apollo Commercial Real Estate Finance, Inc.",1467760,NYSE
PGY,Pagaya Technologies Ltd.,1883085,Nasdaq
BTT,BlackRock Municipal 2030 Target Term Trust,1528437,NYSE
MUX,McEwen Inc.,314203,NYSE
TRIP,"TripAdvisor, Inc.",1526520,Nasdaq
GLUE,"Monte Rosa Therapeutics, Inc.",1826457,Nasdaq
WBTN,WEBTOON Entertainment Inc.,1997859,Nasdaq
NGL,NGL Energy Partners LP,1504461,NYSE
FOR,Forestar Group Inc.,1406587,NYSE
KRP,"Kimbell Royalty Partners, LP",1657788,NYSE
ULCC,"Frontier Group Holdings, Inc.",1670076,Nasdaq
CXM,"Sprinklr, Inc.",1569345,NYSE
KMTS,"KESTRA MEDICAL TECHNOLOGIES, LTD.",1877184,Nasdaq
LOMA,Loma Negra Compania Industrial Argentina Sociedad Anonima,1711375,NYSE
CLVT,CLARIVATE PLC,1764046,NYSE
NEO,NEOGENOMICS INC,1077183,Nasdaq
NNE,Nano Nuclear Energy Inc.,1923891,Nasdaq
SKYT,"SkyWater Technology, Inc",1819974,Nasdaq
AAT,"American Assets Trust, Inc.",1500217,NYSE
TRVI,"Trevi Therapeutics, Inc.",1563880,Nasdaq
PEB,Pebblebrook Hotel Trust,1474098,NYSE
TRS,TRIMAS CORP,842633,Nasdaq
NSP,"INSPERITY, INC.",1000753,NYSE
JMIA,Jumia Technologies AG,1756708,NYSE
BAK,BRASKEM SA,1071438,NYSE
GENI,Genius Sports Ltd,1834489,NYSE
LZ,"LEGALZOOM.COM, INC.",1286139,Nasdaq
IPX,IPERIONX Ltd,1898601,Nasdaq
RBCAA,REPUBLIC BANCORP INC /KY/,921557,Nasdaq
HYT,"BLACKROCK CORPORATE HIGH YIELD FUND, INC.",1222401,NYSE
TIGR,UP Fintech Holding Ltd,1756699,Nasdaq
COHU,COHU INC,21535,Nasdaq
UVV,UNIVERSAL CORP /VA/,102037,NYSE
AHCO,AdaptHealth Corp.,1725255,Nasdaq
CNOB,"ConnectOne Bancorp, Inc.",712771,Nasdaq
GAM,GENERAL AMERICAN INVESTORS CO INC,40417,NYSE
XPEL,"XPEL, Inc.",1767258,Nasdaq
TRUP,"TRUPANION, INC.",1371285,Nasdaq
JKS,"JinkoSolar Holding Co., Ltd.",1481513,NYSE
DSGR,"Distribution Solutions Group, Inc.",703604,Nasdaq
FLNG,Flex LNG Ltd.,1772253,NYSE
LNN,LINDSAY CORP,836157,NYSE
NTLA,"Intellia Therapeutics, Inc.",1652130,Nasdaq
SCL,STEPAN CO,94049,NYSE
UPB,"Upstream Bio, Inc.",2022626,Nasdaq
LAC,LITHIUM AMERICAS CORP.,1966983,NYSE
BVC,BitVentures Ltd,1785680,Nasdaq
OBK,"Origin Bancorp, Inc.",1516912,NYSE
ATEN,"A10 Networks, Inc.",1580808,NYSE
KOD,Kodiak Sciences Inc.,1468748,Nasdaq
PLSE,"PULSE BIOSCIENCES, INC.",1625101,Nasdaq
HCSG,HEALTHCARE SERVICES GROUP INC,731012,Nasdaq
UTI,UNIVERSAL TECHNICAL INSTITUTE INC,1261654,NYSE
ANAB,"ANAPTYSBIO, INC",1370053,Nasdaq
AFYA,Afya Ltd,1771007,Nasdaq
CSWC,CAPITAL SOUTHWEST CORP,17313,Nasdaq
BTX,BlackRock Technology & Private Equity Term Trust,1836057,NYSE
ORC,"Orchid Island Capital, Inc.",1518621,NYSE
ENVX,Enovix Corp,1828318,Nasdaq
NEXT,NextDecade Corp,1612720,Nasdaq
LPG,DORIAN LPG LTD.,1596993,NYSE
HIMX,"Himax Technologies, Inc.",1342338,Nasdaq
SBET,"Sharplink, Inc.",1981535,Nasdaq
EDN,EDENOR,1395213,NYSE
SILA,"Sila Realty Trust, Inc.",1567925,NYSE
PLPC,PREFORMED LINE PRODUCTS CO,80035,Nasdaq
FINV,FinVolution Group,1691445,NYSE
WGO,WINNEBAGO INDUSTRIES INC,107687,NYSE
FLYW,Flywire Corp,1580560,Nasdaq
EXPI,"eXp World Holdings, Inc.",1495932,Nasdaq
ATAI,Atai Beckley N.V.,1840904,Nasdaq
BST,BlackRock Science & Technology Trust,1616678,NYSE
ZD,"ZIFF DAVIS, INC.",1084048,Nasdaq
PUMP,ProPetro Holding Corp.,1680247,NYSE
KW,"Kennedy-Wilson Holdings, Inc.",1408100,NYSE
PRG,"PROG Holdings, Inc.",1808834,NYSE
SFDMY,Shanghai Fudan Microelectronics Co Limited/ADR/,1493507,OTC
IIPR,INNOVATIVE INDUSTRIAL PROPERTIES INC,1677576,NYSE
LGIH,"LGI Homes, Inc.",1580670,Nasdaq
VYX,NCR Voyix Corp,70866,NYSE
AMPH,"Amphastar Pharmaceuticals, Inc.",1297184,Nasdaq
GOLD,"Gold.com, Inc.",1591588,NYSE
SGML,Sigma Lithium Corp,1848309,Nasdaq
BTGO,"BITGO HOLDINGS, INC.",1740604,NYSE
UMH,"UMH PROPERTIES, INC.",752642,NYSE
FTRE,Fortrea Holdings Inc.,1965040,Nasdaq
JCAP,"Jefferson Capital, Inc. / DE",2046042,Nasdaq
TSAT,Telesat Corp,1845840,Nasdaq
GILT,GILAT SATELLITE NETWORKS LTD,897322,Nasdaq
AMSC,AMERICAN SUPERCONDUCTOR CORP /DE/,880807,Nasdaq
QQQX,Nuveen NASDAQ 100 Dynamic Overwrite Fund,1608741,Nasdaq
PLTK,Playtika Holding Corp.,1828016,Nasdaq
ACVA,ACV Auctions Inc.,1637873,NYSE
NVAX,NOVAVAX INC,1000694,Nasdaq
STGW,Stagwell Inc,876883,Nasdaq
CRI,CARTERS INC,1060822,NYSE
CAPR,"CAPRICOR THERAPEUTICS, INC.",1133869,Nasdaq
FIVN,"Five9, Inc.",1288847,Nasdaq
AZTA,"Azenta, Inc.",933974,Nasdaq
TCNNF,Trulieve Cannabis Corp.,1754195,OTC
CCB,COASTAL FINANCIAL CORP,1437958,Nasdaq
CSIQ,Canadian Solar Inc.,1375877,Nasdaq
DFIN,"Donnelley Financial Solutions, Inc.",1669811,NYSE
ECPG,ENCORE CAPITAL GROUP INC,1084961,Nasdaq
MNFYY,"Money Forward, Inc./ADR",2014145,OTC
BH-A,Biglari Holdings Inc.,1726173,NYSE
ASTE,ASTEC INDUSTRIES INC,792987,Nasdaq
IRS,IRSA INVESTMENTS & REPRESENTATIONS INC,933267,NYSE
TUYA,Tuya Inc.,1829118,NYSE
MSDL,Morgan Stanley Direct Lending Fund,1782524,NYSE
AZULQ,AZUL SA,1432364,
DSL,DoubleLine Income Solutions Fund,1566388,NYSE
ALX,ALEXANDERS INC,3499,NYSE
AXTI,AXT INC,1051627,Nasdaq
GSL,"Global Ship Lease, Inc.",1430725,NYSE
LADR,Ladder Capital Corp,1577670,NYSE
MNSKY,MoneySupermarket.com Group PLC/ADR,1584297,OTC
ARLO,"Arlo Technologies, Inc.",1736946,NYSE
WABC,WESTAMERICA BANCORPORATION,311094,Nasdaq
WLTH,WEALTHFRONT CORP,1524566,Nasdaq
SPH,SUBURBAN PROPANE PARTNERS LP,1005210,NYSE
VTOL,Bristow Group Inc.,1525221,NYSE
RERE,ATRenew Inc.,1838957,NYSE
USPH,U S PHYSICAL THERAPY INC /NV,885978,NYSE
CRML,Critical Metals Corp.,1951089,Nasdaq
TNDM,TANDEM DIABETES CARE INC,1438133,Nasdaq
PAEXY,Parex Resources Inc./ADR,2073620,OTC
ENOV,Enovis CORP,1420800,NYSE
RAPP,"Rapport Therapeutics, Inc.",2012593,Nasdaq
IMTX,Immatics N.V.,1809196,Nasdaq
CNMD,CONMED Corp,816956,NYSE
GIII,G III APPAREL GROUP LTD /DE/,821002,Nasdaq
NFJ,"Virtus Dividend, Interest & Premium Strategy Fund",1260563,NYSE
MANE,"Veradermics, Inc",1827635,NYSE
FSLY,"Fastly, Inc.",1517413,Nasdaq
BITF,Bitfarms Ltd,1812477,Nasdaq
ARDT,"Ardent Health, Inc.",1756655,NYSE
BV,"BrightView Holdings, Inc.",1734713,NYSE
RES,RPC INC,742278,NYSE
LSPD,Lightspeed Commerce Inc.,1823306,NYSE
ECVT,Ecovyst Inc.,1708035,NYSE
TSHA,"Taysha Gene Therapies, Inc.",1806310,Nasdaq
GIC,GLOBAL INDUSTRIAL Co,945114,NYSE
HLX,HELIX ENERGY SOLUTIONS GROUP INC,866829,NYSE
DLX,DELUXE CORP,27996,NYSE
EVO,Evotec SE,1412558,Nasdaq
PRA,PROASSURANCE CORP,1127703,NYSE
JFR,NUVEEN FLOATING RATE INCOME FUND,1276533,NYSE
DEA,"Easterly Government Properties, Inc.",1622194,NYSE
ASA,ASA Gold & Precious Metals Ltd,1230869,NYSE
THS,"TreeHouse Foods, Inc.",1320695,NYSE
PSEC,PROSPECT CAPITAL CORP,1287032,Nasdaq
DAKT,DAKTRONICS INC /SD/,915779,Nasdaq
NMZ,NUVEEN MUNICIPAL HIGH INCOME OPPORTUNITY FUND,1266585,NYSE
AMAL,Amalgamated Financial Corp.,1823608,Nasdaq
ELE,Elemental Royalty Corp,2086771,Nasdaq
TRIN,Trinity Capital Inc.,1786108,Nasdaq
NVGS,Navigator Holdings Ltd.,1581804,NYSE
IRMD,IRADIMED CORP,1325618,Nasdaq
INBX,"Inhibrx Biosciences, Inc.",2007919,Nasdaq
PEBO,PEOPLES BANCORP INC,318300,Nasdaq
CCEC,Capital Clean Energy Carriers Corp.,1392326,Nasdaq
TMP,TOMPKINS FINANCIAL CORP,1005817,NYSE
CRAI,"CRA INTERNATIONAL, INC.",1053706,Nasdaq
ABTC,American Bitcoin Corp.,1755953,Nasdaq
SFL,SFL Corp Ltd.,1289877,NYSE
GLIBA,"GCI Liberty, Inc.",2057463,Nasdaq
AGRO,Adecoagro S.A.,1499505,NYSE
AEBI,Aebi Schmidt Holding AG,2048519,Nasdaq
RLJ,RLJ Lodging Trust,1511337,NYSE
IDT,IDT CORP,1005731,NYSE
ACHC,"Acadia Healthcare Company, Inc.",1520697,Nasdaq
METC,"Ramaco Resources, Inc.",1687187,Nasdaq
UAMY,UNITED STATES ANTIMONY CORP,101538,NYSE
VITL,"Vital Farms, Inc.",1579733,Nasdaq
VLRS,"Controladora Vuela Compania de Aviacion, S.A.B. de C.V.",1520504,NYSE
CRF,CORNERSTONE TOTAL RETURN FUND INC,33934,NYSE
CCOI,"COGENT COMMUNICATIONS HOLDINGS, INC.",1158324,Nasdaq
BFS,"SAUL CENTERS, INC.",907254,NYSE
SAFT,SAFETY INSURANCE GROUP INC,1172052,Nasdaq
NPKI,NPK International Inc.,71829,NYSE
UPBD,"UPBOUND GROUP, INC.",933036,Nasdaq
CTBI,COMMUNITY TRUST BANCORP INC /KY/,350852,Nasdaq
DAO,"Youdao, Inc.",1781753,NYSE
DMLP,"DORCHESTER MINERALS, L.P.",1172358,Nasdaq
TROX,Tronox Holdings plc,1530804,NYSE
TIXT,TELUS International (Cda) Inc.,1825155,
GUYGF,G2 Goldfields Inc.,1526491,OTC
EOS,Eaton Vance Enhanced Equity Income Fund II,1308335,NYSE
REX,REX AMERICAN RESOURCES Corp,744187,NYSE
DAWN,"Day One Biopharmaceuticals, Inc.",1845337,Nasdaq
FSCO,FS Credit Opportunities Corp.,1568194,NYSE
ZBIO,"Zenas BioPharma, Inc.",1953926,Nasdaq
IMOS,CHIPMOS TECHNOLOGIES INC,1123134,Nasdaq
OUST,"Ouster, Inc.",1816581,Nasdaq
SNCY,"Sun Country Airlines Holdings, Inc.",1743907,Nasdaq
XERS,"Xeris Biopharma Holdings, Inc.",1867096,Nasdaq
CMPX,"Compass Therapeutics, Inc.",1738021,Nasdaq
TWO,TWO HARBORS INVESTMENT CORP.,1465740,NYSE
EVEX,"Eve Holding, Inc.",1823652,NYSE
CERT,"Certara, Inc.",1827090,Nasdaq
EVV,Eaton Vance Ltd Duration Income Fund,1222922,NYSE
RSRBF,Robex Resources Inc.,1974551,OTC
SOC,Sable Offshore Corp.,1831481,NYSE
MRVI,"MARAVAI LIFESCIENCES HOLDINGS, INC.",1823239,Nasdaq
HLIT,HARMONIC INC.,851310,Nasdaq
PDS,PRECISION DRILLING Corp,1013605,NYSE
PDFS,PDF SOLUTIONS INC,1120914,Nasdaq
RUPRF,RUPERT RESOURCES LTD,1010000,OTC
FPF,First Trust Intermediate Duration Preferred & Income Fund,1567569,NYSE
DBVT,DBV Technologies S.A.,1613780,Nasdaq
CSR,CENTERSPACE,798359,NYSE
OPRA,Opera Ltd,1737450,Nasdaq
SEPN,"Septerna, Inc.",1984086,Nasdaq
PZZA,PAPA JOHNS INTERNATIONAL INC,901491,Nasdaq
NVCR,NovoCure Ltd,1645113,Nasdaq
OCFC,OCEANFIRST FINANCIAL CORP,1004702,Nasdaq
INNV,InnovAge Holding Corp.,1834376,Nasdaq
CBL,CBL & ASSOCIATES PROPERTIES INC,910612,NYSE
IVA,Inventiva S.A.,1756594,Nasdaq
YALA,Yalla Group Ltd,1794350,NYSE
NNNN,Anbio Biotechnology,1982708,Nasdaq
FSUN,FIRSTSUN CAPITAL BANCORP,1709442,Nasdaq
PX,"P10, Inc.",1841968,NYSE
PHAR,Pharming Group N.V.,1828316,Nasdaq
ALNT,ALLIENT INC,46129,Nasdaq
PFBC,Preferred Bank,1492165,Nasdaq
LIND,"LINDBLAD EXPEDITIONS HOLDINGS, INC.",1512499,Nasdaq
OSBC,OLD SECOND BANCORP INC,357173,Nasdaq
MRTN,MARTEN TRANSPORT LTD,799167,Nasdaq
ICHR,"ICHOR HOLDINGS, LTD.",1652535,Nasdaq
IGIC,International General Insurance Holdings Ltd.,1794338,Nasdaq
PDM,"Piedmont Realty Trust, Inc.",1042776,NYSE
EYPT,"EyePoint, Inc.",1314102,Nasdaq
MLTX,MoonLake Immunotherapeutics,1821586,Nasdaq
NEGG,"Newegg Commerce, Inc.",1474627,Nasdaq
CLOV,"CLOVER HEALTH INVESTMENTS, CORP. /DE",1801170,Nasdaq
LAR,Lithium Argentina AG,1440972,NYSE
PTA,Cohen & Steers Tax-Advantaged Preferred Securities & Income Fund,1793882,NYSE
GOOS,Canada Goose Holdings Inc.,1690511,NYSE
CCO,"Clear Channel Outdoor Holdings, Inc.",1334978,NYSE
ABXXF,Abaxx Technologies Inc.,1971975,OTC
RZLV,REZOLVE AI PLC,1920294,Nasdaq
RDWR,RADWARE LTD,1094366,Nasdaq
ODV,Osisko Development Corp.,1431852,NYSE
SVMB,"Jingbo Technology, Inc.",1647822,OTC
BLFS,BIOLIFE SOLUTIONS INC,834365,Nasdaq
UAN,"CVR PARTNERS, LP",1425292,NYSE
SAFE,Safehold Inc.,1095651,NYSE
OXLC,Oxford Lane Capital Corp.,1495222,Nasdaq
NAK,NORTHERN DYNASTY MINERALS LTD,1164771,NYSE
SVRA,Savara Inc,1160308,Nasdaq
MGIC,MAGIC SOFTWARE ENTERPRISES LTD,876779,Nasdaq
FWRG,"First Watch Restaurant Group, Inc.",1789940,Nasdaq
ASTH,"Astrana Health, Inc.",1083446,Nasdaq
FMBH,"FIRST MID BANCSHARES, INC.",700565,Nasdaq
OCSL,Oaktree Specialty Lending Corp,1414932,Nasdaq
EIG,"Employers Holdings, Inc.",1379041,NYSE
HQH,abrdn Healthcare Investors,805267,NYSE
TBLA,Taboola.com Ltd.,1840502,Nasdaq
JBGS,JBG SMITH Properties,1689796,NYSE
AOD,abrdn Total Dynamic Dividend Fund,1379400,NYSE
PMT,PennyMac Mortgage Investment Trust,1464423,NYSE
SHAZ,SharonAI Holdings Inc.,2068385,OTC
BW,"Babcock & Wilcox Enterprises, Inc.",1630805,NYSE
PRSU,"Pursuit Attractions & Hospitality, Inc.",884219,NYSE
GLDD,Great Lakes Dredge & Dock CORP,1372020,Nasdaq
MFIC,MidCap Financial Investment Corp,1278752,Nasdaq
MOMO,Hello Group Inc.,1610601,Nasdaq
NBXG,Neuberger Next Generation Connectivity Fund Inc.,1843181,NYSE
SIFY,SIFY TECHNOLOGIES LTD,1094324,Nasdaq
BHRB,Burke & Herbert Financial Services Corp.,1964333,Nasdaq
PNTG,"Pennant Group, Inc.",1766400,Nasdaq
NABL,"N-able, Inc.",1834488,NYSE
GSBD,"Goldman Sachs BDC, Inc.",1572694,NYSE
SANA,"Sana Biotechnology, Inc.",1770121,Nasdaq
SLI,STANDARD LITHIUM LTD.,1537137,NYSE
HUYA,HUYA Inc.,1728190,NYSE
CDNA,"CareDx, Inc.",1217234,Nasdaq
TBPH,"Theravance Biopharma, Inc.",1583107,Nasdaq
MMI,"Marcus & Millichap, Inc.",1578732,NYSE
DEC,Diversified Energy Co,1922446,NYSE
PXED,"Phoenix Education Partners, Inc.",1600222,NYSE
CIM,CHIMERA INVESTMENT CORP,1409493,NYSE
NBBK,"NB Bancorp, Inc.",1979330,Nasdaq
INMD,InMode Ltd.,1742692,Nasdaq
ETW,Eaton Vance Tax-Managed Global Buy-Write Opportunities Fund,1322435,NYSE
LMRI,"Lumexa Imaging Holdings, Inc.",2071288,Nasdaq
LUXE,LuxExperience B.V.,1831907,NYSE
MUC,"BLACKROCK MUNIHOLDINGS CALIFORNIA QUALITY FUND, INC.",1051004,NYSE
UVSP,UNIVEST FINANCIAL Corp,102212,Nasdaq
SUPV,Grupo Supervielle S.A.,1517399,NYSE
CDNL,Cardinal Infrastructure Group Inc.,2079999,Nasdaq
NBR,NABORS INDUSTRIES LTD,1163739,NYSE
SCZM,Santacruz Silver Mining Ltd.,1548536,Nasdaq
ORIC,"Oric Pharmaceuticals, Inc.",1796280,Nasdaq
SBR,SABINE ROYALTY TRUST,710752,NYSE
CRON,Cronos Group Inc.,1656472,Nasdaq
ANPA,Rich Sparkle Holdings Ltd,2031688,Nasdaq
BBN,BlackRock Taxable Municipal Bond Trust,1493683,NYSE
JBI,"Janus International Group, Inc.",1839839,NYSE
NBTX,Nanobiotix S.A.,1760854,Nasdaq
SBSI,SOUTHSIDE BANCSHARES INC,705432,NYSE
MTAL,Metals Acquisition Corp. II,2107724,
EQBK,EQUITY BANCSHARES INC,1227500,NYSE
IOVA,"IOVANCE BIOTHERAPEUTICS, INC.",1425205,Nasdaq
VTYX,"Ventyx Biosciences, Inc.",1851194,Nasdaq
LMB,"Limbach Holdings, Inc.",1606163,Nasdaq
LQDT,LIQUIDITY SERVICES INC,1235468,Nasdaq
OLPX,"OLAPLEX HOLDINGS, INC.",1868726,Nasdaq
RNP,COHEN & STEERS REIT & PREFERRED & INCOME FUND INC,1224450,NYSE
COUR,"Coursera, Inc.",1651562,NYSE
MFA,"MFA FINANCIAL, INC.",1055160,NYSE
VIR,"Vir Biotechnology, Inc.",1706431,Nasdaq
CFFN,"Capitol Federal Financial, Inc.",1490906,Nasdaq
BTZ,BLACKROCK CREDIT ALLOCATION INCOME TRUST,1379384,NYSE
URGN,UroGen Pharma Ltd.,1668243,Nasdaq
GMRE,Global Medical REIT Inc.,1533615,NYSE
EAI,"ENTERGY ARKANSAS, LLC",7323,NYSE
AKTS,"Aktis Oncology, Inc.",2035832,Nasdaq
EVGO,EVgo Inc.,1821159,Nasdaq
MOFG,"MidWestOne Financial Group, Inc.",1412665,Nasdaq
MCB,Metropolitan Bank Holding Corp.,1476034,NYSE
SDGR,"Schrodinger, Inc.",1490978,Nasdaq
RIOFF,Rio2 Ltd,1743235,OTC
KBDC,"Kayne Anderson BDC, Inc.",1747172,NYSE
WBI,WaterBridge Infrastructure LLC,2064947,NYSE
SPRY,"ARS Pharmaceuticals, Inc.",1671858,Nasdaq
AVO,"Mission Produce, Inc.",1802974,Nasdaq
ARVN,"ARVINAS, INC.",1655759,Nasdaq
AMWD,AMERICAN WOODMARK CORP,794619,Nasdaq
GO,Grocery Outlet Holding Corp.,1771515,Nasdaq
ESQ,"Esquire Financial Holdings, Inc.",1531031,Nasdaq
AMTB,Amerant Bancorp Inc.,1734342,NYSE
PENG,"Penguin Solutions, Inc.",1616533,Nasdaq
CRTO,Criteo S.A.,1576427,Nasdaq
BCX,BlackRock Resources & Commodities Strategy Trust,1506289,NYSE
OPK,"OPKO HEALTH, INC.",944809,Nasdaq
THRM,Gentherm Inc,903129,Nasdaq
CRCT,"Cricut, Inc.",1828962,Nasdaq
PHAT,"Phathom Pharmaceuticals, Inc.",1783183,Nasdaq
NAVI,NAVIENT CORP,1593538,Nasdaq
BFST,"Business First Bancshares, Inc.",1624322,Nasdaq
OPY,OPPENHEIMER HOLDINGS INC,791963,NYSE
NX,Quanex Building Products CORP,1423221,NYSE
BJRI,BJs RESTAURANTS INC,1013488,Nasdaq
ACDC,ProFrac Holding Corp.,1881487,Nasdaq
GERN,GERON CORP,886744,Nasdaq
BBSI,BARRETT BUSINESS SERVICES INC,902791,Nasdaq
EEX,"Emerald Holding, Inc.",1579214,NYSE
PVLA,"PALVELLA THERAPEUTICS, INC.",1583648,Nasdaq
SMP,"STANDARD MOTOR PRODUCTS, INC.",93389,NYSE
EMO,ClearBridge Energy Midstream Opportunity Fund Inc.,1517518,NYSE
HDL,SUPER HI INTERNATIONAL HOLDING LTD.,1995306,Nasdaq
HEPS,D-MARKET Electronic Services & Trading,1850235,Nasdaq
GSM,Ferroglobe PLC,1639877,Nasdaq
CII,"BlackRock Enhanced Large Cap Core Fund, Inc.",1278895,NYSE
EPC,EDGEWELL PERSONAL CARE Co,1096752,NYSE
GPRE,Green Plains Inc.,1309402,Nasdaq
NFGC,New Found Gold Corp.,1840616,NYSE
CTMX,"CytomX Therapeutics, Inc.",1501989,Nasdaq
TASK,"TaskUs, Inc.",1829864,Nasdaq
RYI,Ryerson Holding Corp,1481582,NYSE
TYG,TORTOISE ENERGY INFRASTRUCTURE CORP,1268533,NYSE
ROOT,"Root, Inc.",1788882,Nasdaq
SSYS,STRATASYS LTD.,1517396,Nasdaq
GROY,Gold Royalty Corp.,1834026,NYSE
UTZ,"Utz Brands, Inc.",1739566,NYSE
KRUS,"KURA SUSHI USA, INC.",1772177,Nasdaq
AMPL,"Amplitude, Inc.",1866692,Nasdaq
EVLV,"Evolv Technologies Holdings, Inc.",1805385,Nasdaq
HFWA,HERITAGE FINANCIAL CORP /WA/,1046025,Nasdaq
CSTL,CASTLE BIOSCIENCES INC,1447362,Nasdaq
SBGI,"Sinclair, Inc.",1971213,Nasdaq
ACEL,"Accel Entertainment, Inc.",1698991,NYSE
HBNC,HORIZON BANCORP INC /IN/,706129,Nasdaq
VRTS,"VIRTUS INVESTMENT PARTNERS, INC.",883237,NYSE
VSTS,Vestis Corp,1967649,NYSE
XIFR,"XPLR Infrastructure, LP",1603145,NYSE
UFCS,UNITED FIRE GROUP INC,101199,Nasdaq
ABCL,AbCellera Biologics Inc.,1703057,Nasdaq
PFLT,PennantPark Floating Rate Capital Ltd.,1504619,NYSE
HNRG,HALLADOR ENERGY CO,788965,Nasdaq
BBDC,"Barings BDC, Inc.",1379785,NYSE
GHRS,GH Research PLC,1855129,Nasdaq
MBWM,MERCANTILE BANK CORP,1042729,Nasdaq
MSEX,MIDDLESEX WATER CO,66004,Nasdaq
CHY,CALAMOS CONVERTIBLE & HIGH INCOME FUND,1222719,Nasdaq
ODC,Oil-Dri Corp of America,74046,NYSE
YB,Yuanbao Inc.,1995520,Nasdaq
LUCK,Lucky Strike Entertainment Corp,1840572,NYSE
FWRD,FORWARD AIR CORP,912728,Nasdaq
NPK,NATIONAL PRESTO INDUSTRIES INC,80172,NYSE
CPAC,CEMENTOS PACASMAYO SAA,1221029,NYSE
PLOW,"DOUGLAS DYNAMICS, INC",1287213,NYSE
RJET,REPUBLIC AIRWAYS HOLDINGS INC.,810332,Nasdaq
CPF,CENTRAL PACIFIC FINANCIAL CORP,701347,NYSE
HBT,"HBT Financial, Inc.",775215,Nasdaq
JBSS,SANFILIPPO JOHN B & SON INC,880117,Nasdaq
PCN,PIMCO CORPORATE & INCOME STRATEGY FUND,1160990,NYSE
GHM,GRAHAM CORP,716314,NYSE
ITRN,Ituran Location & Control Ltd.,1337117,Nasdaq
DOWAY,Dowway Holdings Limited/ADR,2038919,OTC
AWF,ALLIANCEBERNSTEIN GLOBAL HIGH INCOME FUND INC,906013,NYSE
CMP,COMPASS MINERALS INTERNATIONAL INC,1227654,NYSE
PDX,PIMCO Dynamic Income Strategy Fund,1756908,NYSE
AVBP,"ArriVent BioPharma, Inc.",1868279,Nasdaq
UTL,UNITIL CORP,755001,NYSE
GEMI,"Gemini Space Station, Inc.",2055592,Nasdaq
PCRX,"Pacira BioSciences, Inc.",1396814,Nasdaq
PAR,PAR TECHNOLOGY CORP,708821,NYSE
NAT,NORDIC AMERICAN TANKERS Ltd,1000177,NYSE
APOG,"APOGEE ENTERPRISES, INC.",6845,Nasdaq
CHI,CALAMOS CONVERTIBLE OPPORTUNITIES & INCOME FUND,1171471,Nasdaq
ASIC,Ategrity Specialty Insurance Co Holdings,2040491,NYSE
UVE,"UNIVERSAL INSURANCE HOLDINGS, INC.",891166,NYSE
GNK,GENCO SHIPPING & TRADING LTD,1326200,NYSE
CRESY,CRESUD INC,1034957,Nasdaq
POET,POET TECHNOLOGIES INC.,1437424,Nasdaq
TK,TEEKAY CORP LTD,911971,NYSE
MTUS,Metallus Inc.,1598428,NYSE
NRK,NUVEEN NEW YORK AMT-FREE QUALITY MUNICIPAL INCOME FUND,1195739,NYSE
TDOC,"Teladoc Health, Inc.",1477449,NYSE
HTLD,HEARTLAND EXPRESS INC,799233,Nasdaq
FSBC,FIVE STAR BANCORP,1275168,Nasdaq
TLRY,"Tilray Brands, Inc.",1731348,Nasdaq
ALIT,"Alight, Inc. / Delaware",1809104,NYSE
HTD,JOHN HANCOCK TAX-ADVANTAGED DIVIDEND INCOME FUND,1260041,NYSE
IART,INTEGRA LIFESCIENCES HOLDINGS CORP,917520,Nasdaq
CGBD,"Carlyle Secured Lending, Inc.",1544206,Nasdaq
CLB,Core Laboratories Inc. /DE/,1958086,NYSE
MEG,"Montrose Environmental Group, Inc.",1643615,NYSE
BOW,Bowhead Specialty Holdings Inc.,2002473,NYSE
STAA,STAAR SURGICAL CO,718937,Nasdaq
SCHL,SCHOLASTIC CORP,866729,Nasdaq
BBOT,"BridgeBio Oncology Therapeutics, Inc.",1869105,Nasdaq
ANNX,"Annexon, Inc.",1528115,Nasdaq
MCBS,"MetroCity Bankshares, Inc.",1747068,Nasdaq
SLDP,"Solid Power, Inc.",1844862,Nasdaq
PHK,PIMCO HIGH INCOME FUND,1219360,NYSE
CCNE,CNB FINANCIAL CORP/PA,736772,Nasdaq
RNLXY,Renalytix plc,1811115,OTC
PBT,PERMIAN BASIN ROYALTY TRUST,319654,NYSE
EH,EHang Holdings Ltd,1759783,Nasdaq
BIOA,"BioAge Labs, Inc.",1709941,Nasdaq
AIV,APARTMENT INVESTMENT & MANAGEMENT CO,922864,NYSE
CWH,"Camping World Holdings, Inc.",1669779,NYSE
TDAY,"USA TODAY Co., Inc.",1579684,NYSE
BFLY,"Butterfly Network, Inc.",1804176,NYSE
BCAX,Bicara Therapeutics Inc.,2023658,Nasdaq
BCSF,"Bain Capital Specialty Finance, Inc.",1655050,NYSE
CAC,CAMDEN NATIONAL CORP,750686,Nasdaq
TRST,TRUSTCO BANK CORP N Y,357301,Nasdaq
GDRX,"GoodRx Holdings, Inc.",1809519,Nasdaq
GGN,"GAMCO Global Gold, Natural Resources & Income Trust",1313510,NYSE
SCSC,"SCANSOURCE, INC.",918965,Nasdaq
MATW,MATTHEWS INTERNATIONAL CORP,63296,Nasdaq
ATLC,Atlanticus Holdings Corp,1464343,Nasdaq
FMCB,FARMERS & MERCHANTS BANCORP,1085913,OTC
SGP,"SpyGlass Pharma, Inc.",1778922,Nasdaq
HAFC,HANMI FINANCIAL CORP,1109242,Nasdaq
HTBK,HERITAGE COMMERCE CORP,1053352,Nasdaq
EOI,Eaton Vance Enhanced Equity Income Fund,1300391,NYSE
FBRT,"Franklin BSP Realty Trust, Inc.",1562528,NYSE
CAZGF,Catapult Group International Ltd,2074220,OTC
EGBN,EAGLE BANCORP INC,1050441,Nasdaq
MQY,"BLACKROCK MUNIYIELD QUALITY FUND, INC.",890196,NYSE
CAPL,CrossAmerica Partners LP,1538849,NYSE
VTS,"Vitesse Energy, Inc.",1944558,NYSE
ELVR,Elevra Lithium Ltd,1739016,Nasdaq
MVST,"Microvast Holdings, Inc.",1760689,Nasdaq
MYE,MYERS INDUSTRIES INC,69488,NYSE
XNCR,Xencor Inc,1326732,Nasdaq
SLRC,SLR Investment Corp.,1418076,Nasdaq
LINC,LINCOLN EDUCATIONAL SERVICES CORP,1286613,Nasdaq
IIIV,"i3 Verticals, Inc.",1728688,Nasdaq
HRTG,"Heritage Insurance Holdings, Inc.",1598665,NYSE
ERII,"Energy Recovery, Inc.",1421517,Nasdaq
VALN,Valneva SE,1836564,Nasdaq
BKSY,BlackSky Technology Inc.,1753539,NYSE
NMFC,New Mountain Finance Corp,1496099,Nasdaq
BRELY,Brazilian Rare Earths Limited/ADR,2018463,OTC
AEHR,AEHR TEST SYSTEMS,1040470,Nasdaq
TEN,TSAKOS ENERGY NAVIGATION LTD,1166663,NYSE
ESPR,"Esperion Therapeutics, Inc.",1434868,Nasdaq
APEI,AMERICAN PUBLIC EDUCATION INC,1201792,Nasdaq
NOAH,NOAH HOLDINGS LTD,1499543,NYSE
FFC,Flaherty & Crumrine PREFERRED & INCOME SECURITIES FUND INC,1174164,NYSE
THFF,FIRST FINANCIAL CORP /IN/,714562,Nasdaq
LIFE,Ethos Technologies Inc.,1788451,Nasdaq
FOXF,FOX FACTORY HOLDING CORP,1424929,Nasdaq
MPB,MID PENN BANCORP INC,879635,Nasdaq
NRDS,"NERDWALLET, INC.",1625278,Nasdaq
MFI,mF International Ltd,1940941,Nasdaq
INDI,"indie Semiconductor, Inc.",1841925,Nasdaq
TMQ,Trilogy Metals Inc.,1543418,NYSE
VEL,"Velocity Financial, Inc.",1692376,NYSE
OMER,OMEROS CORP,1285819,Nasdaq
MATV,"Mativ Holdings, Inc.",1000623,NYSE
YDES,YD Bio Ltd,2011674,Nasdaq
SERV,Serve Robotics Inc. /DE/,1832483,Nasdaq
DJCO,DAILY JOURNAL CORP,783412,Nasdaq
AENT,ALLIANCE ENTERTAINMENT HOLDING CORP,1823584,Nasdaq
OPFI,OppFi Inc.,1818502,NYSE
THQ,abrdn Healthcare Opportunities Fund,1604522,NYSE
NMAX,Newsmax Inc.,2026478,NYSE
ADTN,"ADTRAN Holdings, Inc.",926282,Nasdaq
SENEB,Seneca Foods Corp,88948,Nasdaq
JANX,"Janux Therapeutics, Inc.",1817713,Nasdaq
BTO,JOHN HANCOCK FINANCIAL OPPORTUNITIES FUND,925683,NYSE
CTLP,"CANTALOUPE, INC.",896429,Nasdaq
LOT,Lotus Technology Inc.,1962746,Nasdaq
AHG,Akso Health Group,1702318,Nasdaq
HTB,"HomeTrust Bancshares, Inc.",1538263,NYSE
AMN,AMN HEALTHCARE SERVICES INC,1142750,NYSE
AIO,Virtus Artificial Intelligence & Technology Opportunities Fund,1778114,NYSE
PKST,Peakstone Realty Trust,1600626,NYSE
WSR,Whitestone REIT,1175535,NYSE
FPH,"Five Point Holdings, LLC",1574197,NYSE
BRSP,"BrightSpire Capital, Inc.",1717547,NYSE
MPLT,"MapLight Therapeutics, Inc.",1770069,Nasdaq
VINP,Vinci Compass Investments Ltd.,1826286,Nasdaq
ORRF,ORRSTOWN FINANCIAL SERVICES INC,826154,Nasdaq
SWIM,"Latham Group, Inc.",1833197,Nasdaq
AMC,"AMC ENTERTAINMENT HOLDINGS, INC.",1411579,NYSE
PRCH,"Porch Group, Inc.",1784535,Nasdaq
MDXG,"MIMEDX GROUP, INC.",1376339,Nasdaq
STKL,SunOpta Inc.,351834,Nasdaq
AMRQF,AMAROQ LTD.,2076631,OTC
RR,RICHTECH ROBOTICS INC.,1963685,Nasdaq
GYRE,"GYRE THERAPEUTICS, INC.",1124105,Nasdaq
FCBC,FIRST COMMUNITY BANKSHARES INC /VA/,859070,Nasdaq
IBCP,INDEPENDENT BANK CORP /MI/,39311,Nasdaq
CBRL,"CRACKER BARREL OLD COUNTRY STORE, INC",1067294,Nasdaq
MEGI,NYLI CBRE Global Infrastructure Megatrends Term Fund,1855066,NYSE
JBIO,"Jade Biosciences, Inc.",1798749,Nasdaq
ASGI,abrdn Global Infrastructure Income Fund,1793855,NYSE
DRUG,BRIGHT MINDS BIOSCIENCES INC.,1827401,Nasdaq
KALV,"KalVista Pharmaceuticals, Inc.",1348911,Nasdaq
ARKO,ARKO Corp.,1823794,Nasdaq
PD,"PagerDuty, Inc.",1568100,NYSE
HOV,HOVNANIAN ENTERPRISES INC,357294,NYSE
CNNE,"Cannae Holdings, Inc.",1704720,NYSE
NKTR,NEKTAR THERAPEUTICS,906709,Nasdaq
AHH,"Armada Hoffler Properties, Inc.",1569187,NYSE
HIPO,Hippo Holdings Inc.,1828105,NYSE
ABUS,Arbutus Biopharma Corp,1447028,Nasdaq
CCBG,CAPITAL CITY BANK GROUP INC,726601,Nasdaq
AMSF,AMERISAFE INC,1018979,Nasdaq
CBLL,"Ceribell, Inc.",1861107,Nasdaq
LDI,"loanDepot, Inc.",1831631,NYSE
VPG,"Vishay Precision Group, Inc.",1487952,NYSE
AEVA,"Aeva Technologies, Inc.",1789029,Nasdaq
KODK,EASTMAN KODAK CO,31235,NYSE
JQC,Nuveen Credit Strategies Income Fund,1227476,NYSE
IRWD,IRONWOOD PHARMACEUTICALS INC,1446847,Nasdaq
NXP,NUVEEN SELECT TAX FREE INCOME PORTFOLIO,883618,NYSE
BZH,BEAZER HOMES USA INC,915840,NYSE
BALY,Bally's Corp,1747079,NYSE
MYI,"BLACKROCK MUNIYIELD QUALITY FUND III, INC.",883412,NYSE
WOOF,"Petco Health & Wellness Company, Inc.",1826470,Nasdaq
SSII,"SS Innovations International, Inc.",1676163,Nasdaq
PHR,"Phreesia, Inc.",1412408,NYSE
NB,NIOCORP DEVELOPMENTS LTD,1512228,Nasdaq
BBW,BUILD-A-BEAR WORKSHOP INC,1113809,NYSE
CVLG,"COVENANT LOGISTICS GROUP, INC.",928658,NYSE
SMBK,SMARTFINANCIAL INC.,1038773,NYSE
SWRD,"Stewards, Inc.",1795851,OTC
EIKN,"Eikon Therapeutics, Inc.",1861123,Nasdaq
RWT,REDWOOD TRUST INC,930236,NYSE
ASPI,ASP Isotopes Inc.,1921865,Nasdaq
RA,Brookfield Real Assets Income Fund Inc.,1655099,NYSE
SMBC,"SOUTHERN MISSOURI BANCORP, INC.",916907,Nasdaq
WDI,Western Asset Diversified Income Fund (WDI),1819559,NYSE
WLKP,Westlake Chemical Partners LP,1604665,NYSE
IGR,CBRE GLOBAL REAL ESTATE INCOME FUND,1268884,NYSE
ADAM,"ADAMAS TRUST, INC.",1273685,Nasdaq
STRW,"Strawberry Fields REIT, Inc.",1782430,NYSE
TH,Target Hospitality Corp.,1712189,Nasdaq
GDEN,"GOLDEN ENTERTAINMENT, INC.",1071255,Nasdaq
FLGT,"Fulgent Genetics, Inc.",1674930,Nasdaq
CGEM,"Cullinan Therapeutics, Inc.",1789972,Nasdaq
ABX,"Abacus Global Management, Inc.",1814287,NYSE
DLY,DoubleLine Yield Opportunities Fund,1788399,NYSE
GLASF,Glass House Brands Inc.,1848731,OTC
SG,"Sweetgreen, Inc.",1477815,NYSE
NWPX,"NWPX Infrastructure, Inc.",1001385,Nasdaq
GFR,Greenfire Resources Ltd.,1966287,NYSE
GSBC,"GREAT SOUTHERN BANCORP, INC.",854560,Nasdaq
TCBX,"Third Coast Bancshares, Inc.",1781730,NYSE
PINWF,Pinewood Technologies Group plc,2059573,OTC
PAXS,PIMCO Access Income Fund,1886878,NYSE
LAES,SEALSQ Corp,1951222,Nasdaq
PSNL,"Personalis, Inc.",1527753,Nasdaq
HLSCF,Highlander Silver Corp.,2013223,OTC
TRNS,TRANSCAT INC,99302,Nasdaq
LYTS,LSI INDUSTRIES INC,763532,Nasdaq
DBA,INVESCO DB AGRICULTURE FUND,1383082,NYSE
WYFI,"WhiteFiber, Inc.",2042022,Nasdaq
IIIN,INSTEEL INDUSTRIES INC,764401,NYSE
WOLF,"WOLFSPEED, INC.",895419,NYSE
ACP,abrdn Income Credit Strategies Fund,1503290,NYSE
HBIA,HILLS BANCORPORATION,732417,OTC
RPD,"Rapid7, Inc.",1560327,Nasdaq
FISI,FINANCIAL INSTITUTIONS INC,862831,Nasdaq
TWI,TITAN INTERNATIONAL INC,899751,NYSE
NUTX,"Nutex Health, Inc.",1479681,Nasdaq
NRGV,"Energy Vault Holdings, Inc.",1828536,NYSE
UXIN,Uxin Ltd,1729173,Nasdaq
SPFI,"SOUTH PLAINS FINANCIAL, INC.",1163668,Nasdaq
RSKD,RISKIFIED LTD.,1851112,NYSE
NIE,Virtus Equity & Convertible Income Fund,1383441,NYSE
TRTX,"TPG RE Finance Trust, Inc.",1630472,NYSE
PFN,PIMCO Income Strategy Fund II,1296250,NYSE
KOS,Kosmos Energy Ltd.,1509991,NYSE
CSV,CARRIAGE SERVICES INC,1016281,NYSE
TBLD,Thornburg Income Builder Opportunities Trust,1820378,Nasdaq
SXC,"SunCoke Energy, Inc.",1514705,NYSE
WASH,WASHINGTON TRUST BANCORP INC,737468,Nasdaq
KRO,KRONOS WORLDWIDE INC,1257640,NYSE
FIP,FTAI Infrastructure Inc.,1899883,Nasdaq
LXU,"LSB INDUSTRIES, INC.",60714,NYSE
DGICA,DONEGAL GROUP INC,800457,Nasdaq
MALG,MICROALLIANCE GROUP INC.,1309251,OTC
QNST,"QUINSTREET, INC",1117297,Nasdaq
SPPP,SPROTT PHYSICAL PLATINUM & PALLADIUM TRUST,1539190,NYSE
RBTK,ZHEN DING RESOURCES INC.,1594204,OTC
BHK,BLACKROCK CORE BOND TRUST,1160864,NYSE
STK,"Columbia Seligman Premium Technology Growth Fund, Inc.",1471420,NYSE
CARS,Cars.com Inc.,1683606,NYSE
SKYH,Sky Harbour Group Corp,1823587,NYSE
FDUS,FIDUS INVESTMENT Corp,1513363,Nasdaq
UDMY,"Udemy, Inc.",1607939,Nasdaq
SES,SES AI Corp,1819142,NYSE
DC,Dakota Gold Corp.,1852353,NYSE
GAU,Galiano Gold Inc.,1377757,NYSE
WDH,Waterdrop Inc.,1823986,NYSE
NXDR,"Nextdoor Holdings, Inc.",1846069,NYSE
AXG,"Solowin Holdings, Ltd.",1959224,Nasdaq
REAX,Real Brokerage Inc,1862461,Nasdaq
BOE,BlackRock Enhanced Global Dividend Trust,1320375,NYSE
KURA,"Kura Oncology, Inc.",1422143,Nasdaq
MTA,Metalla Royalty & Streaming Ltd.,1722606,NYSE
SHBI,SHORE BANCSHARES INC,1035092,Nasdaq
IMSR,Terrestrial Energy Inc. /DE/,2019804,Nasdaq
NKX,NUVEEN CALIFORNIA AMT-FREE QUALITY MUNICIPAL INCOME FUND,1195738,NYSE
AVNS,"AVANOS MEDICAL, INC.",1606498,NYSE
SIBN,"SI-BONE, Inc.",1459839,Nasdaq
PEO,"ADAMS NATURAL RESOURCES FUND, INC.",216851,NYSE
ALTI,"AlTi Global, Inc.",1838615,Nasdaq
OMDA,"Omada Health, Inc.",1611115,Nasdaq
ECC,Eagle Point Credit Co Inc.,1604174,NYSE
BWMX,"BETTERWARE DE MEXICO, S.A.P.I. DE C.V",1788257,NYSE
TIPT,TIPTREE INC.,1393726,Nasdaq
KFRC,KFORCE INC,930420,NYSE
SHEN,SHENANDOAH TELECOMMUNICATIONS CO/VA/,354963,Nasdaq
GRNT,"Granite Ridge Resources, Inc.",1928446,NYSE
PLAY,"Dave & Buster's Entertainment, Inc.",1525769,Nasdaq
GDOT,GREEN DOT CORP,1386278,NYSE
THM,INTERNATIONAL TOWER HILL MINES LTD,1134115,NYSE
NCDL,Nuveen Churchill Direct Lending Corp.,1737924,NYSE
VMO,Invesco Municipal Opportunity Trust,884152,NYSE
SSTK,"Shutterstock, Inc.",1549346,NYSE
HZO,MARINEMAX INC,1057060,NYSE
EVER,"EverQuote, Inc.",1640428,Nasdaq
TXO,"TXO Partners, L.P.",1559432,NYSE
KRNT,Kornit Digital Ltd.,1625791,Nasdaq
DSP,Viant Technology Inc.,1828791,Nasdaq
CMCO,COLUMBUS MCKINNON CORP,1005229,Nasdaq
DMII,Drugs Made In America Acquisition II Corp.,2040475,Nasdaq
ALRS,ALERUS FINANCIAL CORP,903419,Nasdaq
FUEMF,Fuerte Metals Corp,2001201,OTC
AOSL,ALPHA & OMEGA SEMICONDUCTOR Ltd,1387467,Nasdaq
PDT,JOHN HANCOCK PREMIUM DIVIDEND FUND,855886,NYSE
AIP,"Arteris, Inc.",1667011,Nasdaq
MAMA,"Mama's Creations, Inc.",1520358,Nasdaq
FAX,"ABRDN ASIA-PACIFIC INCOME FUND, INC.",790500,NYSE
TALK,"Talkspace, Inc.",1803901,Nasdaq
CINT,CI&T Inc,1868995,NYSE
KRNGY,Karoon Gas Australia Ltd /ADR/,1494191,OTC
TREE,"LendingTree, Inc.",1434621,Nasdaq
AIOT,"Powerfleet, Inc.",1774170,Nasdaq
HY,"HYSTER-YALE, INC.",1173514,NYSE
TBN,Tamboran Resources Corp,1997652,NYSE
WRN,Western Copper & Gold Corp,1364125,NYSE
BLDP,Ballard Power Systems Inc.,1453015,Nasdaq
PRME,"Prime Medicine, Inc.",1894562,Nasdaq
PSTL,"Postal Realty Trust, Inc.",1759774,NYSE
MUJ,"BLACKROCK MUNIHOLDINGS NEW JERSEY QUALITY FUND, INC.",1053988,NYSE
EMD,WESTERN ASSET EMERGING MARKETS DEBT FUND INC.,1227862,NYSE
EMBC,Embecta Corp.,1872789,Nasdaq
ALPIB,ALPINE BANKS OF COLORADO,872716,OTC
FULC,"Fulcrum Therapeutics, Inc.",1680581,Nasdaq
SVA,SINOVAC BIOTECH LTD,1084201,Nasdaq
SNDA,"SONIDA SENIOR LIVING, INC.",1043000,NYSE
KE,"Kimball Electronics, Inc.",1606757,Nasdaq
REPL,"Replimune Group, Inc.",1737953,Nasdaq
ENGN,enGene Holdings Inc.,1980845,Nasdaq
KOP,Koppers Holdings Inc.,1315257,NYSE
BUI,"BlackRock Utilities, Infrastructure & Power Opportunities Trust",1528988,NYSE
DSU,"BLACKROCK DEBT STRATEGIES FUND, INC.",1051003,NYSE
SLS,"SELLAS Life Sciences Group, Inc.",1390478,Nasdaq
IVR,Invesco Mortgage Capital Inc.,1437071,NYSE
ITRG,Integra Resources Corp.,1722387,NYSE
STEX,Streamex Corp.,1530766,Nasdaq
BXC,BlueLinx Holdings Inc.,1301787,NYSE
MNRO,"MONRO, INC.",876427,Nasdaq
CCD,Calamos Dynamic Convertible & Income Fund,1602584,Nasdaq
REPX,"Riley Exploration Permian, Inc.",1001614,NYSE
UURAF,Ucore Rare Metals Inc.,1495651,OTC
PURR,Hyperliquid Strategies Inc,2078856,Nasdaq
AMBQ,"Ambiq Micro, Inc.",1500412,NYSE
ETD,ETHAN ALLEN INTERIORS INC,896156,NYSE
EVOH,EvoAir Holdings Inc.,1700844,OTC
TCMD,TACTILE SYSTEMS TECHNOLOGY INC,1027838,Nasdaq
LDP,"Cohen & Steers Ltd Duration Preferred & Income Fund, Inc.",1548717,NYSE
NEWP,NEW PACIFIC METALS CORP,1369085,NYSE
ADSE,Ads-Tec Energy Public Ltd Co,1879248,Nasdaq
BCAL,California BanCorp \ CA,1795815,Nasdaq
MSIF,"MSC INCOME FUND, INC.",1535778,NYSE
PHDWY,"PT Ace Hardware Indonesia, Tbk./ADR",1765812,OTC
WRLD,WORLD ACCEPTANCE CORP,108385,Nasdaq
TATT,TAT TECHNOLOGIES LTD,808439,Nasdaq
RIGL,RIGEL PHARMACEUTICALS INC,1034842,Nasdaq
RGR,STURM RUGER & CO INC,95029,NYSE
RMT,"ROYCE MICRO-CAP TRUST, INC.",912147,NYSE
PGC,PEAPACK GLADSTONE FINANCIAL CORP,1050743,Nasdaq
SD,SANDRIDGE ENERGY INC,1349436,NYSE
FRGE,"Forge Global Holdings, Inc.",1827821,NYSE
ALT,"Altimmune, Inc.",1326190,Nasdaq
MHD,"BLACKROCK MUNIHOLDINGS FUND, INC.",1034665,NYSE
NDMO,Nuveen Dynamic Municipal Opportunities Fund,1793129,NYSE
TDUP,ThredUp Inc.,1484778,Nasdaq
MSC,STUDIO CITY INTERNATIONAL HOLDINGS Ltd,1713334,NYSE
DNA,"Ginkgo Bioworks Holdings, Inc.",1830214,NYSE
CASS,CASS INFORMATION SYSTEMS INC,708781,Nasdaq
BWMN,Bowman Consulting Group Ltd.,1847590,Nasdaq
CTO,"CTO Realty Growth, Inc.",23795,NYSE
CPS,Cooper-Standard Holdings Inc.,1320461,NYSE
NGVC,"Natural Grocers by Vitamin Cottage, Inc.",1547459,NYSE
CCCX,Churchill Capital Corp X/Cayman,2007825,Nasdaq
CEVA,CEVA INC,1173489,Nasdaq
ISOU,IsoEnergy Ltd.,1997377,NYSE
CLNE,Clean Energy Fuels Corp.,1368265,Nasdaq
DRTS,Alpha Tau Medical Ltd.,1871321,Nasdaq
FGOVF,FREEGOLD VENTURES LTD,1064052,OTC
CRMD,CorMedix Inc.,1410098,Nasdaq
GDYN,"GRID DYNAMICS HOLDINGS, INC.",1743725,Nasdaq
HPK,"HighPeak Energy, Inc.",1792849,Nasdaq
YEXT,"Yext, Inc.",1614178,NYSE
LBRX,LB PHARMACEUTICALS INC,1691082,Nasdaq
BLMN,"Bloomin' Brands, Inc.",1546417,Nasdaq
MBUU,"MALIBU BOATS, INC.",1590976,Nasdaq
RRBI,RED RIVER BANCSHARES INC,1071236,Nasdaq
URG,UR-ENERGY INC,1375205,NYSE
MGTX,MeiraGTx Holdings plc,1735438,Nasdaq
FFMGF,First Mining Gold Corp.,1641229,OTC
CEPF,"Cantor Equity Partners IV, Inc.",2034267,Nasdaq
EVAC,EQV Ventures Acquisition Corp. II,2042902,NYSE
HSTM,HEALTHSTREAM INC,1095565,Nasdaq
ECX,ECARX Holdings Inc.,1861974,Nasdaq
OXM,OXFORD INDUSTRIES INC,75288,NYSE
BHB,BAR HARBOR BANKSHARES,743367,NYSE
NMCO,Nuveen Municipal Credit Opportunities Fund,1774342,NYSE
NTGR,"NETGEAR, INC.",1122904,Nasdaq
DDL,Dingdong (Cayman) Ltd,1854545,NYSE
CMPS,COMPASS Pathways plc,1816590,Nasdaq
ETJ,Eaton Vance Risk-Managed Diversified Equity Income Fund,1395325,NYSE
AROW,ARROW FINANCIAL CORP,717538,Nasdaq
NPB,NORTHPOINTE BANCSHARES INC,1336706,NYSE
CWCO,Consolidated Water Co. Ltd.,928340,Nasdaq
MNTN,"MNTN, Inc.",1891027,NYSE
BTBT,"Bit Digital, Inc",1710350,Nasdaq
IIM,Invesco Value Municipal Income Trust,885601,NYSE
MAX,"MediaAlpha, Inc.",1818383,NYSE
VREX,Varex Imaging Corp,1681622,Nasdaq
DSGN,"Design Therapeutics, Inc.",1807120,Nasdaq
UHT,UNIVERSAL HEALTH REALTY INCOME TRUST,798783,NYSE
BIT,BlackRock Multi-Sector Income Trust,1562818,NYSE
IDR,"Idaho Strategic Resources, Inc.",1030192,NYSE
EBS,Emergent BioSolutions Inc.,1367644,NYSE
HIVE,HIVE Digital Technologies Ltd.,1720424,Nasdaq
SHMD,SCHMID Group N.V.,1987240,Nasdaq
NFBK,"Northfield Bancorp, Inc.",1493225,Nasdaq
ANGX,"Angel Studios, Inc.",1865200,NYSE
BBNX,"Beta Bionics, Inc.",1674632,Nasdaq
MMU,WESTERN ASSET MANAGED MUNICIPALS FUND INC.,886043,NYSE
ZEUS,OLYMPIC STEEL INC,917470,Nasdaq
ZKH,ZKH Group Ltd,1862044,NYSE
BDN,BRANDYWINE REALTY TRUST,790816,NYSE
SFIX,"Stitch Fix, Inc.",1576942,Nasdaq
CABO,"Cable One, Inc.",1632127,NYSE
CTKB,"Cytek Biosciences, Inc.",1831915,Nasdaq
NRIM,NORTHRIM BANCORP INC,1163370,Nasdaq
KLC,"KinderCare Learning Companies, Inc.",1873529,NYSE
VTEX,VTEX,1793663,NYSE
FET,"FORUM ENERGY TECHNOLOGIES, INC.",1401257,NYSE
SB,"SAFE BULKERS, INC.",1434754,NYSE
FVRR,Fiverr International Ltd.,1762301,NYSE
BVS,Bioventus Inc.,1665988,Nasdaq
CLMB,"Climb Global Solutions, Inc.",945983,Nasdaq
RDVT,"Red Violet, Inc.",1720116,Nasdaq
FFIC,FLUSHING FINANCIAL CORP,923139,Nasdaq
PANL,Pangaea Logistics Solutions Ltd.,1606909,Nasdaq
BGY,BlackRock Enhanced International Dividend Trust,1393299,NYSE
DIAX,Nuveen Dow 30sm Dynamic Overwrite Fund,1608742,NYSE
ORN,Orion Group Holdings Inc,1402829,NYSE
IFN,"INDIA FUND, INC.",917100,NYSE
VLGEA,VILLAGE SUPER MARKET INC,103595,Nasdaq
UNTY,UNITY BANCORP INC /NJ/,920427,Nasdaq
EHAB,"Enhabit, Inc.",1803737,NYSE
LPTH,LIGHTPATH TECHNOLOGIES INC,889971,Nasdaq
PROK,PROKIDNEY CORP.,1850270,Nasdaq
SCVL,SHOE CARNIVAL INC,895447,Nasdaq
GOOD,GLADSTONE COMMERCIAL CORP,1234006,Nasdaq
VREOF,Vireo Growth Inc.,1771706,OTC
VGM,Invesco Trust for Investment Grade Municipals,880892,NYSE
PFIS,PEOPLES FINANCIAL SERVICES CORP.,1056943,Nasdaq
GOGO,Gogo Inc.,1537054,Nasdaq
MGPI,MGP INGREDIENTS INC,835011,Nasdaq
AEXA,American Exceptionalism Acquisition Corp. A,2079173,NYSE
AVK,ADVENT CONVERTIBLE & INCOME FUND,1219120,NYSE
BWB,Bridgewater Bancshares Inc,1341317,Nasdaq
DIN,"Dine Brands Global, Inc.",49754,NYSE
FUBO,FuboTV Inc.,1484769,NYSE
GAIN,GLADSTONE INVESTMENT CORPORATIONDE,1321741,Nasdaq
CRSR,"Corsair Gaming, Inc.",1743759,Nasdaq
CTNM,"Contineum Therapeutics, Inc.",1855175,Nasdaq
ACIC,AMERICAN COASTAL INSURANCE Corp,1401521,Nasdaq
OIS,"OIL STATES INTERNATIONAL, INC",1121484,NYSE
CMCL,Caledonia Mining Corp Plc,766011,NYSE
HTT,Qudian Inc.,1692705,NYSE
EVMN,"Evommune, Inc.",2044725,NYSE
DCBO,Docebo Inc.,1829959,Nasdaq
LE,"LANDS' END, INC.",799288,Nasdaq
PACB,"PACIFIC BIOSCIENCES OF CALIFORNIA, INC.",1299130,Nasdaq
LVWR,"LiveWire Group, Inc.",1898795,NYSE
ACNB,ACNB CORP,715579,Nasdaq
IBTA,"Ibotta, Inc.",1538379,NYSE
UROY,Uranium Royalty Corp.,1711570,Nasdaq
VOR,Vor Biopharma Inc.,1817229,Nasdaq
VKQ,Invesco Municipal Trust,877463,NYSE
BME,BlackRock Health Sciences Trust,1314966,NYSE
CBNK,Capital Bancorp Inc,1419536,Nasdaq
MOV,MOVADO GROUP INC,72573,NYSE
ABAT,AMERICAN BATTERY TECHNOLOGY Co,1576873,Nasdaq
MGMNF,MAGNA MINING INC.,1965615,OTC
GRPN,"Groupon, Inc.",1490281,Nasdaq
DNUT,"Krispy Kreme, Inc.",1857154,Nasdaq
MITK,MITEK SYSTEMS INC,807863,Nasdaq
SOHU,Sohu.com Ltd,1734107,Nasdaq
RYAM,RAYONIER ADVANCED MATERIALS INC.,1597672,NYSE
PHCI,Panamera Holdings Corp,1620749,OTC
ASC,Ardmore Shipping Corp,1577437,NYSE
VCV,Invesco California Value Municipal Income Trust,895531,NYSE
GUT,GABELLI UTILITY TRUST,1080720,NYSE
KROS,"Keros Therapeutics, Inc.",1664710,Nasdaq
CRD-A,CRAWFORD & CO,25475,NYSE
FFWM,First Foundation Inc.,1413837,NYSE
GUG,Guggenheim Active Allocation Fund,1864208,NYSE
MTW,MANITOWOC CO INC,61986,NYSE
CCAP,"Crescent Capital BDC, Inc.",1633336,Nasdaq
BLW,BLACKROCK Ltd DURATION INCOME TRUST,1233681,NYSE
CATX,"Perspective Therapeutics, Inc.",728387,NYSE
CGNT,Cognyte Software Ltd.,1824814,Nasdaq
NML,Neuberger Energy Infrastructure & Income Fund Inc.,1562051,NYSE
AVR,Anteris Technologies Global Corp.,2011514,Nasdaq
IQI,Invesco Quality Municipal Income Trust,885125,NYSE
ATEX,Anterix Inc.,1304492,Nasdaq
MAGN,Magnera Corp,41719,NYSE
WIW,WESTERN ASSET INFLATION-LINKED OPPORTUNITIES & INCOME FUND,1267902,NYSE
GHY,"PGIM Global High Yield Fund, Inc.",1554697,NYSE
ANGI,Angi Inc.,1705110,Nasdaq
ITIC,INVESTORS TITLE CO,720858,Nasdaq
NUS,"NU SKIN ENTERPRISES, INC.",1021561,NYSE
GOTU,Gaotu Techedu Inc.,1768259,NYSE
VBNK,VersaBank,1690639,Nasdaq
EBF,"ENNIS, INC.",33002,NYSE
GOSS,"Gossamer Bio, Inc.",1728117,Nasdaq
RGNX,REGENXBIO Inc.,1590877,Nasdaq
LXEO,"Lexeo Therapeutics, Inc.",1907108,Nasdaq
THSGF,THESIS GOLD INC.,1832803,OTC
HONE,"HarborOne Bancorp, Inc.",1769617,
NPCE,NeuroPace Inc,1528287,Nasdaq
FPI,Farmland Partners Inc.,1591670,NYSE
BLND,"Blend Labs, Inc.",1855747,NYSE
FTK,FLOTEK INDUSTRIES INC/CN/,928054,NYSE
SWBI,"SMITH & WESSON BRANDS, INC.",1092796,Nasdaq
KRT,Karat Packaging Inc.,1758021,Nasdaq
BCSS,Bain Capital GSS Investment Corp.,2064355,NYSE
OWLS,OBOOK HOLDINGS INC.,2025416,Nasdaq
BGB,Blackstone Strategic Credit 2027 Term Fund,1546429,NYSE
CHCT,Community Healthcare Trust Inc,1631569,NYSE
CODI,Compass Diversified Holdings,1345126,NYSE
FTHY,FIRST TRUST HIGH YIELD OPPORTUNITIES 2027 TERM FUND,1810523,NYSE
MSBI,"Midland States Bancorp, Inc.",1466026,Nasdaq
CIVB,"CIVISTA BANCSHARES, INC.",944745,Nasdaq
MLAB,MESA LABORATORIES INC /CO/,724004,Nasdaq
PML,PIMCO MUNICIPAL INCOME FUND II,1170299,NYSE
HLLY,Holley Inc.,1822928,NYSE
SATL,Satellogic Inc.,1874315,Nasdaq
LXRX,"LEXICON PHARMACEUTICALS, INC.",1062822,Nasdaq
FDMT,"4D Molecular Therapeutics, Inc.",1650648,Nasdaq
NXJ,NUVEEN NEW JERSEY QUALITY MUNICIPAL INCOME FUND,1087786,NYSE
BMBL,Bumble Inc.,1830043,Nasdaq
KRNY,Kearny Financial Corp.,1617242,Nasdaq
EIM,Eaton Vance Municipal Bond Fund,1176984,NYSE
BSRR,SIERRA BANCORP,1130144,Nasdaq
MLR,MILLER INDUSTRIES INC /TN/,924822,NYSE
FEIM,FREQUENCY ELECTRONICS INC,39020,Nasdaq
GDLC,Grayscale CoinDesk Crypto 5 ETF,1729997,NYSE
FMNB,FARMERS NATIONAL BANC CORP /OH/,709337,Nasdaq
CHW,Calamos Global Dynamic Income Fund,1396277,Nasdaq
SLDB,Solid Biosciences Inc.,1707502,Nasdaq
VVR,Invesco Senior Income Trust,1059386,NYSE
OFIX,Orthofix Medical Inc.,884624,Nasdaq
DPG,Duff & Phelps Utility & Infrastructure Fund Inc.,1515671,NYSE
EU,enCore Energy Corp.,1500881,Nasdaq
OBE,OBSIDIAN ENERGY LTD.,1334388,NYSE
MCTA,Charming Medical Ltd,2035992,Nasdaq
EGY,VAALCO ENERGY INC /DE/,894627,NYSE
RHNO,RHINO BITCOIN INC.,1785493,OTC
GSKRF,FIRST NORDIC METALS CORP.,1944955,OTC
HKHC,Horizon Kinetics Holding Corp,88000,OTC
THW,abrdn World Healthcare Fund,1635977,NYSE
NWAX,New America Acquisition I Corp.,2074878,NYSE
BLE,BLACKROCK MUNICIPAL INCOME TRUST II,1176194,NYSE
VSTM,"Verastem, Inc.",1526119,Nasdaq
LEGH,Legacy Housing Corp,1436208,Nasdaq
HSHP,Himalaya Shipping Ltd.,1959455,NYSE
ASIX,AdvanSix Inc.,1673985,NYSE
FMAC,Future Money Acquisition Corp,2099232,
MRRDF,Meridian Mining UK Societas,1839886,OTC
HQL,abrdn Life Sciences Investors,884121,NYSE
FBIZ,"FIRST BUSINESS FINANCIAL SERVICES, INC.",1521951,Nasdaq
AQST,"Aquestive Therapeutics, Inc.",1398733,Nasdaq
GBFH,GBank Financial Holdings Inc.,1791145,Nasdaq
TROO,"Troops, Inc. /Cayman Islands/",1412095,Nasdaq
ETO,Eaton Vance Tax-Advantaged Global Dividend Opportunities Fund,1281926,NYSE
REEMF,RARE ELEMENT RESOURCES LTD,1419806,OTC
ADCT,ADC Therapeutics SA,1771910,NYSE
RSVR,"Reservoir Media, Inc.",1824403,Nasdaq
GRVY,"GRAVITY Co., Ltd.",1313310,Nasdaq
APPS,"Digital Turbine, Inc.",317788,Nasdaq
DVLT,Datavault AI Inc.,1682149,Nasdaq
HBCP,"HOME BANCORP, INC.",1436425,Nasdaq
JOUT,JOHNSON OUTDOORS INC,788329,Nasdaq
CARE,"Carter Bankshares, Inc.",1829576,Nasdaq
MCS,MARCUS CORP,62234,NYSE
ISD,"PGIM High Yield Bond Fund, Inc.",1534880,NYSE
GETY,"Getty Images Holdings, Inc.",1898496,NYSE
MYD,"BLACKROCK MUNIYIELD FUND, INC.",879361,NYSE
SFST,SOUTHERN FIRST BANCSHARES INC,1090009,Nasdaq
WSHP,WeShop Holdings Ltd,2048271,Nasdaq
WEAV,"Weave Communications, Inc.",1609151,NYSE
INN,"Summit Hotel Properties, Inc.",1497645,NYSE
GTN,"GRAY MEDIA, INC",43196,NYSE
CWBC,Community West Bancshares,1127371,Nasdaq
UMAC,"Unusual Machines, Inc.",1956955,NYSE
IHRT,"iHeartMedia, Inc.",1400891,Nasdaq
ASTL,Algoma Steel Group Inc.,1860805,Nasdaq
OLP,ONE LIBERTY PROPERTIES INC,712770,NYSE
UP,Wheels Up Experience Inc.,1819516,NYSE
PACK,Ranpak Holdings Corp.,1712463,NYSE
PKE,PARK AEROSPACE CORP,76267,NYSE
LAB,STANDARD BIOTOOLS INC.,1162194,Nasdaq
ZVRA,"ZEVRA THERAPEUTICS, INC.",1434647,Nasdaq
WEST,Westrock Coffee Co,1806347,Nasdaq
LTBR,LIGHTBRIDGE Corp,1084554,Nasdaq
LYEL,"Lyell Immunopharma, Inc.",1806952,Nasdaq
GLRE,"GREENLIGHT CAPITAL RE, LTD.",1385613,Nasdaq
KIO,KKR Income Opportunities Fund,1515940,NYSE
SIGA,SIGA TECHNOLOGIES INC,1010086,Nasdaq
KREF,KKR Real Estate Finance Trust Inc.,1631596,NYSE
PRTA,PROTHENA CORP PUBLIC LTD CO,1559053,Nasdaq
LWLG,"Lightwave Logic, Inc.",1325964,Nasdaq
ORGO,Organogenesis Holdings Inc.,1661181,Nasdaq
MYGN,MYRIAD GENETICS INC,899923,Nasdaq
KRSP,Rice Acquisition Corp 3,2074872,NYSE
ANRO,"Alto Neuroscience, Inc.",1999480,NYSE
NPFD,Nuveen Variable Rate Preferred & Income Fund,1865389,NYSE
TCI,TRANSCONTINENTAL REALTY INVESTORS INC,733590,NYSE
ZDCAF,"ZEDCOR, INC.",2025583,OTC
ULH,"UNIVERSAL LOGISTICS HOLDINGS, INC.",1308208,Nasdaq
KMDA,KAMADA LTD,1567529,Nasdaq
SPT,"Sprout Social, Inc.",1517375,Nasdaq
LX,LexinFintech Holdings Ltd.,1708259,Nasdaq
KYTX,"Kyverna Therapeutics, Inc.",1994702,Nasdaq
GIW,GigCapital8 Corp.,2080019,Nasdaq
HPS,JOHN HANCOCK PREFERRED INCOME FUND III,1215913,NYSE
ALLT,Allot Ltd.,1365767,Nasdaq
FTW,EQV Ventures Acquisition Corp.,2021042,NYSE
IBEX,IBEX Ltd,1720420,Nasdaq
OBT,"Orange County Bancorp, Inc. /DE/",1754226,Nasdaq
CRAN,Crane Harbor Acquisition Corp. II,2081358,Nasdaq
SABR,Sabre Corp,1597033,Nasdaq
NBB,Nuveen Taxable Municipal Income Fund,1478888,NYSE
ANSC,Agriculture & Natural Solutions Acquisition Corp,1854149,Nasdaq
NOA,North American Construction Group Ltd.,1368519,NYSE
SBC,SBC Medical Group Holdings Inc,1930313,Nasdaq
GTEN,"Gores Holdings X, Inc. / CI",1986817,Nasdaq
NATR,NATURES SUNSHINE PRODUCTS INC,275053,Nasdaq
TRX,TRX GOLD Corp,1173643,NYSE
GEVO,"Gevo, Inc.",1392380,Nasdaq
IGD,Voya GLOBAL EQUITY DIVIDEND & PREMIUM OPPORTUNITY FUND,1285890,NYSE
MG,"Mistras Group, Inc.",1436126,NYSE
IMXI,"International Money Express, Inc.",1683695,Nasdaq
DHIL,DIAMOND HILL INVESTMENT GROUP INC,909108,Nasdaq
ELTP,ELITE PHARMACEUTICALS INC /NV/,1053369,OTC
MSB,MESABI TRUST,65172,NYSE
VRNO,Verano Holdings Corp.,1848416,OTC
CION,CION Investment Corp,1534254,NYSE
YORW,YORK WATER CO,108985,Nasdaq
HKD,AMTD Digital Inc.,1809691,NYSE
APXT,Apex Treasury Corp,2079253,Nasdaq
NGS,NATURAL GAS SERVICES GROUP INC,1084991,NYSE
FRPH,"FRP HOLDINGS, INC.",844059,Nasdaq
SEAH,"Seahawk Recycling Holdings, Inc.",2075786,
TECX,"Tectonic Therapeutic, Inc.",1681087,Nasdaq
COFS,CHOICEONE FINANCIAL SERVICES INC,803164,Nasdaq
NMAI,Nuveen Multi-Asset Income Fund,1861115,NYSE
CVGW,CALAVO GROWERS INC,1133470,Nasdaq
PRTH,"Priority Technology Holdings, Inc.",1653558,Nasdaq
LGDTF,Liberty Gold Corp. /CAN,1755191,OTC
ETB,Eaton Vance Tax-Managed Buy-Write Income Fund,1308927,NYSE
FWDI,"Forward Industries, Inc.",38264,Nasdaq
CMDB,Costamare Bulkers Holdings Ltd,2033535,NYSE
ZNOG,ZION OIL & GAS INC,1131312,OTC
EVTL,Vertical Aerospace Ltd.,1867102,NYSE
CCSI,"Consensus Cloud Solutions, Inc.",1866633,Nasdaq
CGC,Canopy Growth Corp,1737927,Nasdaq
IVVD,"Invivyd, Inc.",1832038,Nasdaq
CBAN,COLONY BANKCORP INC,711669,NYSE
BACQ,INFLECTION POINT ACQUISITION CORP. IV,2028707,Nasdaq
GLAI,"Global AI, Inc.",1473490,OTC
PRAA,PRA GROUP INC,1185348,Nasdaq
VNDA,Vanda Pharmaceuticals Inc.,1347178,Nasdaq
NQP,NUVEEN PENNSYLVANIA QUALITY MUNICIPAL INCOME FUND,870780,NYSE
WNC,WABASH NATIONAL Corp,879526,NYSE
TRC,TEJON RANCH CO,96869,NYSE
WTBA,WEST BANCORPORATION INC,1166928,Nasdaq
DXYZ,Destiny Tech100 Inc.,1843974,NYSE
DFP,Flaherty & Crumrine Dynamic Preferred & Income Fund Inc,1559991,NYSE
HVT,HAVERTY FURNITURE COMPANIES INC,216085,NYSE
LENZ,"LENZ Therapeutics, Inc.",1815776,Nasdaq
FINS,Angel Oak Financial Strategies Income Term Trust,1745059,NYSE
SUPX,SuperX AI Technology Ltd,1897087,Nasdaq
EB,"Eventbrite, Inc.",1475115,NYSE
FUFU,Bitfufu Inc.,1921158,Nasdaq
KBON,Karbon Capital Partners Corp.,2088749,Nasdaq
MEC,"Mayville Engineering Company, Inc.",1766368,NYSE
IPI,"Intrepid Potash, Inc.",1421461,NYSE
BMRC,Bank of Marin Bancorp,1403475,Nasdaq
CYH,COMMUNITY HEALTH SYSTEMS INC,1108109,NYSE
FFA,FIRST TRUST ENHANCED EQUITY INCOME FUND,1291334,NYSE
CAL,CALERES INC,14707,NYSE
BFK,BLACKROCK MUNICIPAL INCOME TRUST,1137393,NYSE
VHI,VALHI INC /DE/,59255,NYSE
HCKT,"HACKETT GROUP, INC.",1057379,Nasdaq
EVN,Eaton Vance Municipal Income Trust,1074540,NYSE
PRTC,PureTech Health plc,1782999,Nasdaq
MBVI,M3-Brigade Acquisition VI Corp.,2073928,Nasdaq
CYRX,"Cryoport, Inc.",1124524,Nasdaq
PIII,P3 Health Partners Inc.,1832511,Nasdaq
OCGN,"Ocugen, Inc.",1372299,Nasdaq
ANGO,ANGIODYNAMICS INC,1275187,Nasdaq
JACK,JACK IN THE BOX INC,807882,Nasdaq
TITN,Titan Machinery Inc.,1409171,Nasdaq
BWAY,Brainsway Ltd.,1505065,Nasdaq
HPI,JOHN HANCOCK PREFERRED INCOME FUND,1176199,NYSE
HCIC,Hennessy Capital Investment Corp. VIII,2099093,
SGU,"STAR GROUP, L.P.",1002590,NYSE
HELE,HELEN OF TROY LTD,916789,Nasdaq
EACO,EACO CORP,784539,OTC
OILSF,Saturn Oil & Gas Inc.,1868917,OTC
OSPN,OneSpan Inc.,1044777,Nasdaq
CLFD,"Clearfield, Inc.",796505,Nasdaq
MUA,"BLACKROCK MUNIASSETS FUND, INC.",901243,NYSE
GLAD,GLADSTONE CAPITAL CORP,1143513,Nasdaq
GPRK,GeoPark Ltd,1464591,NYSE
PTLO,Portillo's Inc.,1871509,Nasdaq
CTEV,Claritev Corp,1793229,NYSE
EPRX,EUPRAXIA PHARMACEUTICALS INC.,1581178,Nasdaq
MESH,Meshflow Acquisition Corp,2081468,Nasdaq
BSVN,Bank7 Corp.,1746129,Nasdaq
TLNC,Talon Capital Corp.,2073340,Nasdaq
NBP,NovaBridge Biosciences,1778016,Nasdaq
KOPN,KOPIN CORP,771266,Nasdaq
DDI,"DoubleDown Interactive Co., Ltd.",1799567,Nasdaq
DMAC,DiaMedica Therapeutics Inc.,1401040,Nasdaq
CERS,CERUS CORP,1020214,Nasdaq
WILC,G WILLI FOOD INTERNATIONAL LTD,1030997,Nasdaq
ZUMZ,Zumiez Inc,1318008,Nasdaq
NNDM,Nano Dimension Ltd.,1643303,Nasdaq
CZNC,CITIZENS & NORTHERN CORP,810958,Nasdaq
BETR,Better Home & Finance Holding Co,1835856,Nasdaq
BCAR,D. Boral ARC Acquisition I Corp.,2065779,Nasdaq
PSFE,Paysafe Ltd,1833835,NYSE
XPOF,"Xponential Fitness, Inc.",1802156,NYSE
OPAL,OPAL Fuels Inc.,1842279,Nasdaq
KIDS,ORTHOPEDIATRICS CORP,1425450,Nasdaq
GCBC,GREENE COUNTY BANCORP INC,1070524,Nasdaq
GBAB,Guggenheim Taxable Municipal Bond & Investment Grade Debt Trust,1495825,NYSE
MCI,BARINGS CORPORATE INVESTORS,275694,NYSE
DVS,DOLLY VARDEN SILVER CORP,1542028,NYSE
ELVA,Electrovaya Inc.,1844450,Nasdaq
LEO,"BNY MELLON STRATEGIC MUNICIPALS, INC.",818972,NYSE
NAGE,"Niagen Bioscience, Inc.",1386570,Nasdaq
LXFR,LUXFER HOLDINGS PLC,1096056,NYSE
FRA,"BLACKROCK FLOATING RATE INCOME STRATEGIES FUND, INC.",1259708,NYSE
NATH,"NATHANS FAMOUS, INC.",69733,Nasdaq
ISTR,Investar Holding Corp,1602658,Nasdaq
GBLI,"Global Indemnity Group, LLC",1494904,Nasdaq
ASMB,"ASSEMBLY BIOSCIENCES, INC.",1426800,Nasdaq
SDHY,PGIM Short Duration High Yield Opportunities Fund,1812923,NYSE
BGS,"B&G Foods, Inc.",1278027,NYSE
GLOO,"Gloo Holdings, Inc.",2069785,Nasdaq
TCPC,BlackRock TCP Capital Corp.,1370755,Nasdaq
BNTC,Benitec Biopharma Inc.,1808898,Nasdaq
BAND,Bandwidth Inc.,1514416,Nasdaq
LAND,GLADSTONE LAND Corp,1495240,Nasdaq
MCFT,"MasterCraft Boat Holdings, Inc.",1638290,Nasdaq
KFII,K&F GROWTH ACQUISITION CORP. II,2029976,Nasdaq
SRTA,"Strata Critical Medical, Inc.",1779128,Nasdaq
LZM,Lifezone Metals Ltd,1958217,NYSE
RTAC,Renatus Tactical Acquisition Corp I,2035173,Nasdaq
ABSI,Absci Corp,1672688,Nasdaq
ACTG,ACACIA RESEARCH CORP,934549,Nasdaq
CTGO,"Contango ORE, Inc.",1502377,NYSE
TRDA,"Entrada Therapeutics, Inc.",1689375,Nasdaq
EAD,ALLSPRING INCOME OPPORTUNITIES FUND,1210123,NYSE
CD,Chaince Digital Holdings Inc.,1527762,Nasdaq
SMWB,SIMILARWEB LTD.,1842731,NYSE
NC,NACCO INDUSTRIES INC,789933,NYSE
XRPN,Armada Acquisition Corp. II,2044009,Nasdaq
CAN,Canaan Inc.,1780652,Nasdaq
NIKA,"NIKA PHARMACEUTICALS, INC",1145604,OTC
ADUR,ADURO CLEAN TECHNOLOGIES INC.,1863934,Nasdaq
NEWT,"NewtekOne, Inc.",1587987,Nasdaq
GLSI,"Greenwich LifeSciences, Inc.",1799788,Nasdaq
MVF,"BLACKROCK MUNIVEST FUND, INC.",835948,NYSE
BTQ,BTQ Technologies Corp.,1821866,Nasdaq
CLPT,"ClearPoint Neuro, Inc.",1285550,Nasdaq
BWFG,"Bankwell Financial Group, Inc.",1505732,Nasdaq
VKI,Invesco Advantage Municipal Income Trust II,908993,NYSE
FOF,"Cohen & Steers Closed-End Opportunity Fund, Inc.",1375340,NYSE
NPAC,New Providence Acquisition Corp. III/Cayman,2048948,Nasdaq
SGLA,Sino Green Land Corp.,1433551,OTC
CRAQ,Cal Redwood Acquisition Corp.,2058359,Nasdaq
BOC,BOSTON OMAHA Corp,1494582,NYSE
OEC,Orion S.A.,1609804,NYSE
ETON,"Eton Pharmaceuticals, Inc.",1710340,Nasdaq
CDZI,CADIZ INC,727273,Nasdaq
BKRRF,BLACKROCK SILVER CORP.,1699906,OTC
LCTX,"Lineage Cell Therapeutics, Inc.",876343,NYSE
BRBS,"BLUE RIDGE BANKSHARES, INC.",842717,NYSE
SOR,SOURCE CAPITAL /DE/,91847,NYSE
ATNI,"ATN International, Inc.",879585,Nasdaq
NWBO,NORTHWEST BIOTHERAPEUTICS INC,1072379,OTC
KELYA,KELLY SERVICES INC,55135,Nasdaq
BCYC,BICYCLE THERAPEUTICS PLC,1761612,Nasdaq
ENTA,ENANTA PHARMACEUTICALS INC,1177648,Nasdaq
EDD,"Morgan Stanley Emerging Markets Domestic Debt Fund, Inc.",1388141,NYSE
QDMI,QDM International Inc.,1094032,OTC
CCIX,Churchill Capital Corp IX/Cayman,2006291,Nasdaq
ZURA,Zura Bio Ltd,1855644,Nasdaq
CMTG,"Claros Mortgage Trust, Inc.",1666291,NYSE
USNA,USANA HEALTH SCIENCES INC,896264,NYSE
RMAX,"RE/MAX Holdings, Inc.",1581091,NYSE
TWFG,"TWFG, Inc.",2007596,Nasdaq
BGR,BlackRock Energy & Resources Trust,1306550,NYSE
FMAO,FARMERS & MERCHANTS BANCORP INC,792966,Nasdaq
SNDL,SNDL Inc.,1766600,Nasdaq
PDLB,"Ponce Financial Group, Inc.",1874071,Nasdaq
API,"Agora, Inc.",1802883,Nasdaq
DBO,Invesco DB Oil Fund,1383058,NYSE
ACRS,"Aclaris Therapeutics, Inc.",1557746,Nasdaq
RNGR,"Ranger Energy Services, Inc.",1699039,NYSE
LND,BrasilAgro - Brazilian Agricultural Real Estate Co,1499849,NYSE
ALF,Centurion Acquisition Corp.,2010930,Nasdaq
MNPR,Monopar Therapeutics,1645469,Nasdaq
IMMP,IMMUTEP Ltd,1506184,Nasdaq
GPAT,GP-Act III Acquisition Corp.,1834526,Nasdaq
ZKP,Lafayette Digital Acquisition Corp. I,2087447,Nasdaq
CLDT,Chatham Lodging Trust,1476045,NYSE
PCAP,ProCap Acquisition Corp,2056634,Nasdaq
MBAV,M3-Brigade Acquisition V Corp.,2016072,Nasdaq
RDAG,Republic Digital Acquisition Co,2055459,Nasdaq
PFL,PIMCO INCOME STRATEGY FUND,1244183,NYSE
ALLO,"Allogene Therapeutics, Inc.",1737287,Nasdaq
TACO,Berto Acquisition Corp.,2033122,Nasdaq
BRBI,BRBI BR Partners S.A.,2058601,Nasdaq
WENN,WEN Acquisition Corp,2057043,Nasdaq
MYN,"BLACKROCK MUNIYIELD NEW YORK QUALITY FUND, INC.",882150,NYSE
BBCQ,Bleichroeder Acquisition Corp. II,2088295,Nasdaq
SAR,SARATOGA INVESTMENT CORP.,1377936,NYSE
SCGX,SAXON CAPITAL GROUP INC,1277575,OTC
AUTL,Autolus Therapeutics plc,1730463,Nasdaq
INRE,"Inland Real Estate Income Trust, Inc.",1528985,OTC
BBBY,"BED BATH & BEYOND, INC.",1130713,NYSE
CRLBF,Cresco Labs Inc.,1832928,OTC
GNE,Genie Energy Ltd.,1528356,NYSE
STRT,STRATTEC SECURITY CORP,933034,Nasdaq
KFS,KINGSWAY FINANCIAL SERVICES INC,1072627,NYSE
HIX,WESTERN ASSET HIGH INCOME FUND II INC.,1058239,NYSE
GSVRF,GUANAJUATO SILVER CO LTD,865400,OTC
PBFS,"Pioneer Bancorp, Inc./MD",1769663,Nasdaq
OFLX,"Omega Flex, Inc.",1317945,Nasdaq
RBB,RBB Bancorp,1499422,Nasdaq
CTRN,Citi Trends Inc,1318484,Nasdaq
ESEA,EUROSEAS LTD.,1341170,Nasdaq
VFF,"Village Farms International, Inc.",1584549,Nasdaq
TTGT,"TechTarget, Inc.",2018064,Nasdaq
ILPT,Industrial Logistics Properties Trust,1717307,Nasdaq
AVXL,ANAVEX LIFE SCIENCES CORP.,1314052,Nasdaq
PLBC,PLUMAS BANCORP,1168455,Nasdaq
ANL,Adlai Nortye Ltd.,1944552,Nasdaq
PNNT,PENNANTPARK INVESTMENT CORP,1383414,NYSE
YSG,Yatsen Holding Ltd,1819580,NYSE
KUBR,Kuber Resources Corp,1081834,OTC
DBP,Invesco DB Precious Metals Fund,1383057,NYSE
SVC,Service Properties Trust,945394,Nasdaq
CMII,Columbus Circle Capital Corp II,2088805,
TWN,TAIWAN FUND INC,804123,NYSE
ELLO,Ellomay Capital Ltd.,946394,NYSE
CLYM,"Climb Bio, Inc.",1768446,Nasdaq
TOYO,"TOYO Co., Ltd",1985273,Nasdaq
MVBF,MVB FINANCIAL CORP,1277902,Nasdaq
LSAK,LESAKA TECHNOLOGIES INC,1041514,Nasdaq
CLBR,Colombier Acquisition Corp. III,2091024,
ACCO,ACCO BRANDS Corp,712034,NYSE
CLLS,Cellectis S.A.,1627281,Nasdaq
USCB,"USCB FINANCIAL HOLDINGS, INC.",1901637,Nasdaq
EGHT,8X8 INC /DE/,1023731,Nasdaq
TRON,Tron Inc.,1956744,Nasdaq
CBK,"Commercial Bancgroup, Inc.",1981546,Nasdaq
FCRS,FutureCrest Acquisition Corp.,2074697,NYSE
AKBA,"Akebia Therapeutics, Inc.",1517022,Nasdaq
KNOP,KNOT Offshore Partners LP,1564180,NYSE
XNET,Xunlei Ltd,1510593,Nasdaq
NCV,Virtus Convertible & Income Fund,1214935,NYSE
ALUB,Alussa Energy Acquisition Corp. II,2041493,NYSE
SCD,LMP CAPITAL & INCOME FUND INC.,1270131,NYSE
PSBD,Palmer Square Capital BDC Inc.,1794776,NYSE
BKT,"BLACKROCK INCOME TRUST, INC.",832327,NYSE
NRC,NATIONAL RESEARCH CORP,70487,Nasdaq
TLS,TELOS CORP,320121,Nasdaq
NMRA,"Neumora Therapeutics, Inc.",1885522,Nasdaq
SDHI,Siddhi Acquisition Corp (Cayman Islands),2034037,Nasdaq
ONIT,ONITY GROUP INC.,873860,NYSE
TII,Titan Mining Corp,1791703,NYSE
PKOH,PARK OHIO HOLDINGS CORP,76282,Nasdaq
KTF,DWS MUNICIPAL INCOME TRUST,839533,NYSE
HIO,WESTERN ASSET HIGH INCOME OPPORTUNITY FUND INC.,910068,NYSE
CAEP,"Cantor Equity Partners III, Inc.",2034268,Nasdaq
NFE,New Fortress Energy Inc.,1749723,Nasdaq
AII,"American Integrity Insurance Group, Inc.",2007587,NYSE
FVR,"FrontView REIT, Inc.",1988494,NYSE
AVBC,"Avidia Bancorp, Inc.",2058758,NYSE
PERI,Perion Network Ltd.,1338940,Nasdaq
YDDL,One & one Green Technologies. INC,2034723,Nasdaq
VOXR,VOX ROYALTY CORP.,1907909,Nasdaq
ISBA,ISABELLA BANK CORP,842517,Nasdaq
IMMX,"Immix Biopharma, Inc.",1873835,Nasdaq
CCII,Cohen Circle Acquisition Corp. II,2064683,Nasdaq
NAN,NUVEEN NEW YORK QUALITY MUNICIPAL INCOME FUND,1074769,NYSE
CDRO,"Codere Online Luxembourg, S.A.",1866782,Nasdaq
TARA,"Protara Therapeutics, Inc.",1359931,Nasdaq
HYLN,Hyliion Holdings Corp.,1759631,NYSE
BNR,Burning Rock Biotech Ltd,1792267,Nasdaq
JRI,Nuveen Real Asset Income & Growth Fund,1539337,NYSE
CGCT,Cartesian Growth Corp III,2049662,Nasdaq
TACH,Titan Acquisition Corp.,2009183,Nasdaq
WTI,W&T OFFSHORE INC,1288403,NYSE
HFRO,HIGHLAND OPPORTUNITIES & INCOME FUND,1710680,NYSE
PPHC,"Public Policy Holding Company, Inc.",1903508,Nasdaq
AUNA,AUNA S.A.,1799207,NYSE
GIG,GigCapital7 Corp.,2023730,Nasdaq
TDRRF,Tudor Gold Corp.,1921050,OTC
AWP,abrdn Global Premier Properties Fund,1390195,NYSE
ASLE,AerSale Corp,1754170,Nasdaq
AURA,"Aura Biosciences, Inc.",1501796,Nasdaq
MIY,"BLACKROCK MUNIYIELD MICHIGAN QUALITY FUND, INC.",890393,NYSE
FRST,Primis Financial Corp.,1325670,Nasdaq
GGAZF,Goldgroup Mining Inc.,1515964,OTC
BDCI,BTC Development Corp.,2042292,Nasdaq
IONR,ioneer Ltd,1896084,Nasdaq
PAII,Pyrophyte Acquisition Corp. II,2069238,NYSE
DMAA,Drugs Made In America Acquisition Corp.,2028614,Nasdaq
IPCX,Inflection Point Acquisition Corp. III,2012318,Nasdaq
KCHV,Kochav Defense Acquisition Corp.,2053799,Nasdaq
PBYI,"PUMA BIOTECHNOLOGY, INC.",1401667,Nasdaq
VELO,"Velo3D, Inc.",1825079,Nasdaq
SMC,Summit Midstream Corp,2024218,NYSE
PPT,PUTNAM PREMIER INCOME TRUST,827773,NYSE
CRNC,Cerence Inc.,1768267,Nasdaq
HPF,JOHN HANCOCK PREFERRED INCOME FUND II,1189740,NYSE
VALU,VALUE LINE INC,717720,Nasdaq
ISSC,INNOVATIVE SOLUTIONS & SUPPORT INC,836690,Nasdaq
SPIR,"Spire Global, Inc.",1816017,NYSE
LNKB,"LINKBANCORP, Inc.",1756701,Nasdaq
OTGA,OTG Acquisition Corp. I,2077010,Nasdaq
BLZR,Trailblazer Acquisition Corp.,2075310,Nasdaq
RBBN,Ribbon Communications Inc.,1708055,Nasdaq
SOUL,Soulpower Acquisition Corp.,2025608,NYSE
OYSE,Oyster Enterprises II Acquisition Corp,2042182,Nasdaq
FBRX,"Forte Biosciences, Inc.",1419041,Nasdaq
RM,Regional Management Corp.,1519401,NYSE
CEPT,"Cantor Equity Partners II, Inc.",2034269,Nasdaq
RXST,"RxSight, Inc.",1111485,Nasdaq
SBXE,SilverBox Corp V,2081909,NYSE
AXIN,Axiom Intelligence Acquisition Corp 1,2057030,Nasdaq
CVEO,Civeo Corp,1590584,NYSE
HCMA,HCM III ACQUISITION CORP.,2069856,Nasdaq
DBI,Designer Brands Inc.,1319947,NYSE
ELA,Envela Corp,701719,NYSE
FCEL,FUELCELL ENERGY INC,886128,Nasdaq
SCM,Stellus Capital Investment Corp,1551901,NYSE
DSAC,Daedalus Special Acquisition Corp.,2082149,Nasdaq
RCKT,"ROCKET PHARMACEUTICALS, INC.",1281895,Nasdaq
LEGO,Legato Merger Corp. IV,2087450,
PKBK,"PARKE BANCORP, INC.",1315399,Nasdaq
AVNW,"AVIAT NETWORKS, INC.",1377789,Nasdaq
MLP,MAUI LAND & PINEAPPLE CO INC,63330,NYSE
RC,Ready Capital Corp,1527590,NYSE
CANG,Cango Inc.,1725123,NYSE
SITC,SITE Centers Corp.,894315,NYSE
WRLGF,West Red Lake Gold Mines Ltd.,1733968,OTC
BGT,BLACKROCK FLOATING RATE INCOME TRUST,1287480,NYSE
ARTNA,ARTESIAN RESOURCES CORP,863110,Nasdaq
NREF,"NexPoint Real Estate Finance, Inc.",1786248,NYSE
JFIN,Jiayin Group Inc.,1743102,Nasdaq
VACH,Voyager Acquisition Corp./Cayman Islands,2006815,Nasdaq
BYRN,Byrna Technologies Inc.,1354866,Nasdaq
NMG,Nouveau Monde Graphite Inc.,1649752,NYSE
FNLC,"First Bancorp, Inc /ME/",765207,Nasdaq
FSTR,FOSTER L B CO,352825,Nasdaq
PCB,PCB BANCORP,1423869,Nasdaq
NCMI,"National CineMedia, Inc.",1377630,Nasdaq
RLGT,"RADIANT LOGISTICS, INC",1171155,NYSE
VMD,"VIEMED HEALTHCARE, INC.",1729149,Nasdaq
ONTF,ON24 INC.,1110611,NYSE
AVBH,"Avidbank Holdings, Inc.",1443575,Nasdaq
NEXN,Nexxen International Ltd.,1849396,Nasdaq
SY,So-Young International Inc.,1758530,Nasdaq
BLUW,Blue Water Acquisition Corp. III,2050501,Nasdaq
ALDX,"Aldeyra Therapeutics, Inc.",1341235,Nasdaq
BGIN,BGIN BLOCKCHAIN Ltd,1945565,Nasdaq
HYAC,Haymaker Acquisition Corp. 4,1970509,NYSE
NECB,"NorthEast Community Bancorp, Inc./MD/",1847398,Nasdaq
BFZ,BLACKROCK CALIFORNIA MUNICIPAL INCOME TRUST,1137391,NYSE
BCML,BayCom Corp,1730984,Nasdaq
WSBF,"Waterstone Financial, Inc.",1569994,Nasdaq
AMCX,AMC Networks Inc.,1514991,Nasdaq
FHTX,Foghorn Therapeutics Inc.,1822462,Nasdaq
FGPR,FERRELLGAS PARTNERS L P,922358,OTC
MBI,MBIA INC,814585,NYSE
YRD,Yiren Digital Ltd.,1631761,NYSE
BBCP,"Concrete Pumping Holdings, Inc.",1703956,Nasdaq
SMRT,"SmartRent, Inc.",1837014,NYSE
RIV,"RIVERNORTH OPPORTUNITIES FUND, INC.",1501072,NYSE
DCTH,"DELCATH SYSTEMS, INC.",872912,Nasdaq
BEAG,Bold Eagle Acquisition Corp.,1852207,Nasdaq
JOF,JAPAN SMALLER CAPITALIZATION FUND INC,859796,NYSE
BYND,"BEYOND MEAT, INC.",1655210,Nasdaq
EVH,"Evolent Health, Inc.",1628908,NYSE
GAMG,"Global Asset Management Group, Inc.",55234,OTC
LOCO,"El Pollo Loco Holdings, Inc.",1606366,Nasdaq
SVRSF,Silver Storm Mining Ltd.,1682056,OTC
CUB,Lionheart Holdings,2015955,Nasdaq
OOMA,OOMA INC,1327688,NYSE
TEI,TEMPLETON EMERGING MARKETS INCOME FUND,909112,NYSE
LWAY,"Lifeway Foods, Inc.",814586,Nasdaq
MTLS,MATERIALISE NV,1091223,Nasdaq
CNCK,Coincheck Group N.V.,1913847,Nasdaq
SVAC,Spring Valley Acquisition Corp. III,2074850,Nasdaq
DEFT,"Defi Technologies, Inc.",1888274,Nasdaq
SOPH,SOPHiA GENETICS SA,1840706,Nasdaq
AVIR,"Atea Pharmaceuticals, Inc.",1593899,Nasdaq
SIMA,SIM Acquisition Corp. I,2014982,Nasdaq
AEF,"abrdn Emerging Markets ex-China Fund, Inc.",846676,NYSE
EFR,Eaton Vance Senior Floating-Rate Trust,1258623,NYSE
ZH,Zhihu Inc.,1835724,NYSE
NLCP,"NewLake Capital Partners, Inc.",1854964,OTC
OTLY,Oatly Group AB,1843586,Nasdaq
MXF,MEXICO FUND INC,65433,NYSE
CEPV,"Cantor Equity Partners V, Inc.",2034266,Nasdaq
UNTC,UNIT CORP,798949,OTC
MLAC,Mountain Lake Acquisition Corp.,2029492,Nasdaq
PRE,Prenetics Global Ltd,1876431,Nasdaq
JRVR,"James River Group Holdings, Inc.",1620459,Nasdaq
HDSN,HUDSON TECHNOLOGIES INC /NY,925528,Nasdaq
TG,TREDEGAR CORP,850429,NYSE
FERA,Fifth Era Acquisition Corp I,2025401,Nasdaq
SPXX,Nuveen S&P 500 Dynamic Overwrite Fund,1338561,NYSE
OPTX,"SYNTEC OPTICS HOLDINGS, INC.",1866816,Nasdaq
SZZL,Sizzle Acquisition Corp. II,2030663,Nasdaq
QUAD,"Quad/Graphics, Inc.",1481792,NYSE
TVA,Texas Ventures Acquisition III Corp,2033991,Nasdaq
EVOX,Evolution Global Acquisition Corp,2077954,Nasdaq
MEI,METHODE ELECTRONICS INC,65270,NYSE
DRDB,Roman DBDR Acquisition Corp. II,2032528,Nasdaq
CADL,"Candel Therapeutics, Inc.",1841387,Nasdaq
DDD,3D SYSTEMS CORP,910638,NYSE
PNRG,PRIMEENERGY RESOURCES CORP,56868,Nasdaq
PACH,Pioneer Acquisition I Corp,2040381,Nasdaq
ASG,LIBERTY ALL STAR GROWTH FUND INC.,786035,NYSE
PDYN,Palladyne AI Corp.,1826681,Nasdaq
OBA,Oxley Bridge Acquisition Ltd,2034313,Nasdaq
XFLT,XAI Octagon Floating Rate & Alternative Income Trust,1703079,NYSE
RWAY,Runway Growth Finance Corp.,1653384,Nasdaq
PMTR,Perimeter Acquisition Corp. I,2061473,Nasdaq
RFMZ,"RiverNorth Flexible Municipal Income Fund II, Inc.",1817159,NYSE
NCA,NUVEEN CALIFORNIA MUNICIPAL VALUE FUND,818851,NYSE
IMRX,Immuneering Corp,1790340,Nasdaq
FSBW,"FS Bancorp, Inc.",1530249,Nasdaq
ARDC,"Ares Dynamic Credit Allocation Fund, Inc.",1515324,NYSE
KOYN,"CSLM Digital Asset Acquisition Corp III, Ltd",2068454,Nasdaq
NLST,NETLIST INC,1282631,OTC
PLTS,Platinum Analytics Cayman Ltd,2053033,Nasdaq
OWLT,"Owlet, Inc.",1816708,NYSE
SAC,Safeguard Acquisition Corp.,2082844,NYSE
AFB,ALLIANCEBERNSTEIN NATIONAL MUNICIPAL INCOME FUND,1162027,NYSE
ATII,Archimedes Tech SPAC Partners II Co.,2028516,Nasdaq
CZFS,CITIZENS FINANCIAL SERVICES INC,739421,Nasdaq
VACI,Viking Acquisition Corp I,2080023,NYSE
CARL,"CARLSMED, INC.",1794546,Nasdaq
ALDF,Aldel Financial II Inc.,2031561,Nasdaq
ALCO,"ALICO, INC.",3545,Nasdaq
WEYS,WEYCO GROUP INC,106532,Nasdaq
AREC,American Resources Corp,1590715,Nasdaq
NVEC,NVE CORP /NEW/,724910,Nasdaq
NKLR,Terra Innovatum Global N.V.,2067627,Nasdaq
GCO,GENESCO INC,18498,NYSE
POLE,Andretti Acquisition Corp. II,2025341,Nasdaq
VCIC,Vine Hill Capital Investment Corp.,2025396,Nasdaq
ACIU,AC Immune SA,1651625,Nasdaq
CHAC,Crane Harbor Acquisition Corp.,2054174,Nasdaq
TSBK,TIMBERLAND BANCORP INC,1046050,Nasdaq
ZTR,Virtus Total Return Fund Inc.,836412,NYSE
NTPIF,NAM TAI PROPERTY INC.,829365,OTC
XFOR,"X4 Pharmaceuticals, Inc",1501697,Nasdaq
CYDY,CytoDyn Inc.,1175680,OTC
MHN,"BLACKROCK MUNIHOLDINGS NEW YORK QUALITY FUND, INC.",1038186,NYSE
MTRX,MATRIX SERVICE CO,866273,Nasdaq
NBH,NEUBERGER MUNICIPAL FUND INC.,1178839,NYSE
SGHT,"Sight Sciences, Inc.",1531177,Nasdaq
CAF,"Morgan Stanley China A Share Fund, Inc.",1368493,NYSE
JACS,Jackson Acquisition Co II,2039058,NYSE
MKLY,McKinley Acquisition Corp,2067592,Nasdaq
CHMG,CHEMUNG FINANCIAL CORP,763563,Nasdaq
AEAQ,Activate Energy Acquisition Corp.,2083689,Nasdaq
EXOD,"Exodus Movement, Inc.",1821534,NYSE
RPAY,Repay Holdings Corp,1720592,Nasdaq
BNED,"Barnes & Noble Education, Inc.",1634117,NYSE
AGD,abrdn Global Dynamic Dividend Fund,1362481,NYSE
PEPG,PepGen Inc.,1835597,Nasdaq
XOMA,XOMA Royalty Corp,791908,Nasdaq
FLXS,FLEXSTEEL INDUSTRIES INC,37472,Nasdaq
VERI,"Veritone, Inc.",1615165,Nasdaq
NGEN,NERVGEN PHARMA CORP.,1751912,Nasdaq
GRAF,Graf Global Corp.,1897463,NYSE
ATGL,Alpha Technology Group Ltd,1967621,Nasdaq
DSM,"BNY MELLON STRATEGIC MUNICIPAL BOND FUND, INC.",855887,NYSE
HRZN,Horizon Technology Finance Corp,1487428,Nasdaq
AFJK,"Aimei Health Technology Co., Ltd.",1979005,Nasdaq
NVA,Nova Minerals Ltd,1852551,Nasdaq
LPAA,Launch One Acquisition Corp.,2015502,Nasdaq
RAC,Rithm Acquisition Corp.,2047497,NYSE
CIA,"CITIZENS, INC.",24090,NYSE
RFI,COHEN & STEERS TOTAL RETURN REALTY FUND INC,891290,NYSE
SMDRF,SIERRA MADRE GOLD & SILVER LTD.,1939801,OTC
BKKT,"Bakkt, Inc.",1820302,NYSE
AMRN,AMARIN CORP PLC\UK,897448,Nasdaq
ITHA,ITHAX Acquisition Corp III,2080985,Nasdaq
COSO,"CoastalSouth Bancshares, Inc.",1297107,NYSE
UTKN,Universal Token,1919182,OTC
RMNI,"Rimini Street, Inc.",1635282,Nasdaq
LPBB,Launch Two Acquisition Corp.,2023676,Nasdaq
TBRG,"TruBridge, Inc.",1169445,Nasdaq
LWAC,LightWave Acquisition Corp.,2061379,Nasdaq
SENS,"Senseonics Holdings, Inc.",1616543,Nasdaq
NL,NL INDUSTRIES INC,72162,NYSE
JGH,Nuveen Global High Income Fund,1615905,NYSE
BLFY,Blue Foundry Bancorp,1846017,Nasdaq
PINE,"Alpine Income Property Trust, Inc.",1786117,NYSE
BIXI,Bitcoin Infrastructure Acquisition Corp Ltd,2082542,Nasdaq
AIRO,"AIRO Group Holdings, Inc.",1927958,Nasdaq
EFTY,"ETOILES CAPITAL GROUP CO., LTD",2058349,Nasdaq
TDF,TEMPLETON DRAGON FUND INC,919893,NYSE
EVI,"EVI INDUSTRIES, INC.",65312,NYSE
PUBM,"PubMatic, Inc.",1422930,Nasdaq
SSP,E.W. SCRIPPS Co,832428,Nasdaq
NPCT,Nuveen Core Plus Impact Fund,1835068,NYSE
RMR,RMR GROUP INC.,1644378,Nasdaq
GLDG,GoldMining Inc.,1538847,NYSE
EFT,Eaton Vance Floating-Rate Income Trust,1288992,NYSE
VGZ,VISTA GOLD CORP,783324,NYSE
XRX,Xerox Holdings Corp,1770450,Nasdaq
JENA,JENA ACQUISITION Corp II,2060337,NYSE
BGH,BARINGS GLOBAL SHORT DURATION HIGH YIELD FUND,1521404,NYSE
HELP,CYBIN INC.,1833141,Nasdaq
PMO,PUTNAM MUNICIPAL OPPORTUNITIES TRUST,900422,NYSE
SKYX,SKYX Platforms Corp.,1598981,Nasdaq
HVMC,Highview Merger Corp.,2070602,Nasdaq
DAVA,Endava plc,1656081,NYSE
OIA,Invesco Municipal Income Opportunities Trust,835333,NYSE
MIN,MFS INTERMEDIATE INCOME TRUST,826735,NYSE
CIX,COMPX INTERNATIONAL INC,1049606,NYSE
JMSB,"John Marshall Bancorp, Inc.",1710482,Nasdaq
LOKV,Live Oak Acquisition Corp. V,2048951,Nasdaq
NWFL,NORWOOD FINANCIAL CORP,1013272,Nasdaq
DBL,DoubleLine Opportunistic Credit Fund,1525201,NYSE
PLG,PLATINUM GROUP METALS LTD,1095052,NYSE
PHOE,Phoenix Asia Holdings Ltd,2035709,Nasdaq
GASS,StealthGas Inc.,1328919,Nasdaq
ANVI,"ANVI GLOBAL HOLDINGS, INC.",1570132,OTC
GSRF,GSR IV Acquisition Corp.,2072404,Nasdaq
EM,Smart Share Global Ltd,1834253,Nasdaq
ARQQ,Arqit Quantum Inc.,1859690,Nasdaq
EMF,TEMPLETON EMERGING MARKETS FUND,809708,NYSE
SLP,"Simulations Plus, Inc.",1023459,Nasdaq
WNEB,"Western New England Bancorp, Inc.",1157647,Nasdaq
HCAC,Hall Chadwick Acquisition Corp,2079013,Nasdaq
CPZ,Calamos Long/Short Equity & Dynamic Income Trust,1717457,Nasdaq
MMD,NYLI MacKay DefinedTerm Muni Opportunities Fund,1518557,NYSE
BMM,Blue Moon Metals Inc.,1732379,Nasdaq
BIOT,Relativity Holdings Inc.,2072188,
EOLS,"Evolus, Inc.",1570562,Nasdaq
PAL,"Proficient Auto Logistics, Inc",1998768,Nasdaq
BKTI,BK Technologies Corp,2186,NYSE
GPAC,General Purpose Acquisition Corp.,2085408,Nasdaq
FUND,SPROTT FOCUS TRUST INC.,825202,Nasdaq
NXG,NXG NextGen Infrastructure Income Fund,1506488,NYSE
CBIO,"CRESCENT BIOPHARMA, INC.",1253689,Nasdaq
GDEV,GDEV Inc.,1848739,Nasdaq
NLOP,Net Lease Office Properties,1952976,NYSE
RZLT,"Rezolute, Inc.",1509261,Nasdaq
FVCB,"FVCBankcorp, Inc.",1675644,Nasdaq
LRMR,"Larimar Therapeutics, Inc.",1374690,Nasdaq
MPX,MARINE PRODUCTS CORP,1129155,NYSE
NHIC,NewHold Investment Corp. III,2043699,Nasdaq
FCCO,FIRST COMMUNITY CORP /SC/,932781,Nasdaq
GTERA,Globa Terra Acquisition Corp,2043766,Nasdaq
UCFI,CN Healthy Food Tech Group Corp.,1901203,Nasdaq
FCCN,SPECTRAL CAPITAL Corp,1131903,OTC
CLW,Clearwater Paper Corp,1441236,NYSE
BACC,Blue Acquisition Corp/Cayman,2059654,Nasdaq
BYM,BLACKROCK MUNICIPAL INCOME QUALITY TRUST,1181187,NYSE
AACB,Artius II Acquisition Inc.,2034334,Nasdaq
ACRE,Ares Commercial Real Estate Corp,1529377,NYSE
ARMP,"Armata Pharmaceuticals, Inc.",921114,NYSE
ASPN,ASPEN AEROGELS INC,1145986,NYSE
CCRN,CROSS COUNTRY HEALTHCARE INC,1141103,Nasdaq
RLMD,"RELMADA THERAPEUTICS, INC.",1553643,Nasdaq
QTRX,Quanterix Corp,1503274,Nasdaq
FLX,BingEx Ltd,1858724,Nasdaq
LFCR,"LIFECORE BIOMEDICAL, INC. \DE\",1005286,Nasdaq
ACV,Virtus Diversified Income & Convertible Fund,1636289,NYSE
PESI,PERMA FIX ENVIRONMENTAL SERVICES INC,891532,Nasdaq
RMM,"RiverNorth Managed Duration Municipal Income Fund, Inc.",1771226,NYSE
TYGO,"TIGO ENERGY, INC.",1855447,Nasdaq
MBCN,MIDDLEFIELD BANC CORP,836147,Nasdaq
OVLY,Oak Valley Bancorp,1431567,Nasdaq
AARD,"Aardvark Therapeutics, Inc.",1774857,Nasdaq
LEGT,Legato Merger Corp. III,2002038,NYSE
BRT,BRT Apartments Corp.,14846,NYSE
BRW,Saba Capital Income & Opportunities Fund,826020,NYSE
NODK,"NI Holdings, Inc.",1681206,Nasdaq
ARL,AMERICAN REALTY INVESTORS INC,1102238,NYSE
SITKF,Sitka Gold Corp.,1747657,OTC
USAU,U.S. GOLD CORP.,27093,Nasdaq
BRCB,"Black Rock Coffee Bar, Inc.",2068577,Nasdaq
FLYX,FLYEXCLUSIVE INC.,1843973,NYSE
NCZ,Virtus Convertible & Income Fund II,1227857,NYSE
JWSMF,Jaws Mustang Acquisition Corp,1831359,OTC
DERM,Journey Medical Corp,1867066,Nasdaq
RCS,"PIMCO STRATEGIC INCOME FUND, INC.",916183,NYSE
TVAI,Thayer Ventures Acquisition Corp II,1872228,Nasdaq
ABEO,ABEONA THERAPEUTICS INC.,318306,Nasdaq
ENLV,Enlivex Therapeutics Ltd.,1596812,Nasdaq
EIC,Eagle Point Income Co Inc.,1754836,NYSE
APAD,AParadise Acquisition Corp.,1956439,Nasdaq
EGAN,EGAIN Corp,1066194,Nasdaq
FDBC,FIDELITY D & D BANCORP INC,1098151,Nasdaq
AGL,"agilon health, inc.",1831097,NYSE
ALMU,"Aeluma, Inc.",1828805,Nasdaq
SPOK,"Spok Holdings, Inc",1289945,Nasdaq
ALXO,ALX ONCOLOGY HOLDINGS INC,1810182,Nasdaq
SNBR,Sleep Number Corp,827187,Nasdaq
TMTS,Spartacus Acquisition Corp. II,2097364,
NUAI,"New ERA Energy & Digital, Inc.",2028336,Nasdaq
JCE,Nuveen Core Equity Alpha Fund,1385763,NYSE
EOT,Eaton Vance National Municipal Opportunities Trust,1454741,NYSE
PMM,PUTNAM MANAGED MUNICIPAL INCOME TRUST,844790,NYSE
SBXD,SilverBox Corp IV,2015947,NYSE
INR,"INFINITY NATURAL RESOURCES, INC.",2029118,NYSE
KRYXF,KORYX COPPER INC.,1318596,OTC
SPMC,"Sound Point Meridian Capital, Inc.",1930147,NYSE
MITT,"TPG Mortgage Investment Trust, Inc.",1514281,NYSE
ORBS,Eightco Holdings Inc.,1892492,Nasdaq
PCYO,PURE CYCLE CORP,276720,Nasdaq
HVII,Hennessy Capital Investment Corp. VII,1846416,Nasdaq
AFRI,Forafric Global PLC,1903870,Nasdaq
DNMX,Dynamix Corp III,2081125,Nasdaq
FENC,FENNEC PHARMACEUTICALS INC.,1211583,Nasdaq
EVC,ENTRAVISION COMMUNICATIONS CORP,1109116,NYSE
NGNE,Neurogene Inc.,1404644,Nasdaq
AZ,A2Z CUST2MATE SOLUTIONS CORP.,1866030,Nasdaq
GRRR,Gorilla Technology Group Inc.,1903145,Nasdaq
DSX,DIANA SHIPPING INC.,1318885,NYSE
CEPO,"Cantor Equity Partners I, Inc.",2027708,Nasdaq
AVTX,"Avalo Therapeutics, Inc.",1534120,Nasdaq
NIU,Niu Technologies,1744781,Nasdaq
MINE,MAYFAIR GOLD CORP.,1823255,NYSE
ERC,ALLSPRING MULTI-SECTOR INCOME FUND,1227073,NYSE
OBAI,"TG-17, Inc.",1756064,Nasdaq
FBYD,"Falcon's Beyond Global, Inc.",1937987,Nasdaq
SI,"SHOULDER INNOVATIONS, INC.",1699350,NYSE
SJT,SAN JUAN BASIN ROYALTY TRUST,319655,NYSE
CFAC,Creative Future Acquisition Corp,2077877,
OACC,Oaktree Acquisition Corp. III Life Sciences,2029769,Nasdaq
EOD,ALLSPRING GLOBAL DIVIDEND OPPORTUNITY FUND,1386067,NYSE
TSSI,"TSS, Inc.",1320760,Nasdaq
HBB,Hamilton Beach Brands Holding Co,1709164,NYSE
LMNR,Limoneira CO,1342423,Nasdaq
MCR,MFS CHARTER INCOME TRUST,851170,NYSE
CFFI,C & F FINANCIAL CORP,913341,Nasdaq
FLWS,1 800 FLOWERS COM INC,1084869,Nasdaq
MMT,MFS MULTIMARKET INCOME TRUST,809173,NYSE
NUW,Nuveen AMT-Free Municipal Value Fund,1450445,NYSE
ZEPP,Zepp Health Corp,1720446,NYSE
CHRS,"Coherus Oncology, Inc.",1512762,Nasdaq
XWIN,XMax Inc.,1473334,Nasdaq
FXNC,FIRST NATIONAL CORP /VA/,719402,Nasdaq
GLO,Clough Global Opportunities Fund,1350869,NYSE
MNTK,"Montauk Renewables, Inc.",1826600,Nasdaq
FUNC,FIRST UNITED CORP/MD/,763907,Nasdaq
MPAA,MOTORCAR PARTS OF AMERICA INC,918251,Nasdaq
REI,"RING ENERGY, INC.",1384195,NYSE
TOI,"Oncology Institute, Inc.",1799191,Nasdaq
FCT,FIRST TRUST SENIOR FLOATING RATE INCOME FUND II,1282850,NYSE
NAUT,"Nautilus Biotechnology, Inc.",1808805,Nasdaq
HNST,"Honest Company, Inc.",1530979,Nasdaq
GORO,GOLD RESOURCE CORP,1160791,NYSE
PLMK,"Plum Acquisition Corp, IV",2030482,Nasdaq
JILL,"J.Jill, Inc.",1687932,NYSE
REFI,"Chicago Atlantic Real Estate Finance, Inc.",1867949,Nasdaq
AERG,"APPLIED ENERGETICS, INC.",879911,OTC
FACT,FACT II Acquisition Corp.,2028935,Nasdaq
PPIH,"Perma-Pipe International Holdings, Inc.",914122,Nasdaq
HERE,Here Group Ltd,1932770,Nasdaq
SEG,Seaport Entertainment Group Inc.,2009684,NYSE
GWRS,"Global Water Resources, Inc.",1434728,Nasdaq
RLTY,Cohen & Steers Real Estate Opportunities & Income Fund,1866874,NYSE
MYFW,First Western Financial Inc,1327607,Nasdaq
PAMT,PAMT CORP,798287,Nasdaq
NTWO,Newbury Street II Acquisition Corp,2028027,Nasdaq
VNME,Vendome Acquisition Corp I,2055879,Nasdaq
DBB,INVESCO DB BASE METALS FUND,1383084,NYSE
TAYD,"TAYLOR DEVICES, INC.",96536,Nasdaq
III,Information Services Group Inc.,1371489,Nasdaq
LAW,"CS Disco, Inc.",1625641,NYSE
INV,"Innventure, Inc.",2001557,Nasdaq
FTF,FRANKLIN LTD DURATION INCOME TRUST,1233087,NYSE
LGI,LAZARD GLOBAL TOTAL RETURN & INCOME FUND INC,1278211,NYSE
RCKY,"ROCKY BRANDS, INC.",895456,Nasdaq
SCII,SC II Acquisition Corp.,2076739,Nasdaq
MRAM,EVERSPIN TECHNOLOGIES INC.,1438423,Nasdaq
GLATF,Global Atomic Corp,1716410,OTC
JELD,"JELD-WEN Holding, Inc.",1674335,NYSE
CBNA,CHAIN BRIDGE BANCORP INC,1392272,NYSE
XPER,Xperi Inc.,1788999,NYSE
ASUR,ASURE SOFTWARE INC,884144,Nasdaq
ZY,China Tobacco & Alcohol Group Ltd,2025180,
ATLN,ATLANTIC INTERNATIONAL CORP.,1605888,Nasdaq
ATLO,AMES NATIONAL CORP,1132651,Nasdaq
TAKOF,Volatus Aerospace Inc.,1547452,OTC
CFNB,CALIFORNIA FIRST LEASING CORP,803016,OTC
LCNB,LCNB CORP,1074902,Nasdaq
OPRT,Oportun Financial Corp,1538716,Nasdaq
NKSH,NATIONAL BANKSHARES INC,796534,Nasdaq
VENU,Venu Holding Corp,1770501,NYSE
PSF,"Cohen & Steers Select Preferred & Income Fund, Inc.",1498612,NYSE
ADV,Advantage Solutions Inc.,1776661,Nasdaq
BPRN,"Princeton Bancorp, Inc.",1913971,Nasdaq
BNY,BLACKROCK NEW YORK MUNICIPAL INCOME TRUST,1137390,NYSE
TSNDF,TerrAscend Corp.,1778129,OTC
LTRX,LANTRONIX INC,1114925,Nasdaq
MRBK,Meridian Corp,1750735,Nasdaq
PALI,"PALISADE BIO, INC.",1357459,Nasdaq
COPL,Copley Acquisition Corp,2045473,NYSE
CMRC,"Commerce.com, Inc.",1626450,Nasdaq
ELMD,"Electromed, Inc.",1488917,NYSE
SNFCA,SECURITY NATIONAL FINANCIAL CORP,318673,Nasdaq
FOA,Finance of America Companies Inc.,1828937,NYSE
DOUG,Douglas Elliman Inc.,1878897,NYSE
FINW,Finwise Bancorp,1856365,Nasdaq
CABA,"Cabaletta Bio, Inc.",1759138,Nasdaq
RILY,"BRC Group Holdings, Inc.",1464790,Nasdaq
STRS,STRATUS PROPERTIES INC,885508,Nasdaq
MFIN,MEDALLION FINANCIAL CORP,1000209,Nasdaq
HWBK,"HAWTHORN BANCSHARES, INC.",893847,Nasdaq
TWIN,TWIN DISC INC,100378,Nasdaq
MCGA,Yorkville Acquisition Corp.,2064658,Nasdaq
VLTLF,Volt Lithium Corp.,1872061,OTC
PTNM,Pitanium Ltd,2046573,Nasdaq
TBCH,Turtle Beach Corp,1493761,Nasdaq
TCX,TUCOWS INC /PA/,909494,Nasdaq
STTK,"Shattuck Labs, Inc.",1680367,Nasdaq
TSKFF,Talisker Resources Ltd.,1803800,OTC
RAIL,"FreightCar America, Inc.",1320854,Nasdaq
NHS,Neuberger High Yield Strategies Fund Inc.,1487610,NYSE
TLSI,"TriSalus Life Sciences, Inc.",1826667,Nasdaq
SRI,STONERIDGE INC,1043337,NYSE
IGAC,Invest Green Acquisition Corp,2075068,Nasdaq
ALTG,ALTA EQUIPMENT GROUP INC.,1759824,NYSE
MASS,908 Devices Inc.,1555279,Nasdaq
BLZE,"Backblaze, Inc.",1462056,Nasdaq
CNDT,CONDUENT Inc,1677703,Nasdaq
SOCA,Solarius Capital Acquisition Corp.,2065948,Nasdaq
RAAQ,Real Asset Acquisition Corp.,2052161,Nasdaq
PROF,Profound Medical Corp.,1628808,Nasdaq
FNRN,FIRST NORTHERN COMMUNITY BANCORP,1114927,OTC
IIF,"MORGAN STANLEY INDIA INVESTMENT FUND, INC.",916618,NYSE
DAAQ,Digital Asset Acquisition Corp.,2052162,Nasdaq
MVIS,"MICROVISION, INC.",65770,Nasdaq
WHGOF,White Gold Corp.,1423867,OTC
INSE,"Inspired Entertainment, Inc.",1615063,Nasdaq
NTHI,"NEONC TECHNOLOGIES HOLDINGS, INC.",1979414,Nasdaq
NXDT,NEXPOINT DIVERSIFIED REAL ESTATE TRUST,1356115,NYSE
TDWD,Tailwind 2.0 Acquisition Corp.,2076616,Nasdaq
FC,FRANKLIN COVEY CO,886206,NYSE
FJET,"Starfighters Space, Inc.",1947016,NYSE
TWLV,Twelve Seas Investment Co III/Cayman,2052243,Nasdaq
CV,"CapsoVision, Inc",1378325,Nasdaq
PLX,"Protalix BioTherapeutics, Inc.",1006281,NYSE
GSIT,GSI TECHNOLOGY INC,1126741,Nasdaq
HTLM,HomesToLife Ltd,2023153,Nasdaq
TPVG,TriplePoint Venture Growth BDC Corp.,1580345,NYSE
TSI,TCW STRATEGIC INCOME FUND INC,809559,NYSE
MACI,Melar Acquisition Corp. I/Cayman,2016221,Nasdaq
HRTX,"HERON THERAPEUTICS, INC. /DE/",818033,Nasdaq
LIEN,"Chicago Atlantic BDC, Inc.",1843162,Nasdaq
TDAC,Translational Development Acquisition Corp.,1926599,Nasdaq
JRS,NUVEEN REAL ESTATE INCOME FUND,1158289,NYSE
ONEW,OneWater Marine Inc.,1772921,Nasdaq
QSI,Quantum-Si Inc,1816431,Nasdaq
DYOR,Insight Digital Partners II,2079292,Nasdaq
ETHM,Dynamix Corp,2028699,Nasdaq
BIII,Black Spade Acquisition III Co,2087087,NYSE
RENT,"Rent the Runway, Inc.",1468327,Nasdaq
MDWD,MediWound Ltd.,1593984,Nasdaq
SDSYA,SOUTH DAKOTA SOYBEAN PROCESSORS LLC,1163609,OTC
KRMD,"KORU Medical Systems, Inc.",704440,Nasdaq
NVCT,"Nuvectis Pharma, Inc.",1875558,Nasdaq
BLRK,Bluerock Acquisition Corp.,2081532,Nasdaq
CRSF,Crisp Momentum Inc.,924396,OTC
KINS,"KINGSTONE COMPANIES, INC.",33992,Nasdaq
BHR,Braemar Hotels & Resorts Inc.,1574085,NYSE
WEWA,"WEWARDS, INC.",1616156,OTC
VABK,Virginia National Bankshares Corp,1572334,Nasdaq
OSS,"ONE STOP SYSTEMS, INC.",1394056,Nasdaq
MVT,"BLACKROCK MUNIVEST FUND II, INC.",897269,NYSE
ACHV,"ACHIEVE LIFE SCIENCES, INC.",949858,Nasdaq
RGCO,RGC RESOURCES INC,1069533,Nasdaq
MFM,MFS MUNICIPAL INCOME TRUST,801961,NYSE
MQT,"BLACKROCK MUNIYIELD QUALITY FUND II, INC.",887394,NYSE
SUGRF,Sucro Ltd,1996493,OTC
SSSS,SURO CAPITAL CORP.,1509470,Nasdaq
SVCC,Stellar V Capital Corp. (Cayman Islands),2033593,Nasdaq
MAGH,Magnitude International Ltd,2046117,Nasdaq
PSRHF,Pulsar Helium Inc.,1991413,OTC
BGM,BGM Group Ltd.,1779578,Nasdaq
SHIP,Seanergy Maritime Holdings Corp.,1448397,Nasdaq
SLN,Silence Therapeutics plc,1479615,Nasdaq
EWCZ,"European Wax Center, Inc.",1856236,Nasdaq
HHLKF,Hot Chili Ltd,1562823,OTC
FXE,Invesco CurrencyShares Euro Trust,1328598,NYSE
APN,APEIRON ACQUISITION VEHICLE I,2085795,
FBLA,"FB Bancorp, Inc. /MD/",2013639,Nasdaq
AOMR,"Angel Oak Mortgage REIT, Inc.",1766478,NYSE
GENC,GENCOR INDUSTRIES INC,64472,NYSE
WALD,Waldencast plc,1840199,Nasdaq
BHLL,Bunker Hill Mining Corp.,1407583,OTC
SABA,Saba Capital Income & Opportunities Fund II,828803,NYSE
NEN,NEW ENGLAND REALTY ASSOCIATES LIMITED PARTNERSHIP,746514,NYSE
SNWV,"SANUWAVE Health, Inc.",1417663,Nasdaq
APGOF,Apollo Silver Corp,1811931,OTC
OBIO,"Orchestra BioMed Holdings, Inc.",1814114,Nasdaq
MUE,"BLACKROCK MUNIHOLDINGS QUALITY FUND II, INC.",1071899,NYSE
PNPNF,POWER METALLIC MINES INC.,855950,OTC
ONCH,1RT Acquisition Corp.,2054272,Nasdaq
AUDC,AUDIOCODES LTD,1086434,Nasdaq
AGXPF,SILVER X MINING CORP.,1482436,OTC
IMMR,IMMERSION CORP,1058811,Nasdaq
SSVFF,SOUTHERN SILVER EXPLORATION CORP,1397616,OTC
AIRJ,AirJoule Technologies Corp.,1855474,Nasdaq
HLXC,Helix Acquisition Corp. III,2099656,Nasdaq
MAMK,MaxsMaking Inc.,2008007,Nasdaq
EAF,GRAFTECH INTERNATIONAL LTD,931148,NYSE
WW,"WW INTERNATIONAL, INC.",105319,Nasdaq
DOMO,"DOMO, INC.",1505952,Nasdaq
ANTA,Antalpha Platform Holding Co,2044255,Nasdaq
FNKO,"Funko, Inc.",1704711,Nasdaq
CCFN,MUNCY COLUMBIA FINANCIAL Corp,731122,OTC
ALTS,ALT5 Sigma Corp,862861,Nasdaq
ARCT,Arcturus Therapeutics Holdings Inc.,1768224,Nasdaq
RDNW,"RideNow Group, Inc.",1596961,Nasdaq
CRAC,Crown Reserve Acquisition Corp. I,2070887,Nasdaq
FRAF,FRANKLIN FINANCIAL SERVICES CORP /PA/,723646,Nasdaq
XYF,X Financial,1725033,NYSE
KLTR,KALTURA INC,1432133,Nasdaq
CFBK,CF BANKSHARES INC.,1070680,Nasdaq
GPJA,GEORGIA POWER CO,41091,NYSE
AIFU,AIFU Inc.,1413855,Nasdaq
ALTO,"Alto Ingredients, Inc.",778164,Nasdaq
CRNT,CERAGON NETWORKS LTD,1119769,Nasdaq
NVX,NOVONIX Ltd,1859795,Nasdaq
GSHR,Gesher Acquisition Corp. II,2044635,Nasdaq
ALEC,"Alector, Inc.",1653087,Nasdaq
RICK,"RCI HOSPITALITY HOLDINGS, INC.",935419,Nasdaq
OPBK,OP Bancorp,1722010,Nasdaq
AHMA,AMBITIONS ENTERPRISE MANAGEMENT CO. L.L.C,2010959,Nasdaq
LOGC,ContextLogic Holdings Inc.,2064307,OTC
INVZ,Innoviz Technologies Ltd.,1835654,Nasdaq
TRVG,trivago N.V.,1683825,Nasdaq
EGHA,EGH Acquisition Corp.,2052547,Nasdaq
EFSI,EAGLE FINANCIAL SERVICES INC,880641,Nasdaq
NPV,NUVEEN VIRGINIA QUALITY MUNICIPAL INCOME FUND,897421,NYSE
AMPY,Amplify Energy Corp.,1533924,NYSE
IMDX,Insight Molecular Diagnostics Inc.,1642380,Nasdaq
SWKH,SWK Holdings Corp,1089907,Nasdaq
TGMPF,Tantalus Systems Holding Inc.,2025947,OTC
TNXP,Tonix Pharmaceuticals Holding Corp.,1430306,Nasdaq
NYXH,Nyxoah SA,1857190,Nasdaq
BXSY,BEXIL INVESTMENT TRUST,1059213,OTC
IPOD,Dune Acquisition Corp II,2041047,Nasdaq
DHY,CREDIT SUISSE HIGH YIELD CREDIT FUND,1061353,NYSE
NERV,"Minerva Neurosciences, Inc.",1598646,Nasdaq
IRD,"Opus Genetics, Inc.",1228627,Nasdaq
CNTX,Context Therapeutics Inc.,1842952,Nasdaq
DH,Definitive Healthcare Corp.,1861795,Nasdaq
HAVA,Harvard Ave Acquisition Corp,2042460,Nasdaq
HITI,High Tide Inc.,1847409,Nasdaq
HGLB,HIGHLAND GLOBAL ALLOCATION FUND,1622148,NYSE
IKT,"Inhibikase Therapeutics, Inc.",1750149,Nasdaq
OGI,ORGANIGRAM GLOBAL INC.,1620737,Nasdaq
CAMP,Camp4 Therapeutics Corp,1736730,Nasdaq
PEBK,PEOPLES BANCORP OF NORTH CAROLINA INC,1093672,Nasdaq
DMB,"BNY Mellon Municipal Bond Infrastructure Fund, Inc.",1565381,NYSE
ETX,Eaton Vance Municipal Income 2028 Term Trust,1563696,NYSE
PAYS,"Paysign, Inc.",1496443,Nasdaq
IDE,"Voya Infrastructure, Industrials & Materials Fund",1417802,NYSE
VYGR,"Voyager Therapeutics, Inc.",1640266,Nasdaq
RDCM,RADCOM LTD,1016838,Nasdaq
FT,FRANKLIN UNIVERSAL TRUST,833040,NYSE
JAKK,JAKKS PACIFIC INC,1009829,Nasdaq
MPV,BARINGS PARTICIPATION INVESTORS,831655,NYSE
GDC,GD Culture Group Ltd,1641398,Nasdaq
CRMT,AMERICAS CARMART INC,799850,Nasdaq
OPRX,OptimizeRx Corp,1448431,Nasdaq
LANV,Lanvin Group Holdings Ltd,1922097,NYSE
AIRRF,Aurion Resources Ltd.,1476573,OTC
SEVN,Seven Hills Realty Trust,1452477,Nasdaq
OVBC,OHIO VALLEY BANC CORP,894671,Nasdaq
VUZI,Vuzix Corp,1463972,Nasdaq
BNC,CEA Industries Inc.,1482541,Nasdaq
CXDO,"Crexendo, Inc.",1075736,Nasdaq
UBFO,UNITED SECURITY BANCSHARES,1137547,Nasdaq
LPRO,Open Lending Corp,1806201,Nasdaq
CPSS,"CONSUMER PORTFOLIO SERVICES, INC.",889609,Nasdaq
OPP,"RiverNorth/DoubleLine Strategic Opportunity Fund, Inc.",1678130,NYSE
KF,KOREA FUND INC,748691,NYSE
SABS,"SAB Biotherapeutics, Inc.",1833214,Nasdaq
LODE,Comstock Inc.,1120970,NYSE
OSUR,ORASURE TECHNOLOGIES INC,1116463,Nasdaq
NAKA,Nakamoto Inc.,1946573,Nasdaq
EHI,WESTERN ASSET GLOBAL HIGH INCOME FUND INC.,1228509,NYSE
ESCA,ESCALADE INC,33488,Nasdaq
UTMD,UTAH MEDICAL PRODUCTS INC,706698,Nasdaq
ELME,Elme Communities,104894,NYSE
EARN,Ellington Credit Co,1560672,NYSE
GF,NEW GERMANY FUND INC,858706,NYSE
ACB,AURORA CANNABIS INC,1683541,Nasdaq
POWW,Outdoor Holding Co,1015383,Nasdaq
BKN,"BLACKROCK INVESTMENT QUALITY MUNICIPAL TRUST, INC.",894242,NYSE
FIGX,FIGX Capital Acquisition Corp.,2059033,Nasdaq
AXREF,AMARC RESOURCES LTD,1175596,OTC
LFAC,Leapfrog Acquisition Corp,2084563,Nasdaq
SRZN,"Surrozen, Inc./DE",1824893,Nasdaq
LKSP,Lake Superior Acquisition Corp,2043508,Nasdaq
DUOT,"DUOS TECHNOLOGIES GROUP, INC.",1396536,Nasdaq
SND,"Smart Sand, Inc.",1529628,Nasdaq
AGCC,Agencia Comercial Spirits Ltd.,2060016,Nasdaq
NRDY,Nerdy Inc.,1819404,NYSE
WIA,WESTERN ASSET INFLATION-LINKED INCOME FUND,1254370,NYSE
SDA,SunCar Technology Group Inc.,1936804,Nasdaq
SMID,SMITH MIDLAND CORP,924719,Nasdaq
SLQT,"SelectQuote, Inc.",1794783,NYSE
GTE,GRAN TIERRA ENERGY INC.,1273441,NYSE
LOVE,Lovesac Co,1701758,Nasdaq
SMHI,SEACOR Marine Holdings Inc.,1690334,NYSE
ISPR,Ispire Technology Inc.,1948455,Nasdaq
DIBS,"1stdibs.com, Inc.",1600641,Nasdaq
AIIA,AI Infrastructure Acquisition Corp.,2073553,NYSE
BUKS,BUTLER NATIONAL CORP,15847,OTC
CURI,CuriosityStream Inc.,1776909,Nasdaq
SRV,NXG Cushing Midstream Energy Fund,1400897,NYSE
FOSL,"Fossil Group, Inc.",883569,Nasdaq
NRO,NEUBERGER REAL ESTATE SECURITIES INCOME FUND INC,1261166,NYSE
WLAC,Willow Lane Acquisition Corp.,2032379,Nasdaq
DPRO,Draganfly Inc.,1786286,Nasdaq
VPV,Invesco Pennsylvania Value Municipal Income Trust,895528,NYSE
INBK,First Internet Bancorp,1562463,Nasdaq
NFTN,NFiniTi inc.,1544400,OTC
OZ,"Belpointe PREP, LLC",1807046,NYSE
TRAK,"ReposiTrak, Inc.",50471,NYSE
STXS,"Stereotaxis, Inc.",1289340,NYSE
BRR,"ProCap Financial, Inc.",2076163,Nasdaq
MPTI,"M-tron Industries, Inc.",1902314,NYSE
AMBR,Amber International Holding Ltd,1697818,Nasdaq
SNNGF,PPX Mining Corp.,1384831,OTC
CBFV,"CB Financial Services, Inc.",1605301,Nasdaq
YMT,Yimutian Inc.,1991605,Nasdaq
DGNX,Diginex Ltd,2010499,Nasdaq
SPWR,SunPower Inc.,1838987,Nasdaq
FLC,FLAHERTY & CRUMRINE TOTAL RETURN FUND INC,1245648,NYSE
EBMT,"Eagle Bancorp Montana, Inc.",1478454,Nasdaq
JFB,JFB Construction Holdings,2024306,Nasdaq
GIX,GigCapital9 Corp.,2098712,
VTIX,Virtuix Holdings Inc.,1606242,Nasdaq
CMCM,Cheetah Mobile Inc.,1597835,NYSE
SPCE,"Virgin Galactic Holdings, Inc",1706946,NYSE
FOTB,"FIRST OTTAWA BANCSHARES, INC.",1099668,OTC
ACH,ACCENDRA HEALTH INC/VA/,75252,NYSE
DHF,BNY MELLON HIGH YIELD STRATEGIES FUND,1057861,NYSE
CZWI,Citizens Community Bancorp Inc.,1367859,Nasdaq
OMSE,OMS Energy Technologies Inc.,2012219,Nasdaq
SLGL,Sol-Gel Technologies Ltd.,1684693,Nasdaq
LZMH,LZ Technology Holdings Ltd,1967397,Nasdaq
FCAP,FIRST CAPITAL INC,1070296,Nasdaq
MDXH,MDxHealth SA,1872529,Nasdaq
HUMA,"Humacyte, Inc.",1818382,Nasdaq
SMTI,Sanara MedTech Inc.,714256,Nasdaq
GALT,GALECTIN THERAPEUTICS INC,1133416,Nasdaq
SGMT,Sagimet Biosciences Inc.,1400118,Nasdaq
CMTV,COMMUNITY BANCORP /VT,718413,Nasdaq
EMP,"ENTERGY MISSISSIPPI, LLC",66901,NYSE
GHI,Greystone Housing Impact Investors LP,1059142,NYSE
DOYU,DouYu International Holdings Ltd,1762417,Nasdaq
NPWR,NET Power Inc.,1845437,NYSE
USBC,"USBC, Inc.",1074828,NYSE
AGMRF,"Silver Mountain Resources, Inc.",2022059,OTC
ENJ,"ENTERGY NEW ORLEANS, LLC",71508,NYSE
HUSIF,NICOLA MINING INC.,1526475,OTC
SRG,Seritage Growth Properties,1628063,NYSE
LONCF,Loncor Gold Inc.,1472619,OTC
EDIT,"Editas Medicine, Inc.",1650664,Nasdaq
BVFL,"BV Financial, Inc.",1302387,Nasdaq
EDAP,EDAP TMS SA,1041934,Nasdaq
ZIP,"ZIPRECRUITER, INC.",1617553,NYSE
CCCC,"C4 Therapeutics, Inc.",1662579,Nasdaq
MOLN,MOLECULAR PARTNERS AG,1745114,Nasdaq
VBF,Invesco Bond Fund,5094,NYSE
TNYA,"Tenaya Therapeutics, Inc.",1858848,Nasdaq
CMT,CORE MOLDING TECHNOLOGIES INC,1026655,NYSE
QTZM,Quantumzyme Corp.,1663038,OTC
NUTR,NUSATRIP Inc,2006468,Nasdaq
ELDN,"Eledon Pharmaceuticals, Inc.",1404281,Nasdaq
SLAMF,Slam Corp.,1838162,
CHEC,Chenghe Acquisition III Co.,2047177,Nasdaq
BSL,Blackstone Senior Floating Rate 2027 Term Fund,1486298,NYSE
TLSA,Tiziana Life Sciences Ltd,1723069,Nasdaq
PNBK,PATRIOT NATIONAL BANCORP INC,1098146,Nasdaq
NXPGY,Mobico Group PLC/ADR,1455632,OTC
LAWR,"Robot Consulting Co., Ltd.",2007599,Nasdaq
NAMM,Namib Minerals,2026514,Nasdaq
PCQ,PIMCO CALIFORNIA MUNICIPAL INCOME FUND,1140411,NYSE
CVRX,"CVRx, Inc.",1235912,Nasdaq
RPID,"RAPID MICRO BIOSYSTEMS, INC.",1380106,Nasdaq
MNSB,"MainStreet Bancshares, Inc.",1693577,Nasdaq
THRY,"Thryv Holdings, Inc.",1556739,Nasdaq
PLBY,"Playboy, Inc.",1803914,Nasdaq
VTN,Invesco Trust for Investment Grade New York Municipals,883265,NYSE
LARK,LANDMARK BANCORP INC,1141688,Nasdaq
ACU,ACME UNITED CORP,2098,NYSE
ESP,ESPEY MFG & ELECTRONICS CORP,33533,NYSE
CMTL,COMTECH TELECOMMUNICATIONS CORP /DE/,23197,Nasdaq
BCAC,Brookline Capital Acquisition Corp II,2102072,
RNAC,"Cartesian Therapeutics, Inc.",1453687,Nasdaq
BOOM,DMC Global Inc.,34067,Nasdaq
HNVR,"Hanover Bancorp, Inc. /MD",1828588,Nasdaq
RANG,Range Capital Acquisition Corp.,2035644,Nasdaq
FNWD,Finward Bancorp,919864,Nasdaq
WHG,WESTWOOD HOLDINGS GROUP INC,1165002,NYSE
HOFT,HOOKER FURNISHINGS Corp,1077688,Nasdaq
TAVI,Tavia Acquisition Corp.,2020385,Nasdaq
FGFH,FORESIGHT FINANCIAL GROUP INC,786298,OTC
PONO,"Pono Capital Four, Inc.",2108164,
USGO,U.S. GoldMining Inc.,1947244,Nasdaq
UIS,UNISYS CORP,746838,NYSE
WTF,Waton Financial Ltd,1987363,Nasdaq
RENEF,Cartesian Growth Corp II,1889112,OTC
COE,51Talk Online Education Group,1659494,NYSE
SGC,"SUPERIOR GROUP OF COMPANIES, INC.",95574,Nasdaq
RELL,"RICHARDSON ELECTRONICS, LTD.",355948,Nasdaq
THAR,"Tharimmune, Inc.",1861657,Nasdaq
SKIN,Beauty Health Co,1818093,Nasdaq
BMBN,BENCHMARK BANKSHARES INC,804563,OTC
ECF,ELLSWORTH GROWTH & INCOME FUND LTD,793040,NYSE
TBI,"TrueBlue, Inc.",768899,NYSE
UTGN,UTG INC,832480,OTC
IPHA,Innate Pharma SA,1598599,Nasdaq
RFAI,RF Acquisition Corp II,2012807,Nasdaq
TNYZF,Tiny Ltd.,1836775,OTC
BMN,BlackRock 2037 Municipal Target Term Trust,1832871,NYSE
BANX,ArrowMark Financial Corp.,1578987,Nasdaq
SDHC,Smith Douglas Homes Corp.,1982518,NYSE
ECBK,"ECB Bancorp, Inc. /MD/",1914605,Nasdaq
ACNT,ASCENT INDUSTRIES CO.,95953,Nasdaq
PTHRF,Pantheon Resources plc,1621910,OTC
NMP,NMP Acquisition Corp.,2054876,Nasdaq
SIDU,Sidus Space Inc.,1879726,Nasdaq
HWAIF,Healwell AI Inc.,1999124,OTC
RVLGF,Revival Gold Inc.,1616885,OTC
INSG,INSEEGO CORP.,1022652,Nasdaq
MRT,"Marti Technologies, Inc.",1852767,NYSE
BAER,"Bridger Aerospace Group Holdings, Inc.",1941536,Nasdaq
UNG,"United States Natural Gas Fund, LP",1376227,NYSE
BCIC,BCP Investment Corp,1372807,Nasdaq
NNY,NUVEEN NEW YORK MUNICIPAL VALUE FUND,818850,NYSE
LUCD,Lucid Diagnostics Inc.,1799011,Nasdaq
GPRO,"GoPro, Inc.",1500435,Nasdaq
APYX,Apyx Medical Corp,719135,Nasdaq
NNOX,Nano-X Imaging Ltd.,1795251,Nasdaq
PIM,PUTNAM MASTER INTERMEDIATE INCOME TRUST,830622,NYSE
FF,FutureFuel Corp.,1337298,NYSE
VWAV,"VisionWave Holdings, Inc.",2038439,Nasdaq
ASYS,AMTECH SYSTEMS INC,720500,Nasdaq
STLRF,STLLR Gold Inc.,1979408,OTC
SPE,"SPECIAL OPPORTUNITIES FUND, INC.",897802,NYSE
EMIS,Emmis Acquisition Corp.,2075816,Nasdaq
PRQR,ProQR Therapeutics N.V.,1612940,Nasdaq
GAMB,Gambling.com Group Ltd,1839799,Nasdaq
QIPT,Quipt Home Medical Corp.,1540013,Nasdaq
ESOA,Energy Services of America CORP,1357971,Nasdaq
INFU,"InfuSystem Holdings, Inc",1337013,NYSE
VLN,Valens Semiconductor Ltd.,1863006,NYSE
AREN,"Arena Group Holdings, Inc.",894871,NYSE
BUUU,BUUU Group Ltd,2047273,Nasdaq
LAFA,LaFayette Acquisition Corp.,2079106,Nasdaq
SMX,SMX (Security Matters) Public Ltd Co,1940674,Nasdaq
ZHJD,Intelligent Hotel Group Ltd.,1794276,OTC
MDV,"MODIV INDUSTRIAL, INC.",1645873,NYSE
MSD,MORGAN STANLEY EMERGING MARKETS DEBT FUND INC,904112,NYSE
CGEN,COMPUGEN LTD,1119774,Nasdaq
EDF,Virtus Stone Harbor Emerging Markets Income Fund,1501103,NYSE
ALPS,Alps Group Inc,2025774,Nasdaq
KLRS,"Kalaris Therapeutics, Inc.",1754068,Nasdaq
SANG,Sangoma Technologies Corp,1753368,Nasdaq
SPEG,Silver Pegasus Acquisition Corp.,2028735,Nasdaq
OXSQ,Oxford Square Capital Corp.,1259429,Nasdaq
PFD,FLAHERTY & CRUMRINE PREFERRED & INCOME FUND INC,868578,NYSE
MHF,WESTERN ASSET MUNICIPAL HIGH INCOME FUND INC.,830487,NYSE
ZNTL,"Zentalis Pharmaceuticals, Inc.",1725160,Nasdaq
BZUN,Baozun Inc.,1625414,Nasdaq
GLQ,Clough Global Equity Fund,1316463,NYSE
CIK,"CREDIT SUISSE ASSET MANAGEMENT INCOME FUND, INC.",810766,NYSE
HQI,"HireQuest, Inc.",1140102,Nasdaq
ORRCF,OROCO RESOURCE CORP,1390352,OTC
STRZ,STARZ ENTERTAINMENT CORP /CN/,929351,Nasdaq
BZAI,"Blaize Holdings, Inc.",1871638,Nasdaq
INGN,Inogen Inc,1294133,Nasdaq
PZG,Paramount Gold Nevada Corp.,1629210,NYSE
TETOF,Tectonic Metals Inc.,1783432,OTC
PMMCF,Pampa Metals Corp,1930459,OTC
IGA,Voya Global Advantage & Premium Opportunity Fund,1332943,NYSE
FFAI,FARADAY FUTURE INTELLIGENT ELECTRIC INC.,1805521,Nasdaq
CSBB,"CSB Bancorp, Inc.",880417,OTC
NEOV,NeoVolta Inc.,1748137,Nasdaq
DGXX,Digi Power X Inc.,1854368,Nasdaq
BRLT,"Brilliant Earth Group, Inc.",1866757,Nasdaq
GCUMF,Gunnison Copper Corp.,1514860,OTC
HCAT,"Health Catalyst, Inc.",1636422,Nasdaq
MGTE,Marblegate Capital Corp,1965052,OTC
ARQ,"Arq, Inc.",1515156,Nasdaq
ANIK,"Anika Therapeutics, Inc.",898437,Nasdaq
LFMD,"LifeMD, Inc.",948320,Nasdaq
GRX,Gabelli Healthcare & WellnessRx Trust,1391437,NYSE
PCSC,Perceptive Capital Solutions Corp,2017526,Nasdaq
EMYB,"Embassy Bancorp, Inc.",1449794,OTC
GHG,GreenTree Hospitality Group Ltd.,1724755,NYSE
GGT,GABELLI MULTIMEDIA TRUST INC.,921671,NYSE
WHF,"WhiteHorse Finance, Inc.",1552198,Nasdaq
SHIM,Shimmick Corp,1887944,Nasdaq
MIST,Milestone Pharmaceuticals Inc.,1408443,Nasdaq
ICTSF,ICTS INTERNATIONAL N V,1010134,OTC
RANI,"Rani Therapeutics Holdings, Inc.",1856725,Nasdaq
LMRXF,LARAMIDE RESOURCES LTD,1001500,OTC
ARBE,Arbe Robotics Ltd.,1861841,Nasdaq
INAC,Indigo Acquisition Corp.,2063816,Nasdaq
EGG,ENIGMATIG LTD,1982961,NYSE
SGMO,"SANGAMO THERAPEUTICS, INC",1001233,Nasdaq
IPSC,"Century Therapeutics, Inc.",1850119,Nasdaq
EVG,Eaton Vance Short Duration Diversified Income Fund,1287498,NYSE
YCY,AA Mission Acquisition Corp. II,2075336,NYSE
CLPR,Clipper Realty Inc.,1649096,NYSE
JYNT,JOINT Corp,1612630,Nasdaq
MPA,BLACKROCK MUNIYIELD PENNSYLVANIA QUALITY FUND,891038,NYSE
HYOR,HyOrc Corp,1070789,OTC
SMJF,SMJ International Holdings Inc.,2070954,NYSE
PMTS,CPI Card Group Inc.,1641614,Nasdaq
CRBU,"Caribou Biosciences, Inc.",1619856,Nasdaq
TTEC,"TTEC Holdings, Inc.",1013880,Nasdaq
NAZ,NUVEEN ARIZONA QUALITY MUNICIPAL INCOME FUND,892992,NYSE
RCMT,"RCM TECHNOLOGIES, INC.",700841,Nasdaq
ABOS,"Acumen Pharmaceuticals, Inc.",1576885,Nasdaq
RGP,"RESOURCES CONNECTION, INC.",1084765,Nasdaq
CPKF,CHESAPEAKE FINANCIAL SHARES INC,847538,OTC
NCAUF,Newcore Gold Ltd.,1627868,OTC
EPSN,Epsilon Energy Ltd.,1726126,Nasdaq
ONL,Orion Properties Inc.,1873923,NYSE
SCAG,Scage Future,2000366,Nasdaq
LNSR,"LENSAR, Inc.",1320350,Nasdaq
FTLF,"FITLIFE BRANDS, INC.",1374328,Nasdaq
CHPT,"ChargePoint Holdings, Inc.",1777393,NYSE
BARK,"Bark, Inc.",1819574,NYSE
LUD,Luda Technology Group Ltd,1984124,NYSE
BGX,Blackstone Long-Short Credit Income Fund,1504234,NYSE
VXRT,"Vaxart, Inc.",72444,OTC
TMCI,"TREACE MEDICAL CONCEPTS, INC.",1630627,Nasdaq
UNCY,"Unicycive Therapeutics, Inc.",1766140,Nasdaq
ESGL,ESGL Holdings Ltd,1957538,Nasdaq
EPM,EVOLUTION PETROLEUM CORP,1006655,NYSE
ELTX,"Elicio Therapeutics, Inc.",1601485,Nasdaq
NKTX,"Nkarta, Inc.",1787400,Nasdaq
FRD,FRIEDMAN INDUSTRIES INC,39092,Nasdaq
EMPG,Empro Group Inc.,2005569,Nasdaq
BCBP,BCB BANCORP INC,1228454,Nasdaq
HYI,Western Asset High Yield Opportunity Fund Inc.,1497186,NYSE
AIRS,"Airsculpt Technologies, Inc.",1870940,Nasdaq
BWG,BrandywineGLOBAL-Global Income Opportunities Fund Inc,1504545,NYSE
PCOK,"Pacific Oak Strategic Opportunity REIT, Inc.",1452936,OTC
MENS,Jyong Biotech Ltd.,1954488,Nasdaq
RBKB,"Rhinebeck Bancorp, Inc.",1751783,Nasdaq
CBUS,"Cibus, Inc.",1705843,Nasdaq
FTCI,"FTC Solar, Inc.",1828161,Nasdaq
QNBC,QNB CORP.,750558,OTC
AVD,AMERICAN VANGUARD CORP,5981,NYSE
FGBI,"First Guaranty Bancshares, Inc.",1408534,Nasdaq
ACR,ACRES Commercial Realty Corp.,1332551,NYSE
ESGH,ESG Inc.,1883835,OTC
SRFM,SURF AIR MOBILITY INC.,1936224,NYSE
PERF,Perfect Corp.,1899830,NYSE
ZENA,"ZenaTech, Inc.",1997403,Nasdaq
SRGXF,Surge Copper Corp,1644540,OTC
CLAR,Clarus Corp,913277,Nasdaq
NPT,Texxon Holding Ltd,2014337,Nasdaq
ENBP,ENB Financial Corp,1437479,OTC
EMPD,Empery Digital Inc.,1829794,Nasdaq
RMBI,"Richmond Mutual Bancorporation, Inc.",1767837,Nasdaq
FORR,"FORRESTER RESEARCH, INC.",1023313,Nasdaq
PMI,"Picard Medical, Inc.",2030617,NYSE
AMCI,AMC Robotics Corp,1937891,Nasdaq
BSET,BASSETT FURNITURE INDUSTRIES INC,10329,Nasdaq
CNTB,Connect Biopharma Holdings Ltd,1835268,Nasdaq
SRL,Scully Royalty Ltd.,16859,NYSE
AP,AMPCO PITTSBURGH CORP,6176,NYSE
KISB,KISH BANCORP INC,803742,OTC
ACRG,"American Clean Resources Group, Inc.",773717,OTC
SBFG,"SB FINANCIAL GROUP, INC.",767405,Nasdaq
DLNG,Dynagas LNG Partners LP,1578453,NYSE
SRBK,"SR Bancorp, Inc.",1951276,Nasdaq
BEEP,Mobile Infrastructure Corp,1847874,Nasdaq
CRBP,"Corbus Pharmaceuticals Holdings, Inc.",1595097,Nasdaq
MRCC,MONROE CAPITAL Corp,1512931,Nasdaq
ROC,Rank One Computing Corp dba ROC,2077709,
KGEI,Kolibri Global Energy Inc.,1477081,Nasdaq
HUHU,HUHUTECH International Group Inc.,1945415,Nasdaq
PRLD,Prelude Therapeutics Inc,1678660,Nasdaq
SPRO,"Spero Therapeutics, Inc.",1701108,Nasdaq
FTCO,Fortitude Gold Corp,1828377,OTC
ORMP,ORAMED PHARMACEUTICALS INC.,1176309,Nasdaq
HEQ,John Hancock Diversified Income Fund,1496749,NYSE
CAAS,"China Automotive Systems, Inc.",2037400,Nasdaq
JHS,JOHN HANCOCK INCOME SECURITIES TRUST,759866,NYSE
FURY,FURY GOLD MINES LTD,1514597,NYSE
BEOB,BEO BANCORP,1480170,OTC
BCV,BANCROFT FUND LTD,9521,NYSE
WRIV,WHITE RIVER BANCSHARES CO,1328409,OTC
DTI,Drilling Tools International Corp,1884516,Nasdaq
GFLT,"GenFlat Holdings, Inc.",1796949,OTC
JMG,JM Group Ltd,2049717,NYSE
HFUS,"Hartford Creative Group, Inc.",1482554,OTC
AAWH,"Ascend Wellness Holdings, Inc.",1756390,OTC
KULR,"KULR Technology Group, Inc.",1662684,NYSE
CEPS,"Cantor Equity Partners VI, Inc.",2089536,Nasdaq
COOK,"Traeger, Inc.",1857853,NYSE
HYDTF,Hydreight Technologies Inc.,1958389,OTC
FPRGF,Falco Resources Ltd.,1555980,OTC
WEA,WESTERN ASSET PREMIER BOND FUND,1163792,NYSE
ROMA,Roma Green Finance Ltd,1945240,Nasdaq
STRO,"SUTRO BIOPHARMA, INC.",1382101,Nasdaq
NXXT,"NEXTNRG, INC.",1817004,Nasdaq
GNT,"GAMCO Natural Resources, Gold & Income Trust",1438893,NYSE
LGCY,Legacy Education Inc.,1836754,NYSE
FATE,FATE THERAPEUTICS INC,1434316,Nasdaq
BNAI,Brand Engagement Network Inc.,1838163,Nasdaq
KUKE,Kuke Music Holding Ltd,1809158,
IAF,"ABRDN AUSTRALIA EQUITY FUND, INC.",779336,NYSE
SLBK,"Skyline Bankshares, Inc.",1657642,OTC
GEOS,GEOSPACE TECHNOLOGIES CORP,1001115,Nasdaq
GRO,Brazil Potash Corp.,1472326,NYSE
WHWK,"Whitehawk Therapeutics, Inc.",1422142,Nasdaq
BTA,BlackRock Long-Term Municipal Advantage Trust,1343793,NYSE
NEXM,NexMetals Mining Corp.,795800,Nasdaq
CODA,"Coda Octopus Group, Inc.",1334325,Nasdaq
MCN,XAI Madison Equity Premium Income Fund,1289868,NYSE
PDEX,PRO DEX INC,788920,Nasdaq
BDTX,"Black Diamond Therapeutics, Inc.",1701541,Nasdaq
GGZ,Gabelli Global Small & Mid Cap Value Trust,1585855,NYSE
TRBRF,Simply Better Brands Corp.,2024668,OTC
EXFY,"Expensify, Inc.",1476840,Nasdaq
REKR,"Rekor Systems, Inc.",1697851,Nasdaq
DBE,Invesco DB Energy Fund,1383062,NYSE
DMO,Western Asset Mortgage Opportunity Fund Inc.,1478102,NYSE
VFL,abrdn National Municipal Income Fund,895574,NYSE
RMMZ,"RiverNorth Managed Duration Municipal Income Fund II, Inc.",1870833,NYSE
AFBI,"Affinity Bancshares, Inc.",1823406,Nasdaq
PFO,Flaherty & Crumrine PREFERRED & INCOME OPPORTUNITY FUND INC,882071,NYSE
MCRB,"Seres Therapeutics, Inc.",1609809,Nasdaq
SAMG,Silvercrest Asset Management Group Inc.,1549966,Nasdaq
EP,EMPIRE PETROLEUM CORP,887396,NYSE
LVRO,Lavoro Ltd,1945711,Nasdaq
VCUFF,Vizsla Copper Corp.,1884122,OTC
RDZN,Roadzen Inc.,1868640,Nasdaq
INTT,INTEST CORP,1036262,NYSE
ADAG,Adagene Inc.,1818838,Nasdaq
MED,MEDIFAST INC,910329,NYSE
SUNS,"Sunrise Realty Trust, Inc.",2012706,Nasdaq
ATLX,Atlas Lithium Corp,1540684,Nasdaq
CVVUF,CANALASKA URANIUM LTD,1023109,OTC
LGO,Largo Inc.,1400438,Nasdaq
UHG,"United Homes Group, Inc.",1830188,Nasdaq
PELI,Pelican Acquisition Corp,2037431,Nasdaq
CEE,"CENTRAL & EASTERN EUROPE FUND, INC.",860489,NYSE
IPEX,Inflection Point Acquisition Corp. V,2028355,Nasdaq
PHD,"Pioneer Floating Rate Fund, Inc.",1305767,
AGGI,"Allied Energy, Inc.",1109262,OTC
MAPS,"WM TECHNOLOGY, INC.",1779474,Nasdaq
RFIL,R F INDUSTRIES LTD,740664,Nasdaq
GLU,GABELLI GLOBAL UTILITY & INCOME TRUST,1282957,NYSE
IHD,Voya Emerging Markets High Dividend Equity Fund,1496292,NYSE
CDXS,"CODEXIS, INC.",1200375,Nasdaq
TGLO,THEGLOBE COM INC,1066684,OTC
QUIK,QUICKLOGIC Corp,882508,Nasdaq
YJGJ,VitaNova Life Sciences Corp,1699709,
KOOYF,Kootenay Silver Inc.,1388891,OTC
IMPP,Imperial Petroleum Inc./Marshall Islands,1876581,Nasdaq
TKNO,"Alpha Teknova, Inc.",1850902,Nasdaq
JHI,JOHN HANCOCK INVESTORS TRUST,759828,NYSE
MGYR,"Magyar Bancorp, Inc.",1337068,Nasdaq
FKYS,FIRST KEYSTONE CORP,737875,OTC
OCCI,"OFS Credit Company, Inc.",1716951,Nasdaq
CGO,CALAMOS GLOBAL TOTAL RETURN FUND,1285650,Nasdaq
CGTL,Creative Global Technology Holdings Ltd,1967822,Nasdaq
FXY,Invesco CurrencyShares Japanese Yen Trust,1353613,NYSE
DRTTF,DIRTT ENVIRONMENTAL SOLUTIONS LTD,1340476,OTC
PAI,Western Asset Investment Grade Income Fund Inc.,75398,NYSE
CXE,MFS HIGH INCOME MUNICIPAL TRUST,845606,NYSE
TYFG,"Tri-County Financial Group, Inc.",1725262,OTC
ALYAF,Alithya Group inc,1734520,OTC
NIM,NUVEEN SELECT MATURITIES MUNICIPAL FUND,890119,NYSE
SVCO,"Silvaco Group, Inc.",1943289,Nasdaq
RCEL,"AVITA Medical, Inc.",1762303,Nasdaq
GRAY,"Grayscale Investments, Inc.",2073548,
KRRO,"Korro Bio, Inc.",1703647,Nasdaq
RPT,Rithm Property Trust Inc.,1614806,NYSE
MBOT,Microbot Medical Inc.,883975,Nasdaq
SVIIF,Spring Valley Acquisition Corp. II,1843477,OTC
EML,EASTERN CO,31107,Nasdaq
ZJK,"ZJK Industrial Co., Ltd.",1941506,Nasdaq
BUDA,"BUDA JUICE, INC.",2079720,NYSE
DMRC,Digimarc CORP,1438231,Nasdaq
ZOMDF,Zomedica Corp.,1684144,OTC
QSEA,Quartzsea Acquisition Corp,2047455,Nasdaq
SILC,SILICOM LTD.,916793,Nasdaq
KEQU,KEWAUNEE SCIENTIFIC CORP /DE/,55529,Nasdaq
FONR,FONAR CORP,355019,Nasdaq
TONX,TON Strategy Co,1566610,Nasdaq
AOUT,"American Outdoor Brands, Inc.",1808997,Nasdaq
AKA,A.K.A. BRANDS HOLDING CORP.,1865107,NYSE
KVHI,KVH INDUSTRIES INC \DE\,1007587,Nasdaq
CHCI,"Comstock Holding Companies, Inc.",1299969,Nasdaq
TNMG,TNL Mediagene,2013186,Nasdaq
EUBG,ENTREPRENEUR UNIVERSE BRIGHT GROUP,1171326,OTC
UNIB,UNIVERSITY BANCORP INC /DE/,811211,OTC
ZVIA,Zevia PBC,1854139,NYSE
CURV,Torrid Holdings Inc.,1792781,NYSE
CHAR,Charlton Aria Acquisition Corp,2024459,Nasdaq
HURC,HURCO COMPANIES INC,315374,Nasdaq
PGAC,PANTAGES CAPITAL ACQUSITION Corp,2030829,Nasdaq
HYNE,"Hoyne Bancorp, Inc.",2073153,Nasdaq
NMI,NUVEEN MUNICIPAL INCOME FUND INC,830271,NYSE
AEC,ANFIELD ENERGY INC.,1519469,Nasdaq
QUMS,Quantumsphere Acquisition Corp,2070900,Nasdaq
KPTI,Karyopharm Therapeutics Inc.,1503802,Nasdaq
NMT,NUVEEN MASSACHUSETTS QUALITY MUNICIPAL INCOME FUND,897419,NYSE
MGNX,MACROGENICS INC,1125345,Nasdaq
AEI,Alset Inc.,1750106,Nasdaq
VTVT,vTv Therapeutics Inc.,1641489,Nasdaq
INO,"INOVIO PHARMACEUTICALS, INC.",1055726,Nasdaq
OVID,Ovid Therapeutics Inc.,1636651,Nasdaq
JEQ,"ABRDN JAPAN EQUITY FUND, INC.",866095,
UNB,UNION BANKSHARES INC,706863,Nasdaq
SUIG,SUI Group Holdings Ltd.,1425355,Nasdaq
PCF,HIGH INCOME SECURITIES FUND,810943,NYSE
TTRX,Turn Therapeutics Inc.,2023016,Nasdaq
MERC,MERCER INTERNATIONAL INC.,1333274,Nasdaq
LSBK,"Lake Shore Bancorp, Inc. /MD/",2059653,Nasdaq
FMBM,F&M BANK CORP,740806,OTC
TUSK,"MAMMOTH ENERGY SERVICES, INC.",1679268,Nasdaq
RVSB,RIVERVIEW BANCORP INC,1041368,Nasdaq
ZEO,Zeo Energy Corp.,1865506,Nasdaq
CRDL,Cardiol Therapeutics Inc.,1702123,Nasdaq
TGEN,TECOGEN INC.,1537435,NYSE
NIPG,NIP Group Inc.,1966233,Nasdaq
SBI,WESTERN ASSET INTERMEDIATE MUNI FUND INC.,882300,NYSE
AXR,AMREP CORP.,6207,NYSE
HAIN,HAIN CELESTIAL GROUP INC,910406,Nasdaq
KVAC,Keen Vision Acquisition Corp.,1889983,Nasdaq
CGEH,"Capstone Green Energy Holdings, Inc.",1009759,OTC
AGIG,"ABUNDIA GLOBAL IMPACT GROUP, INC.",1156041,NYSE
BSBK,Bogota Financial Corp.,1787414,Nasdaq
VRCA,Verrica Pharmaceuticals Inc.,1660334,Nasdaq
ACOG,Alpha Cognition Inc.,1655923,Nasdaq
DFDV,DeFi Development Corp.,1805526,Nasdaq
MMLP,MARTIN MIDSTREAM PARTNERS L.P.,1176334,Nasdaq
CURR,Currenc Group Inc.,1862935,Nasdaq
BHST,BIOHARVEST SCIENCES INC.,1723464,Nasdaq
RXT,"Rackspace Technology, Inc.",1810019,Nasdaq
MX,MAGNACHIP SEMICONDUCTOR Corp,1325702,NYSE
TSQ,"Townsquare Media, Inc.",1499832,NYSE
SIEB,SIEBERT FINANCIAL CORP,65596,Nasdaq
ANNA,"AleAnna, Inc.",1845123,Nasdaq
PROP,Prairie Operating Co.,1162896,Nasdaq
HPAI,Helport AI Ltd,2001699,Nasdaq
HYSR,"SUNHYDROGEN, INC.",1481028,OTC
FLNT,"Fluent, Inc.",1460329,Nasdaq
CRDF,"Cardiff Oncology, Inc.",1213037,Nasdaq
WWR,"WESTWATER RESOURCES, INC.",839470,NYSE
BTMD,biote Corp.,1819253,Nasdaq
AGEN,AGENUS INC,1098972,Nasdaq
CSPI,CSP INC /MA/,356037,Nasdaq
WSBK,"Winchester Bancorp, Inc./MD/",2047235,Nasdaq
STEM,"STEM, INC.",1758766,NYSE
AMTX,"AEMETIS, INC",738214,Nasdaq
HYPR,"Hyperfine, Inc.",1833769,Nasdaq
GNLX,GENELUX Corp,1231457,Nasdaq
STIM,"Neuronetics, Inc.",1227636,Nasdaq
PGP,PIMCO Global StocksPLUS & Income Fund,1318025,NYSE
ERH,ALLSPRING UTILITIES & HIGH INCOME FUND,1279014,NYSE
LNZA,"LanzaTech Global, Inc.",1843724,Nasdaq
SCTSF,Scottie Resources Corp.,1790538,OTC
ULBI,ULTRALIFE CORP,875657,Nasdaq
SFBC,"Sound Financial Bancorp, Inc.",1541119,Nasdaq
BCHG,Grayscale Bitcoin Cash Trust (BCH),1732409,OTC
STHO,Star Holdings,1953366,Nasdaq
PROV,PROVIDENT FINANCIAL HOLDINGS INC,1010470,Nasdaq
LOMLF,Lion One Metals Ltd.,1509397,OTC
XTGRF,XTRA-GOLD RESOURCES CORP,1288770,OTC
FTZFF,Fitzroy Minerals Inc.,1819258,OTC
CRGO,Freightos Ltd,1927719,Nasdaq
AUGG,AUGUSTA GOLD CORP.,1448597,
BSEM,BIOSTEM TECHNOLOGIES,1658678,OTC
ACTU,"ACTUATE THERAPEUTICS, INC.",1652935,Nasdaq
FGMC,FG Merger II Corp.,1906364,Nasdaq
GOAI,Eva Live Inc,1983736,Nasdaq
CCLD,"CareCloud, Inc.",1582982,Nasdaq
SWZ,Total Return Securities Fund,813623,NYSE
BCRD,"BlueOne Card, Inc.",1496690,OTC
SLNG,"Stabilis Solutions, Inc.",1043186,Nasdaq
CHPG,ChampionsGate Acquisition Corp,2024460,Nasdaq
FREVS,"FIRST REAL ESTATE INVESTMENT TRUST OF NEW JERSEY, INC.",36840,OTC
CWGL,"Crimson Wine Group, Ltd",1562151,OTC
GARLF,Axcap Ventures Inc.,1725569,OTC
JLS,Nuveen Mortgage & Income Fund/MA/,1472215,NYSE
VIRC,VIRCO MFG CORPORATION,751365,Nasdaq
VANI,"Vivani Medical, Inc.",1266806,Nasdaq
JUSHF,Jushi Holdings Inc.,1909747,OTC
XTRAF,Xtract One Technologies Inc.,1684505,OTC
ICG,Intchains Group Ltd,1895597,Nasdaq
ABVE,Above Food Ingredients Inc.,1979484,Nasdaq
SNCR,SYNCHRONOSS TECHNOLOGIES INC,1131554,Nasdaq
DWTX,"Dogwood Therapeutics, Inc.",1818844,Nasdaq
CSTAF,Constellation Acquisition Corp I,1834032,OTC
FBIO,"Fortress Biotech, Inc.",1429260,Nasdaq
COYA,"Coya Therapeutics, Inc.",1835022,Nasdaq
LVPA,LVPAI GROUP Ltd,831378,OTC
SEAT,Vivid Seats Inc.,1856031,Nasdaq
SEER,"Seer, Inc.",1726445,Nasdaq
SLNH,"Soluna Holdings, Inc",64463,Nasdaq
GPMT,Granite Point Mortgage Trust Inc.,1703644,NYSE
OPXS,Optex Systems Holdings Inc,1397016,Nasdaq
BLNK,Blink Charging Co.,1429764,Nasdaq
TORO,TORO CORP.,1941131,Nasdaq
VIPRF,SILVER VIPER MINERALS CORP.,1684662,OTC
IDN,"Intellicheck, Inc.",1040896,Nasdaq
LBCMF,Libero Copper & Gold Corp,1580110,OTC
CTOR,"CITIUS ONCOLOGY, INC.",1851484,Nasdaq
IXHL,Incannex Healthcare Inc.,1873875,Nasdaq
WRAP,"WRAP TECHNOLOGIES, INC.",1702924,Nasdaq
NOEM,CO2 Energy Transition Corp.,1956648,Nasdaq
DHX,"DHI GROUP, INC.",1393883,NYSE
ANIX,Anixa Biosciences Inc,715446,Nasdaq
IGI,Western Asset Investment Grade Opportunity Trust Inc.,1462586,NYSE
LQMT,LIQUIDMETAL TECHNOLOGIES INC,1141240,OTC
SLND,"Southland Holdings, Inc.",1883814,NYSE
SPKL,Spark I Acquisition Corp,1884046,Nasdaq
MGF,MFS GOVERNMENT MARKETS INCOME TRUST,811922,NYSE
NCSM,"NCS Multistage Holdings, Inc.",1692427,Nasdaq
ARTV,"Artiva Biotherapeutics, Inc.",1817241,Nasdaq
PFBX,PEOPLES FINANCIAL CORP /MS/,770460,OTC
SAVA,CASSAVA SCIENCES INC,1069530,Nasdaq
ODYS,Odysight.ai Inc.,1577445,Nasdaq
GCL,GCL Global Holdings Ltd,2002045,Nasdaq
AEYE,AUDIOEYE INC,1362190,Nasdaq
WPGCF,West Point Gold Corp.,1404353,OTC
SERA,"SERA PROGNOSTICS, INC.",1534969,Nasdaq
OPTN,Option Therapeutics Inc.,2070577,
SLSN,"SOLESENCE, INC.",883107,Nasdaq
FSHP,Flag Ship Acquisition Corp,1850059,Nasdaq
DTSQ,DT Cloud Star Acquisition Corp,2017950,Nasdaq
CHMI,Cherry Hill Mortgage Investment Corp,1571776,NYSE
QMCO,QUANTUM CORP /DE/,709283,Nasdaq
RMI,"RiverNorth Opportunistic Municipal Income Fund, Inc.",1746967,NYSE
HSPT,Horizon Space Acquisition II Corp.,2032950,Nasdaq
GRUSF,Grown Rogue International Inc.,1463000,OTC
AUXXF,A2 Gold Corp.,1725603,OTC
NBY,"NovaBay Pharmaceuticals, Inc.",1389545,NYSE
BOTJ,BANK OF THE JAMES FINANCIAL GROUP INC,1275101,Nasdaq
SLMT,Brera Holdings PLC,1939965,Nasdaq
GDL,GDL FUND,1378701,NYSE
EVF,Eaton Vance Senior Income Trust,1070732,NYSE
ONCY,ONCOLYTICS BIOTECH INC,1129928,Nasdaq
MCRP,Micropolis Holding Co,1993431,NYSE
CGTX,COGNITION THERAPEUTICS INC,1455365,Nasdaq
LAKE,LAKELAND INDUSTRIES INC,798081,Nasdaq
BRCC,BRC Inc.,1891101,NYSE
JLHL,Julong Holding Ltd,2007846,Nasdaq
XBP,"XBP Global Holdings, Inc.",1839530,Nasdaq
PYXS,"Pyxis Oncology, Inc.",1782223,Nasdaq
DMNIF,Damon Inc.,2000640,OTC
BLNE,"Beeline Holdings, Inc.",1534708,Nasdaq
VMCAF,Valuence Merger Corp. I,1892747,OTC
AISP,"Airship AI Holdings, Inc.",1842566,Nasdaq
BMHL,Bluemount Holdings Ltd,2027815,Nasdaq
CCNB,"Coastal Carolina Bancshares, Inc.",1437213,OTC
RGT,"ROYCE GLOBAL TRUST, INC.",1514490,NYSE
IROQ,"IF Bancorp, Inc.",1514743,Nasdaq
IH,iHuman Inc.,1814423,NYSE
VIOT,"Viomi Technology Co., Ltd",1742770,Nasdaq
KG,Kestrel Group Ltd,2055116,Nasdaq
FNWB,First Northwest Bancorp,1556727,Nasdaq
EQ,"Equillium, Inc.",1746466,Nasdaq
SPAI,Safe Pro Group Inc.,2011208,Nasdaq
NWPP,NEW PEOPLES BANKSHARES INC,1163389,OTC
PLCE,"Childrens Place, Inc.",1041859,Nasdaq
KNDI,"Kandi Technologies Group, Inc.",1720250,Nasdaq
CPSH,CPS TECHNOLOGIES CORP/DE/,814676,Nasdaq
GECC,Great Elm Capital Corp.,1675033,Nasdaq
PDCC,Pearl Diver Credit Co Inc.,1998043,NYSE
NOBH,NOBILITY HOMES INC,72205,OTC
CSBR,"CHAMPIONS ONCOLOGY, INC.",771856,Nasdaq
DTIL,PRECISION BIOSCIENCES INC,1357874,Nasdaq
MTC,"MMTec, Inc.",1742518,Nasdaq
LCCC,Lakeshore Acquisition III Corp.,2049248,Nasdaq
YOUL,Youlife Group Inc.,2028177,Nasdaq
RVRC,Revium Rx.,1839140,OTC
CUAUF,C3 Metals Inc.,1737319,OTC
OMEX,ODYSSEY MARINE EXPLORATION INC,798528,Nasdaq
CMU,MFS HIGH YIELD MUNICIPAL TRUST,809844,NYSE
OPTT,"Ocean Power Technologies, Inc.",1378140,NYSE
HSDT,Solana Co,1610853,Nasdaq
AURE,Aurelion Inc.,1765850,Nasdaq
SOHO,Sotherly Hotels Inc.,1301236,Nasdaq
GCV,GABELLI CONVERTIBLE & INCOME SECURITIES FUND INC,845611,NYSE
HFFG,HF Foods Group Inc.,1680873,Nasdaq
VRM,"Vroom, Inc.",1580864,Nasdaq
YTRA,"Yatra Online, Inc.",1516899,Nasdaq
DLTH,DULUTH HOLDINGS INC.,1649744,Nasdaq
FUSB,"FIRST US BANCSHARES, INC.",717806,Nasdaq
RFM,"RiverNorth Flexible Municipal Income Fund, Inc.",1790177,NYSE
ATYR,aTYR PHARMA INC,1339970,Nasdaq
FEAM,"5E Advanced Materials, Inc.",1888654,Nasdaq
VGI,Virtus Global Multi-Sector Income Fund,1528811,NYSE
SSTI,"SOUNDTHINKING, INC.",1351636,Nasdaq
PEW,GrabAGun Digital Holdings Inc.,2051380,NYSE
SPRU,SPRUCE POWER HOLDING CORP,1772720,NYSE
GNSS,Genasys Inc.,924383,Nasdaq
MLCI,Mount Logan Capital Inc.,2051820,Nasdaq
BDCTF,BuildDirect.com Technologies Inc.,1576159,OTC
SNT,Senstar Technologies Corp,1993727,Nasdaq
CCIF,Carlyle Credit Income Fund,1517767,NYSE
AUBN,"AUBURN NATIONAL BANCORPORATION, INC",750574,Nasdaq
NCTY,The9 LTD,1296774,Nasdaq
EXOZ,EXOZYMES INC.,2010788,Nasdaq
MMTX,Miluna Acquisition Corp,2077033,Nasdaq
FMN,Federated Hermes Premier Municipal Income Fund,1199004,NYSE
ORIQ,Origin Investment Corp I,2044523,Nasdaq
CFSU,Complete Financial Solutions Inc.,1621888,OTC
TYHT,THAI YEE HONG TECHNOLOGY HOLDINGS PTE LTD,2081842,
QVCGA,"QVC Group, Inc.",1355096,Nasdaq
BYNO,byNordic Acquisition Corp,1801417,OTC
ITMSF,INTERMAP TECHNOLOGIES CORP,1285170,OTC
GDO,WESTERN ASSET GLOBAL CORPORATE OPPORTUNITY FUND INC.,1472341,NYSE
KORE,"KORE Group Holdings, Inc.",1855457,NYSE
FLD,"Fold Holdings, Inc.",1889123,Nasdaq
CHGG,"CHEGG, INC",1364954,NYSE
KBLB,"Kraig Biocraft Laboratories, Inc.",1413119,OTC
NTIC,NORTHERN TECHNOLOGIES INTERNATIONAL CORP,875582,Nasdaq
MXCT,"MAXCYTE, INC.",1287098,Nasdaq
RSKIA,"GEORGE RISK INDUSTRIES, INC.",84112,OTC
PFX,PhenixFIN Corp,1490349,Nasdaq
CDAQF,Compass Digital Acquisition Corp.,1851909,OTC
BMEA,"Biomea Fusion, Inc.",1840439,Nasdaq
RSSS,"Research Solutions, Inc.",1386301,Nasdaq
NRT,NORTH EUROPEAN OIL ROYALTY TRUST,72633,NYSE
DLHC,DLH Holdings Corp.,785557,Nasdaq
IAE,Voya Asia Pacific High Dividend Equity Income Fund,1385632,NYSE
PLMJF,Plum Acquisition Corp. III,1845550,OTC
NORD,Nordicus Partners Corp,1011060,OTC
LCGMF,LION COPPER & GOLD CORP.,1339688,OTC
ELBM,Electra Battery Materials Corp,1907184,Nasdaq
ALIS,Calisa Acquisition Corp,2026767,Nasdaq
CAPN,Cayson Acquisition Corp,2024203,Nasdaq
VNJA,VANJIA CORP,1532383,OTC
TMRC,Texas Mineral Resources Corp.,1445942,OTC
CTM,"Castellum, Inc.",1877939,NYSE
FDSB,"Fifth District Bancorp, Inc.",2012726,Nasdaq
COLA,Columbus Acquisition Corp/Cayman Islands,2028201,Nasdaq
MHH,"Mastech Digital, Inc.",1437226,NYSE
CWBHF,"Charlotte's Web Holdings, Inc.",1750155,OTC
BDSX,BIODESIX INC,1439725,Nasdaq
SRTS,"Sensus Healthcare, Inc.",1494891,Nasdaq
XTNT,"Xtant Medical Holdings, Inc.",1453593,NYSE
YHNA,YHN Acquisition I Ltd,2020987,Nasdaq
FSP,FRANKLIN STREET PROPERTIES CORP /MA/,1031316,NYSE
POAS,Phaos Technology (Cayman) Holdings Ltd,2024258,NYSE
ASRT,"Assertio Holdings, Inc.",1808665,Nasdaq
CBKM,CONSUMERS BANCORP INC /OH/,1006830,OTC
ARSMF,ARES STRATEGIC MINING INC.,1804792,OTC
NNBR,NN INC,918541,Nasdaq
HANNF,Hannan Metals Ltd.,1123267,OTC
ATOM,Atomera Inc,1420520,Nasdaq
HOVR,New Horizon Aircraft Ltd.,1930021,Nasdaq
MRNO,Murano Global Investments Plc,1988776,Nasdaq
OM,"Outset Medical, Inc.",1484612,Nasdaq
CTW,CTW Cayman,2047148,Nasdaq
BTCS,BTCS Inc.,1436229,Nasdaq
APAC,StoneBridge Acquisition II Corp,2043630,Nasdaq
FLL,FULL HOUSE RESORTS INC,891482,Nasdaq
GAIA,"GAIA, INC",1089872,Nasdaq
UBCP,UNITED BANCORP INC /OH/,731653,Nasdaq
CSTE,Caesarstone Ltd.,1504379,Nasdaq
AURX,"Nuo Therapeutics, Inc.",1091596,OTC
DTF,DTF TAX-FREE INCOME 2028 TERM FUND INC,879535,NYSE
GMGI,"Golden Matrix Group, Inc.",1437925,Nasdaq
INVE,"Identiv, Inc.",1036044,Nasdaq
CHSN,Chanson International Holding,1825349,Nasdaq
AMTD,AMTD IDEA GROUP,1769731,NYSE
PBHC,"Pathfinder Bancorp, Inc.",1609065,Nasdaq
WSTN,Westin Acquisition Corp,2076192,Nasdaq
CNDA,Concord Acquisition Corp II,1851959,OTC
FVN,Future Vision II Acquisition Corp.,2010653,Nasdaq
SCTH,"Securetech Innovations, Inc.",1703157,OTC
XGN,EXAGEN INC.,1274737,Nasdaq
TENX,"TENAX THERAPEUTICS, INC.",34956,Nasdaq
MAYS,MAYS J W INC,54187,Nasdaq
WAMFF,Alaska Silver Corp.,1893899,OTC
PNI,PIMCO NEW YORK MUNICIPAL INCOME FUND II,1170311,NYSE
TUNGF,American Tungsten Corp.,2049560,OTC
WKEY,Wisekey International Holding S.A.,1738699,Nasdaq
DMA,Destra Multi-Alternative Fund,1523289,NYSE
UYSC,UY Scuti Acquisition Corp.,2036973,Nasdaq
AZASF,Arizona Gold & Silver Inc.,1701599,OTC
IBIO,"iBio, Inc.",1420720,Nasdaq
GLV,Clough Global Dividend & Income Fund,1288795,NYSE
MNOV,MEDICINOVA INC,1226616,Nasdaq
ONEG,OneConstruction Group Ltd,2030834,Nasdaq
CPHC,Canterbury Park Holding Corp,1672909,Nasdaq
GPUS,"Hyperscale Data, Inc.",896493,NYSE
SYHBF,SKYHARBOUR RESOURCES LTD,1541190,OTC
HNNA,HENNESSY ADVISORS INC,1145255,Nasdaq
BODI,"Beachbody Company, Inc.",1826889,Nasdaq
IVCAF,Investcorp AI Acquisition Corp.,1852889,
VHC,VirnetX Holding Corp,1082324,Nasdaq
THMG,THUNDER MOUNTAIN GOLD INC,711034,OTC
OKYO,OKYO Pharma Ltd,1849296,Nasdaq
BYFC,BROADWAY FINANCIAL CORP DE,1001171,Nasdaq
SPRB,"SPRUCE BIOSCIENCES, INC.",1683553,Nasdaq
IMA,"ImageneBio, Inc.",1835579,Nasdaq
SSEA,STARRY SEA ACQUISITION CORP,2059165,Nasdaq
MOB,Mobilicom Ltd,1898643,Nasdaq
SFWL,SHENGFENG DEVELOPMENT Ltd,1863218,Nasdaq
UWHR,UWHARRIE CAPITAL CORP,898171,OTC
DCGO,DocGo Inc.,1822359,Nasdaq
LSE,"Leishen Energy Holding Co., Ltd.",1985139,Nasdaq
PODC,"PodcastOne, Inc.",1940177,Nasdaq
PRPL,"Purple Innovation, Inc.",1643953,Nasdaq
LCUT,"LIFETIME BRANDS, INC",874396,Nasdaq
HLP,Hongli Group Inc.,1855557,Nasdaq
WNW,Meiwu Technology Co Ltd,1787803,Nasdaq
BSAA,BEST SPAC I Acquisition Corp.,2051587,Nasdaq
ZNB,Zeta Network Group,1747661,Nasdaq
FBSI,FIRST BANCSHARES INC /MO/,912967,OTC
AEAE,AltEnergy Acquisition Corp,1852016,OTC
PYPD,PolyPid Ltd.,1611842,Nasdaq
VHUB,"VenHub Global, Inc.",1972234,Nasdaq
AMPG,"AmpliTech Group, Inc.",1518461,Nasdaq
WTG,Wintergreen Acquisition Corp.,2053927,Nasdaq
IMUX,"IMMUNIC, INC.",1280776,Nasdaq
PTHS,Pelthos Therapeutics Inc.,1919246,NYSE
UFI,UNIFI INC,100726,NYSE
CPBI,"Central Plains Bancshares, Inc.",1979332,Nasdaq
PCM,"PCM FUND, INC.",908187,NYSE
MIND,"MIND TECHNOLOGY, INC",926423,Nasdaq
AMWL,American Well Corp,1393584,NYSE
NRRSF,Norsemont Mining Inc.,1778940,OTC
NSPR,"InspireMD, Inc.",1433607,Nasdaq
BPAC,Blueport Acquisition Ltd,2064177,Nasdaq
MAIA,"MAIA Biotechnology, Inc.",1878313,NYSE
DIT,AMCON DISTRIBUTING CO,928465,NYSE
SPAUF,SPANISH MOUNTAIN GOLD LTD.,1337090,OTC
NMS,Nuveen Minnesota Quality Municipal Income Fund,1607997,NYSE
HYFT,MindWalk Holdings Corp.,1715925,Nasdaq
TOUR,Tuniu Corp,1597095,Nasdaq
SYPR,SYPRIS SOLUTIONS INC,864240,Nasdaq
IOR,INCOME OPPORTUNITY REALTY INVESTORS INC /TX/,949961,NYSE
TLGYF,TLGY ACQUISITION CORP,1879814,OTC
HTCO,High-Trend International Group,1928948,Nasdaq
BRID,BRIDGFORD FOODS CORP,14177,Nasdaq
GRWG,GrowGeneration Corp.,1604868,Nasdaq
CEV,Eaton Vance California Municipal Income Trust,1074692,NYSE
SGA,SAGA COMMUNICATIONS INC,886136,Nasdaq
EEA,"EUROPEAN EQUITY FUND, INC / MD",791718,NYSE
BLNC,"Balance Labs, Inc.",1632121,OTC
NA,Nano Labs Ltd,1872302,Nasdaq
VATE,INNOVATE Corp.,1006837,NYSE
MCHX,MARCHEX INC,1224133,Nasdaq
MGRT,Mega Fortune Co Ltd,2033377,Nasdaq
FGNX,FG Nexus Inc.,1591890,Nasdaq
XBIT,XBiotech Inc.,1626878,Nasdaq
UPXI,"UPEXI, INC.",1775194,Nasdaq
ARAY,ACCURAY INC,1138723,Nasdaq
ALOT,"AstroNova, Inc.",8146,Nasdaq
ZBAI,ATIF Holdings Ltd,1755058,Nasdaq
DXR,DAXOR CORP,27367,Nasdaq
VLT,Invesco High Income Trust II,846671,NYSE
CBAT,"CBAK Energy Technology, Inc.",1117171,Nasdaq
MYPS,"PLAYSTUDIOS, Inc.",1823878,Nasdaq
GCTS,"GCT Semiconductor Holding, Inc.",1851961,NYSE
LFT,"Lument Finance Trust, Inc.",1547546,NYSE
NUVR,"Nuvera Communications, Inc.",71557,OTC
FNGR,"FingerMotion, Inc.",1602409,Nasdaq
MB,MASTERBEEF GROUP,2027265,Nasdaq
BGL,Blue Gold Ltd,2019435,Nasdaq
FSI,FLEXIBLE SOLUTIONS INTERNATIONAL INC,1069394,NYSE
LIDR,"AEye, Inc.",1818644,Nasdaq
VRA,"Vera Bradley, Inc.",1495320,Nasdaq
NZAUF,Rua Gold Inc.,1925511,OTC
HAIAF,Healthcare AI Acquisition Corp.,1848861,
PARK,"Park Dental Partners, Inc.",2069604,Nasdaq
DWNX,DELHI BANK CORP,927719,OTC
BURU,"Nuburu, Inc.",1814215,NYSE
ZTEK,Zentek Ltd.,1904501,Nasdaq
SRCRF,Scorpio Gold Corp,1467093,OTC
PYYX,"PYXUS INTERNATIONAL, INC.",939930,OTC
PLRX,"PLIANT THERAPEUTICS, INC.",1746473,Nasdaq
CRCUF,Canagold Resources Ltd.,868822,OTC
DWSN,DAWSON GEOPHYSICAL CO,799165,Nasdaq
PGZ,Principal Real Estate Income Fund,1557523,NYSE
CBLO,"C2 Blockchain, Inc.",1882781,OTC
JUVF,JUNIATA VALLEY FINANCIAL CORP,714712,OTC
SKIL,Skillsoft Corp.,1774675,NYSE
EHTH,"eHealth, Inc.",1333493,Nasdaq
IMAQ,International Media Acquisition Corp.,1846235,OTC
DTCX,"Datacentrex, Inc.",1853825,Nasdaq
XPL,SOLITARIO RESOURCES CORP.,917225,NYSE
RIBB,Ribbon Acquisition Corp.,2035016,Nasdaq
CHUC,"Charlie's Holdings, Inc.",1134765,OTC
LTCN,Grayscale Litecoin Trust (LTC),1732406,OTC
MREO,Mereo BioPharma Group plc,1719714,Nasdaq
MHUBF,MineHub Technologies Inc.,1869137,OTC
GANX,"Gain Therapeutics, Inc.",1819411,Nasdaq
DRIO,DarioHealth Corp.,1533998,Nasdaq
SKYI,"Sky Century Investment, Inc.",1555017,OTC
CCG,Cheche Group Inc.,1965473,Nasdaq
STLE,STEELE BANCORP INC,779227,OTC
LGCXF,Lahontan Gold Corp.,1921582,OTC
ATHR,"Aether Holdings, Inc.",2026353,Nasdaq
RRGB,RED ROBIN GOURMET BURGERS INC,1171759,Nasdaq
GEG,"Great Elm Group, Inc.",1831096,Nasdaq
ANVS,"Annovis Bio, Inc.",1477845,NYSE
CXH,MFS INVESTMENT GRADE MUNICIPAL TRUST,847411,NYSE
ACET,"Adicet Bio, Inc.",1720580,Nasdaq
LPA,Logistic Properties of the Americas,1997711,NYSE
SUUN,POWERBANK Corp,2011053,Nasdaq
MAXN,"Maxeon Solar Technologies, Ltd.",1796898,Nasdaq
ETHZ,ETHZilla Corp,1690080,Nasdaq
KZIA,KAZIA THERAPEUTICS LTD,1075880,Nasdaq
AIIO,ROBO.AI INC.,1932737,Nasdaq
SLGB,Smart Logistics Global Ltd,1987189,Nasdaq
STG,Sunlands Technology Group,1723935,NYSE
ASPS,ALTISOURCE PORTFOLIO SOLUTIONS S.A.,1462418,Nasdaq
TISI,TEAM INC,318833,NYSE
HAO,Haoxi Health Technology Ltd,1954594,Nasdaq
ISTKF,Intellistake Technologies Corp.,1678748,OTC
GRAN,Grande Group Ltd/HK,2027722,Nasdaq
INTG,INTERGROUP CORP,69422,Nasdaq
BGSF,"BGSF, INC.",1474903,NYSE
CLST,"Catalyst Bancorp, Inc.",1849867,Nasdaq
FORA,Forian Inc.,1829280,Nasdaq
BCHT,Birchtech Corp.,728385,OTC
ASRV,AMERISERV FINANCIAL INC /PA/,707605,Nasdaq
LFVN,Lifevantage Corp,849146,Nasdaq
PMVC,PMV Consumer Acquisition Corp.,1807765,OTC
WBSR,Webstar Technology Group Inc.,1645155,OTC
SOTK,SONO TEK CORP,806172,Nasdaq
YI,"111, Inc.",1738906,Nasdaq
AIRT,AIR T INC,353184,Nasdaq
GENK,"GEN Restaurant Group, Inc.",1891856,Nasdaq
RSF,"RiverNorth Capital & Income Fund, Inc.",1644771,NYSE
GUTS,"FRACTYL HEALTH, INC.",1572616,Nasdaq
GROV,"Grove Collaborative Holdings, Inc.",1841761,NYSE
COEP,"Coeptis Therapeutics Holdings, Inc.",1759186,Nasdaq
STKS,"ONE Group Hospitality, Inc.",1399520,Nasdaq
CIGL,Concorde International Group Ltd.,2001794,Nasdaq
RVI,Robinhood Ventures Fund I,2085091,
HOUR,"Hour Loop, Inc",1874875,Nasdaq
ZOOZ,ZOOZ Strategy Ltd.,1992818,Nasdaq
RFL,"Rafael Holdings, Inc.",1713863,NYSE
RMCO,Royalty Management Holding Corp,1843656,Nasdaq
AVX,AVAX ONE TECHNOLOGY LTD.,1826397,Nasdaq
BENF,Beneficient,1775734,Nasdaq
KRFG,"King Resources, Inc.",774415,OTC
BTM,Bitcoin Depot Inc.,1901799,Nasdaq
DRYGF,Dryden Gold Corp.,2006413,OTC
ATHE,ALTERITY THERAPEUTICS LTD,1131343,Nasdaq
TEAD,Teads Holding Co.,1454938,Nasdaq
BYSI,BeyondSpring Inc.,1677940,Nasdaq
UCL,uCloudlink Group Inc.,1775898,Nasdaq
TGE,Generation Essentials Group,2053456,NYSE
LOOP,"Loop Industries, Inc.",1504678,Nasdaq
LUNG,Pulmonx Corp,1127537,Nasdaq
NOMA,Nomadar Corp.,1994214,Nasdaq
TZOO,TRAVELZOO,1133311,Nasdaq
FSEA,"First Seacoast Bancorp, Inc.",1943802,Nasdaq
PETS,PETMED EXPRESS INC,1040130,Nasdaq
LFS,"LEIFRAS Co., Ltd.",2030277,Nasdaq
LRDC,"Laredo Oil, Inc.",1442492,OTC
AGH,Aureus Greenway Holdings Inc,2009312,Nasdaq
MXE,MEXICO EQUITY & INCOME FUND INC,863900,NYSE
ESLA,"Estrella Immunopharma, Inc.",1844417,Nasdaq
NEUE,"NeueHealth, Inc.",1671284,
IFRX,InflaRx N.V.,1708688,Nasdaq
IBAC,IB Acquisition Corp.,1998781,Nasdaq
CATO,CATO CORP,18255,NYSE
IZEA,"IZEA Worldwide, Inc.",1495231,Nasdaq
BDL,FLANIGANS ENTERPRISES INC,12040,NYSE
NSTS,"NSTS Bancorp, Inc.",1881592,Nasdaq
OTH,OFF THE HOOK YS INC.,2067767,NYSE
EDVR,Endeavor Bancorp,1917599,OTC
MI,NFT Ltd,1958713,NYSE
MATH,Metalpha Technology Holding Ltd,1682241,Nasdaq
CSDX,CS DIAGNOSTICS CORP.,1106861,OTC
CVGI,"Commercial Vehicle Group, Inc.",1290900,Nasdaq
OFS,OFS Capital Corp,1487918,Nasdaq
HIT,"Health In Tech, Inc.",2019505,Nasdaq
DOMH,Dominari Holdings Inc.,12239,Nasdaq
SCLX,Scilex Holding Co,1820190,Nasdaq
VGAS,"Verde Clean Fuels, Inc.",1841425,Nasdaq
SKLZ,Skillz Inc.,1801661,NYSE
AWCA,"Awaysis Capital, Inc.",1021917,OTC
QTI,"QT IMAGING HOLDINGS, INC.",1844505,Nasdaq
RTGN,RetinalGenix Technologies Inc.,1836295,OTC
ZDAI,"DirectBooking Technology Co., Ltd.",1966678,Nasdaq
FMFG,"Farmers & Merchants Bancshares, Inc.",1698022,OTC
LVO,"LiveOne, Inc.",1491419,Nasdaq
PVL,Permianville Royalty Trust,1520048,NYSE
MDNC,Medinotec Inc.,1931055,OTC
CPIX,CUMBERLAND PHARMACEUTICALS INC,1087294,Nasdaq
CPPMF,Coppernico Metals Inc.,1968617,OTC
TCRX,"TScan Therapeutics, Inc.",1783328,Nasdaq
OPHC,"OptimumBank Holdings, Inc.",1288855,NYSE
NALG,North America Lithium & Gold Corp,1059689,OTC
VRDR,"VERDE RESOURCES, INC.",1506929,OTC
AIRG,AIRGAIN INC,1272842,Nasdaq
SQNS,SEQUANS COMMUNICATIONS,1383395,NYSE
JMM,Nuveen Multi-Market Income Fund,838131,NYSE
WFCF,"Where Food Comes From, Inc.",1360565,Nasdaq
MGX,"Metagenomi, Inc.",1785279,Nasdaq
SOGP,Sound Group Inc.,1783407,Nasdaq
CHEV,Charging Robotics Inc.,1459188,OTC
SELF,"Global Self Storage, Inc.",1031235,Nasdaq
DSWL,DESWELL INDUSTRIES INC,946936,Nasdaq
CING,Cingulate Inc.,1862150,Nasdaq
PED,PEDEVCO CORP,1141197,NYSE
THCH,TH International Ltd,1877333,Nasdaq
FUSE,Fusemachines Inc.,2033383,Nasdaq
ROLR,"High Roller Technologies, Inc.",1947210,NYSE
DDC,DDC Enterprise Ltd,1808110,NYSE
GOCO,"GoHealth, Inc.",1808220,Nasdaq
HFBL,"Home Federal Bancorp, Inc. of Louisiana",1500375,Nasdaq
LIVE,LIVE VENTURES Inc,1045742,Nasdaq
HKIT,HiTek Global Inc.,1742341,Nasdaq
ELTK,ELTEK LTD,1024672,Nasdaq
NRXP,"NRX Pharmaceuticals, Inc.",1719406,Nasdaq
SIREF,Sirios Resources Inc.,1577783,OTC
CNTM,"ConnectM Technology Solutions, Inc.",1895249,OTC
ALSAF,Alpha Star Acquisition Corp,1865111,OTC
ICCC,IMMUCELL CORP /DE/,811641,Nasdaq
OESX,"ORION ENERGY SYSTEMS, INC.",1409375,Nasdaq
GMM,Global Mofy AI Ltd,1913749,Nasdaq
KBSX,FST Corp.,2014254,Nasdaq
XTIA,"XTI Aerospace, Inc.",1529113,Nasdaq
POSC,POSITRON CORP,844985,OTC
USPCY,China Strategic Technology Group Limited/ADR,1939479,OTC
WYY,WIDEPOINT CORP,1034760,NYSE
PMVP,"PMV Pharmaceuticals, Inc.",1699382,Nasdaq
TVGN,Tevogen Bio Holdings Inc.,1860871,Nasdaq
BLGO,"BIOLARGO, INC.",880242,OTC
BIOF,"BLUE BIOFUELS, INC.",1549145,OTC
AVAI,AVANT TECHNOLOGIES INC.,1740797,OTC
UBXG,U-BX Technology Ltd.,1888525,Nasdaq
RGS,REGIS CORP,716643,Nasdaq
PLNH,Planet 13 Holdings Inc.,1813452,OTC
RDAC,Rising Dragon Acquisition Corp.,2018145,Nasdaq
AAPI,"Apple iSports Group, Inc.",1134982,OTC
BBBXF,Brixton Metals Corp,1548958,OTC
UONE,"URBAN ONE, INC.",1041657,Nasdaq
LEAT,Leatt Corp,1456189,OTC
SNTL,Sentinel Holdings Ltd.,889353,OTC
GRCE,"Grace Therapeutics, Inc.",1444192,Nasdaq
NKGFF,Nevada King Gold Corp.,1839154,OTC
SEV,Aptera Motors Corp,1786471,Nasdaq
JFU,9F Inc.,1619544,Nasdaq
ESAUF,ESGold Corp.,1657800,OTC
HMR,Heidmar Maritime Holdings Corp.,2029471,Nasdaq
INVU,"Investview, Inc.",862651,OTC
CDIX,Cardiff Lexington Corp,811222,
GMHS,Gamehaus Holdings Inc.,2000530,Nasdaq
BEWFF,BEWHERE HOLDINGS INC,1113152,OTC
SORA,AsiaStrategy,2033515,Nasdaq
ALAR,Alarum Technologies Ltd.,1725332,Nasdaq
EURK,Eureka Acquisition Corp,2000410,Nasdaq
UEIC,UNIVERSAL ELECTRONICS INC,101984,Nasdaq
VTSI,"VirTra, Inc",1085243,Nasdaq
INDO,Indonesia Energy Corp Ltd,1757840,NYSE
SPWH,"SPORTSMAN'S WAREHOUSE HOLDINGS, INC.",1132105,Nasdaq
WHEN,"WORLD HEALTH ENERGY HOLDINGS, INC.",943535,OTC
LITM,Snow Lake Resources Ltd.,1769697,Nasdaq
DBGI,"Digital Brands Group, Inc.",1668010,Nasdaq
NTRB,NutriBand Inc.,1676047,Nasdaq
ACRV,"Acrivon Therapeutics, Inc.",1781174,Nasdaq
APT,ALPHA PRO TECH LTD,884269,NYSE
AAME,ATLANTIC AMERICAN CORP,8177,Nasdaq
TIL,"Instil Bio, Inc.",1789769,Nasdaq
ELRE,Yinfu Gold Corp.,1438461,OTC
MNY,MoneyHero Ltd,1974044,Nasdaq
SCWO,374Water Inc.,933972,Nasdaq
JANL,JANEL CORP,1133062,OTC
QTTB,Q32 Bio Inc.,1661998,Nasdaq
NUKK,Nukkleus Inc.,1787518,Nasdaq
SJ,Scienjoy Holding Corp,1753673,Nasdaq
IBO,IMPACT BIOMEDICAL INC.,1834105,NYSE
RITR,Reitar Logtech Holdings Ltd,1951229,Nasdaq
SODI,SOLITRON DEVICES INC,91668,OTC
LOAN,"MANHATTAN BRIDGE CAPITAL, INC",1080340,Nasdaq
FTII,FutureTech II Acquisition Corp.,1889450,
BWEN,"BROADWIND, INC.",1120370,Nasdaq
BRIA,BrilliA Inc,2000230,NYSE
INKT,"MiNK Therapeutics, Inc.",1840229,Nasdaq
CRT,CROSS TIMBERS ROYALTY TRUST,881787,NYSE
YIBO,Planet Image International Ltd,1868395,Nasdaq
GCDT,Green Circle Decarbonize Technology Ltd,1926293,NYSE
SMOFF,Sonoro Gold Corp.,1538189,OTC
LICN,Lichen International Ltd,1876766,Nasdaq
FMY,FIRST TRUST MORTGAGE INCOME FUND,1319183,NYSE
CLNN,Clene Inc.,1822791,Nasdaq
BSPA,"Ballston Spa Bancorp, Inc.",2094107,OTC
GLXZ,"Galaxy Gaming, Inc.",13156,OTC
HIRU,HIRU Corp,925779,OTC
LVLU,"Lulu's Fashion Lounge Holdings, Inc.",1780201,Nasdaq
XCH,XCHG Ltd,1979887,Nasdaq
AZZTF,Aztec Minerals Corp.,1706404,OTC
MIRA,"MIRA PHARMACEUTICALS, INC.",1904286,Nasdaq
EJH,E-Home Household Service Holdings Ltd,1769768,Nasdaq
BEAT,"HeartBeam, Inc.",1779372,Nasdaq
LINK,INTERLINK ELECTRONICS INC,828146,Nasdaq
LIMN,"Liminatus Pharma, Inc.",1971387,Nasdaq
MLGO,MicroAlgo Inc.,1800392,Nasdaq
STI,Solidion Technology Inc.,1881551,Nasdaq
WELNF,Integrated Wellness Acquisition Corp,1877557,OTC
SDM,Smart Digital Group Ltd,2014955,Nasdaq
CRVO,CervoMed Inc.,1053691,Nasdaq
ALCY,Alchemy Investments Acquisition Corp 1,1901336,Nasdaq
NSRX,Nasus Pharma Ltd,2029039,NYSE
GWH,"ESS Tech, Inc.",1819438,NYSE
KWM,K Wave Media Ltd.,2000756,Nasdaq
BREZ,Breeze Acquisition Corp. II,2095443,
CDLX,"Cardlytics, Inc.",1666071,Nasdaq
KANP,KAANAPALI LAND LLC,1230058,OTC
CVU,CPI AEROSTRUCTURES INC,889348,NYSE
AFCG,Advanced Flower Capital Inc.,1822523,Nasdaq
LITB,"LightInTheBox Holding Co., Ltd.",1523836,NYSE
XHG,XChange TEC.INC,1769256,Nasdaq
VOC,VOC Energy Trust,1505413,NYSE
PLUT,Plutus Financial Group Ltd,1933021,Nasdaq
FKWL,FRANKLIN WIRELESS CORP,722572,Nasdaq
INCR,Intercure Ltd.,1857030,Nasdaq
BRAG,Bragg Gaming Group Inc.,1867834,Nasdaq
BKHA,Black Hawk Acquisition Corp,2000775,Nasdaq
SACH,Sachem Capital Corp.,1682220,NYSE
HCMC,Healthier Choices Management Corp.,844856,OTC
PSIG,PS International Group Ltd.,1997201,Nasdaq
FORL,Four Leaf Acquisition Corp,1936255,
ARAI,Arrive AI Inc.,1818274,Nasdaq
OSTX,OS Therapies Inc,1795091,NYSE
CNTY,CENTURY CASINOS INC /CO/,911147,Nasdaq
STSS,Sharps Technology Inc.,1737995,Nasdaq
TCBS,"Texas Community Bancshares, Inc.",1849466,Nasdaq
ATCMF,ATICO MINING Corp,1567663,OTC
NAMI,Jinxin Technology Holding Co,1967631,Nasdaq
IDXG,"INTERPACE BIOSCIENCES, INC.",1054102,OTC
ASTI,"Ascent Solar Technologies, Inc.",1350102,Nasdaq
LPCN,Lipocine Inc.,1535955,Nasdaq
ESHA,ESH Acquisition Corp.,1918661,Nasdaq
BATL,BATTALION OIL CORP,1282648,NYSE
OAKV,"Oak View Bankshares, Inc.",1865429,OTC
UMEW,UMeWorld Inc.,1114936,OTC
UAVS,AgEagle Aerial Systems Inc.,8504,NYSE
AIRE,reAlpha Tech Corp.,1859199,Nasdaq
MDAI,"Spectral AI, Inc.",1833498,Nasdaq
JG,Aurora Mobile Ltd,1737339,Nasdaq
PSTV,"PLUS THERAPEUTICS, INC.",1095981,Nasdaq
NRXS,"Neuraxis, INC",1933567,NYSE
DMYY,"dMY Squared Technology Group, Inc.",1915380,OTC
PPSI,"PIONEER POWER SOLUTIONS, INC.",1449792,Nasdaq
DUO,Fangdd Network Group Ltd.,1750593,Nasdaq
HGBL,Heritage Global Inc.,849145,Nasdaq
RAVE,"RAVE RESTAURANT GROUP, INC.",718332,Nasdaq
BLBX,BLACKBOXSTOCKS INC.,1567900,Nasdaq
ATOS,"ATOSSA THERAPEUTICS, INC.",1488039,Nasdaq
QSEP,"QS Energy, Inc.",1103795,OTC
ASFH,ASIAFIN HOLDINGS CORP.,1828748,OTC
AXIL,"Axil Brands, Inc.",1718500,NYSE
WBX,Wallbox N.V.,1866501,NYSE
GPGCF,Great Pacific Gold Corp.,1813241,OTC
QZMRF,QUARTZ MOUNTAIN RESOURCES LTD,811522,OTC
BRFH,BARFRESH FOOD GROUP INC.,1487197,Nasdaq
TRT,TRIO-TECH INTERNATIONAL,732026,NYSE
OCC,OPTICAL CABLE CORP,1000230,Nasdaq
MAMO,Massimo Group,1952853,Nasdaq
RKHNF,ROCKHAVEN RESOURCES LTD,1422532,OTC
CULP,CULP INC,723603,NYSE
SAGGF,Sterling Metals Corp.,1727370,OTC
MDIA,Mediaco Holding Inc.,1784254,Nasdaq
SSGC,SafeSpace Global Corp,1584693,OTC
KZR,"Kezar Life Sciences, Inc.",1645666,Nasdaq
ALGS,"Aligos Therapeutics, Inc.",1799448,Nasdaq
ZENV,Zenvia Inc.,1836934,Nasdaq
RGCCF,Relevant Gold Corp.,1918151,OTC
SMXT,"SolarMax Technology, Inc.",1519472,Nasdaq
TPCS,TECHPRECISION CORP,1328792,Nasdaq
RIVF,"Rivulet Entertainment, Inc.",1342936,OTC
MGLD,"Marygold Companies, Inc.",1005101,NYSE
GGR,Gogoro Inc.,1886190,Nasdaq
KOSS,KOSS CORP,56701,Nasdaq
TKRFF,TINKA RESOURCES Ltd,1368845,OTC
NHTC,NATURAL HEALTH TRENDS CORP,912061,Nasdaq
ETST,"Earth Science Tech, Inc.",1538495,OTC
AASP,Agassi Sports Entertainment Corp.,930245,OTC
BHIC,"BioScience Health Innovations, Inc.",1784440,OTC
OPAD,Offerpad Solutions Inc.,1825024,NYSE
GRF,"EAGLE CAPITAL GROWTH FUND, INC.",850027,NYSE
TLYS,"TILLY'S, INC.",1524025,NYSE
LOCL,Local Bounti Corporation/DE,1840780,NYSE
GDHG,GOLDEN HEAVEN GROUP HOLDINGS LTD.,1928340,Nasdaq
YYAI,AIRWA INC.,1674440,Nasdaq
ECOR,"electroCore, Inc.",1560258,Nasdaq
EQTRF,Altamira Gold Corp.,1635729,OTC
POCI,"PRECISION OPTICS CORPORATION, INC.",867840,Nasdaq
QETA,Quetta Acquisition Corp,1978528,Nasdaq
CVM,CEL SCI CORP,725363,NYSE
RCT,RedCloud Holdings plc,2027360,Nasdaq
PRT,PermRock Royalty Trust,1724009,NYSE
SRLZF,Salazar Resources Ltd,861972,OTC
FTEK,"FUEL TECH, INC.",846913,Nasdaq
LONA,"LeonaBio, Inc.",1620463,Nasdaq
MPU,Mega Matrix Inc,1953021,NYSE
AIB,"BlockchAIn Digital Infrastructure, Inc.",2070542,
QRHC,Quest Resource Holding Corp,1442236,Nasdaq
ELUT,ELUTIA INC.,1708527,Nasdaq
CTSO,Cytosorbents Corp,1175151,Nasdaq
BAYA,Bayview Acquisition Corp,1969475,Nasdaq
VTYB,Victory Bancorp Inc,1509302,OTC
ABVC,"ABVC BIOPHARMA, INC.",1173313,Nasdaq
RMTI,"ROCKWELL MEDICAL, INC.",1041024,Nasdaq
KNGRF,Kingsmen Resources Ltd.,1191832,OTC
NTRP,"NextTrip, Inc.",788611,Nasdaq
ORIS,ORIENTAL RISE HOLDINGS Ltd,1964664,Nasdaq
EUDA,EUDA Health Holdings Ltd,1847846,Nasdaq
FCO,"ABRDN GLOBAL INCOME FUND, INC.",876717,NYSE
ACFN,"ACORN ENERGY, INC.",880984,Nasdaq
LISMF,LITHIUM SOUTH DEVELOPMENT Corp,1643715,OTC
TETEF,Technology & Telecommunication Acquisition Corp,1900679,OTC
WTHVF,Westhaven Gold Corp.,1562530,OTC
APLM,Apollomics Inc.,1944885,Nasdaq
KSCP,"Knightscope, Inc.",1600983,Nasdaq
NEPH,NEPHROS INC,1196298,Nasdaq
PYRGF,PyroGenesis Canada Inc.,1743344,OTC
KLXE,"KLX Energy Services Holdings, Inc.",1738827,Nasdaq
ICMB,"Investcorp Credit Management BDC, Inc.",1578348,Nasdaq
KCCFF,Kutcho Copper Corp.,1726906,OTC
ICCM,IceCure Medical Ltd.,1584371,Nasdaq
HAFG,"Holistic Asset Finance Group Co., Ltd.",1367993,OTC
ABLV,Able View Global Inc.,1957489,Nasdaq
IMTCF,Intrepid Metals Corp.,1288268,OTC
CMBM,Cambium Networks Corp,1738177,Nasdaq
GLTO,"Galecto, Inc.",1800315,Nasdaq
MBBC,"Marathon Bancorp, Inc. /MD/",1835385,Nasdaq
TECTP,"Tectonic Financial, Inc.",1766526,Nasdaq
ZDGE,"Zedge, Inc.",1667313,NYSE
GNS,Genius Group Ltd,1847806,NYSE
INMB,"Inmune Bio, Inc.",1711754,Nasdaq
RLEA,Rubber Leaf Inc,1893657,OTC
LSTA,"LISATA THERAPEUTICS, INC.",320017,Nasdaq
SKBL,Skyline Builders Group Holding Ltd,2031009,Nasdaq
ZYBT,Zhengye Biotechnology Holding Ltd,1975641,Nasdaq
BCG,"Binah Capital Group, Inc.",1953984,Nasdaq
KARX,Karbon-X Corp.,1729637,OTC
BOF,BranchOut Food Inc.,1962481,Nasdaq
SIF,SIFCO INDUSTRIES INC,90168,NYSE
TELO,"Telomir Pharmaceuticals, Inc.",1971532,Nasdaq
CNF,CNFinance Holdings Ltd.,1733868,NYSE
NMTC,NEUROONE MEDICAL TECHNOLOGIES Corp,1500198,Nasdaq
CYPH,CYPHERPUNK TECHNOLOGIES INC.,1509745,Nasdaq
BESS,Bimergen Energy Corp,1066764,OTC
QNTO,"QUAINT OAK BANCORP, INC.",1391933,OTC
PSQH,"PSQ Holdings, Inc.",1847064,NYSE
TOP,TOP Financial Group Ltd,1848275,Nasdaq
RADX,Radiopharm Theranostics Ltd,1949257,Nasdaq
PDSB,PDS Biotechnology Corp,1472091,Nasdaq
LITS,"Lite Strategy, Inc.",1262104,Nasdaq
JRSH,"Jerash Holdings (US), Inc.",1696558,Nasdaq
SPCB,SuperCom Ltd,1291855,Nasdaq
DYNR,"DYNARESOURCE, INC.",1111741,OTC
NXTC,"NextCure, Inc.",1661059,Nasdaq
GROW,U S GLOBAL INVESTORS INC,754811,Nasdaq
PTNT,PALATIN TECHNOLOGIES INC,911216,
WKHS,Workhorse Group Inc.,1425287,Nasdaq
AWRE,AWARE INC /MA/,1015739,Nasdaq
INIS,INTERNATIONAL ISOTOPES INC,1038277,OTC
RCON,"Recon Technology, Ltd",1442620,Nasdaq
SAFX,"XCF Global, Inc.",2019793,Nasdaq
MSSAF,Metal Sky Star Acquisition Corp,1882464,OTC
LGL,LGL GROUP INC,61004,NYSE
FOFO,"Hang Feng Technology Innovation Co., Ltd.",2060083,Nasdaq
USREF,Tactical Resources Corp.,2037786,OTC
PXLW,"PIXELWORKS, INC",1040161,Nasdaq
OAKU,Oak Woods Acquisition Corp,1945422,Nasdaq
COHN,Cohen & Co Inc.,1270436,NYSE
USEG,US ENERGY CORP,101594,Nasdaq
GKOR,Golkor Inc.,1474558,OTC
JETMF,Global Crossing Airlines Group Inc.,1846084,OTC
RPMT,"REGO PAYMENT ARCHITECTURES, INC.",1437283,OTC
STKE,SOL Strategies Inc.,1846839,Nasdaq
RYES,Rise Gold Corp.,1424864,OTC
BHM,"Bluerock Homes Trust, Inc.",1903382,NYSE
INLX,"INTELLINETICS, INC.",1081745,NYSE
CNVS,Cineverse Corp.,1173204,Nasdaq
PLAG,Planet Green Holdings Corp.,1117057,NYSE
TLPH,"TALPHERA, INC.",1427925,Nasdaq
PGZFF,Pan Global Resources Inc.,1566073,OTC
KFFB,Kentucky First Federal Bancorp,1297341,Nasdaq
JSPR,"Jasper Therapeutics, Inc.",1788028,Nasdaq
STRR,"Star Equity Holdings, Inc.",1210708,Nasdaq
TOON,"Kartoon Studios, Inc.",1355848,NYSE
WSTRF,Western Uranium & Vanadium Corp.,1621906,OTC
REFR,RESEARCH FRONTIERS INC,793524,Nasdaq
SCOR,"COMSCORE, INC.",1158172,Nasdaq
KMRK,K-TECH SOLUTIONS CO LTD,2049187,Nasdaq
VERU,VERU INC.,863894,Nasdaq
YXT,YXT.COM GROUP HOLDING Ltd,1872090,Nasdaq
CELU,Celularity Inc,1752828,Nasdaq
PLSM,Pulsenmore Ltd.,2064764,Nasdaq
ONMD,OneMedNet Corp,1849380,Nasdaq
STLNF,Stallion Uranium Corp.,1729653,OTC
AMOD,"ALPHA MODUS HOLDINGS, INC.",1862463,Nasdaq
RYET,Ruanyun Edai Technology Inc.,1873454,Nasdaq
EKSO,"EKSO BIONICS HOLDINGS, INC.",1549084,Nasdaq
SEOVF,SERNOVA CORP.,1491434,OTC
FARM,FARMER BROTHERS CO,34563,Nasdaq
CXXIF,C21 Investments Inc.,831609,OTC
MKTW,"MARKETWISE, INC.",1805651,Nasdaq
VPLM,Voip-pal.com Inc,1410738,OTC
BIOX,Bioceres Crop Solutions Corp.,1769484,Nasdaq
MDWK,"MDWerks, Inc.",1295514,OTC
USIO,"Usio, Inc.",1088034,Nasdaq
SST,"System1, Inc.",1805833,NYSE
XLO,"Xilio Therapeutics, Inc.",1840233,Nasdaq
SDST,Stardust Power Inc.,1831979,Nasdaq
ATCH,"AtlasClear Holdings, Inc.",1963088,NYSE
EDRY,EuroDry Ltd.,1731388,Nasdaq
RNXT,"RenovoRx, Inc.",1574094,Nasdaq
TACT,TRANSACT TECHNOLOGIES INC,1017303,Nasdaq
PHUN,"Phunware, Inc.",1665300,Nasdaq
TELA,"TELA Bio, Inc.",1561921,Nasdaq
DTST,Data Storage Corp,1419951,Nasdaq
RDI,READING INTERNATIONAL INC,716634,Nasdaq
GBIO,Generation Bio Co.,1733294,Nasdaq
LPSN,LIVEPERSON INC,1102993,Nasdaq
PRKR,PARKERVISION INC,914139,OTC
IGTA,Inception Growth Acquisition Ltd,1866838,OTC
ATNM,"Actinium Pharmaceuticals, Inc.",1388320,NYSE
NTWK,NETSOL TECHNOLOGIES INC,1039280,Nasdaq
BLIV,BeLive Holdings,1982448,Nasdaq
APWC,ASIA PACIFIC WIRE & CABLE CORP LTD,1026980,Nasdaq
CLPS,CLPS Inc,1724542,Nasdaq
HURA,"TuHURA Biosciences, Inc./NV",1498382,Nasdaq
EMGDF,Eminent Gold Corp.,1790607,OTC
MCAG,Mountain Crest Acquisition Corp. V,1859035,OTC
UNXP,OZ VISION INC.,1751707,
UPLD,"Upland Software, Inc.",1505155,Nasdaq
PRPO,"Precipio, Inc.",1043961,Nasdaq
HWAUF,Headwater Gold Inc.,1817161,OTC
BZDLF,KINCORA COPPER LTD,1527038,OTC
ATRA,"Atara Biotherapeutics, Inc.",1604464,Nasdaq
DFLI,Dragonfly Energy Holdings Corp.,1847986,Nasdaq
TVRD,"Tvardi Therapeutics, Inc.",1346830,Nasdaq
NTZ,NATUZZI S P A,900391,NYSE
MRMD,MARIMED INC.,1522767,OTC
PLUR,Pluri Inc.,1158780,Nasdaq
JSDA,JONES SODA CO.,1083522,OTC
VNCE,VINCE HOLDING CORP.,1579157,Nasdaq
FOXX,Foxx Development Holdings Inc.,2013807,Nasdaq
BDMD,Baird Medical Investment Holdings Ltd,1982444,Nasdaq
BMNM,"BIMINI CAPITAL MANAGEMENT, INC.",1275477,OTC
DXLG,"DESTINATION XL GROUP, INC.",813298,Nasdaq
IPWR,Ideal Power Inc.,1507957,Nasdaq
CREX,"CREATIVE REALITIES, INC.",1356093,Nasdaq
FTHM,Fathom Holdings Inc.,1753162,Nasdaq
RITE,MINERALRITE Corp,1096296,OTC
LRRIF,Lion Rock Resources Inc.,1992500,OTC
MODD,"Modular Medical, Inc.",1074871,Nasdaq
NSFDF,NXT Energy Solutions Inc.,1009922,OTC
OKUR,"OnKure Therapeutics, Inc.",1637715,Nasdaq
HYPD,"HYPERION DEFI, INC.",1682639,Nasdaq
KTCC,KEY TRONIC CORP,719733,Nasdaq
HYEX,HEALTHY EXTRACTS INC.,1630176,OTC
RYM,"RYTHM, Inc.",1800637,Nasdaq
EZGO,EZGO Technologies Ltd.,1806904,Nasdaq
RYDE,Ryde Group Ltd,1971115,NYSE
RVPH,"REVIVA PHARMACEUTICALS HOLDINGS, INC.",1742927,Nasdaq
GTHP,GUIDED THERAPEUTICS INC,924515,OTC
VASO,VASO Corp,839087,OTC
JDZG,JIADE Ltd,1976908,Nasdaq
WBQNL,Woodbridge Liquidation Trust,1785494,OTC
KYNB,"KYNTRA BIO, INC.",921299,Nasdaq
BTAI,"BioXcel Therapeutics, Inc.",1720893,Nasdaq
SWAG,"Stran & Company, Inc.",1872525,Nasdaq
PRTS,"CarParts.com, Inc.",1378950,Nasdaq
WPRT,WESTPORT FUEL SYSTEMS INC.,1370416,Nasdaq
PXS,Pyxis Tankers Inc.,1640043,Nasdaq
LEE,"LEE ENTERPRISES, Inc",58361,Nasdaq
UG,UNITED GUARDIAN INC,101295,Nasdaq
GSIW,Garden Stage Ltd,1954269,Nasdaq
ELWT,"Elauwit Connection, Inc.",2063863,Nasdaq
OMH,Ohmyhome Ltd,1944902,Nasdaq
MDBH,"MDB Capital Holdings, LLC",1934642,Nasdaq
IBATF,INTERNATIONAL BATTERY METALS LTD.,1786318,OTC
SFCO,Southern Financial Corp,1831523,OTC
RAND,RAND CAPITAL CORP,81955,Nasdaq
MTWO,"M2i Global, Inc.",1753373,OTC
GLBS,GLOBUS MARITIME LTD,1499780,Nasdaq
CRWS,CROWN CRAFTS INC,25895,Nasdaq
HOLO,MicroCloud Hologram Inc.,1841209,Nasdaq
SCYX,SCYNEXIS INC,1178253,Nasdaq
WGRX,"Wellgistics Health, Inc.",2030763,Nasdaq
RDGL,VIVOS INC,1449349,OTC
OTLK,"Outlook Therapeutics, Inc.",1649989,Nasdaq
KPLT,"Katapult Holdings, Inc.",1785424,Nasdaq
VGES,Vanguard Green Investment Ltd,1746119,OTC
BZFD,"BuzzFeed, Inc.",1828972,Nasdaq
UFG,Uni-Fuels Holdings Ltd,2021688,Nasdaq
THH,TryHard Holdings Ltd,2044241,Nasdaq
YSXT,"YSX Tech Co., Ltd",1993463,Nasdaq
ATCX,ATLAS CRITICAL MINERALS Corp,1684688,Nasdaq
NRSN,NeuroSense Therapeutics Ltd.,1875091,Nasdaq
CLIR,ClearSign Technologies Corp,1434524,Nasdaq
KDOZF,KIDOZ INC.,1318482,OTC
ASPC,ASPAC III Acquisition Corp.,1890361,Nasdaq
FIEE,"FiEE, Inc.",1467761,Nasdaq
HRGN,"Harvard Apparatus Regenerative Technology, Inc.",1563665,OTC
RDGT,Ridgetech Inc.,1856084,Nasdaq
USGDF,AMERICAN PACIFIC MINING CORP,1726159,OTC
MYO,"MYOMO, INC.",1369290,NYSE
DYAI,DYADIC INTERNATIONAL INC,1213809,Nasdaq
PMEC,Primech Holdings Ltd,1891944,Nasdaq
MGN,Megan Holdings Ltd.,1995075,Nasdaq
CLRCF,ClimateRock,1903392,OTC
CIF,MFS INTERMEDIATE HIGH INCOME FUND,833021,NYSE
NEON,Neonode Inc.,87050,Nasdaq
PC,Premium Catering (Holdings) Ltd,1998056,Nasdaq
CNOBF,Rocky Shore Gold Ltd.,1683408,OTC
BOSC,BOS BETTER ONLINE SOLUTIONS LTD,1005516,Nasdaq
LHSW,Lianhe Sowell International Group Ltd,2004024,Nasdaq
YQ,17 Education & Technology Group Inc.,1821468,Nasdaq
RYOJ,"rYojbaba Co., Ltd.",2012600,Nasdaq
TTIPF,"Thiogenesis Therapeutics, Corp.",1877778,OTC
PASG,"Passage BIO, Inc.",1787297,Nasdaq
FEMY,FEMASYS INC,1339005,Nasdaq
VNRX,VOLITIONRX LTD,93314,NYSE
CHAI,"Core AI Holdings, Inc.",1649009,Nasdaq
GDSRF,Gold Strike Resources Corp.,1427901,OTC
RNTX,"Rein Therapeutics, Inc.",1420565,Nasdaq
CPOP,"Pop Culture Group Co., Ltd",1807389,Nasdaq
AMBI,Ambipar Emergency Response,1937441,
ANTX,"AN2 Therapeutics, Inc.",1880438,Nasdaq
EPOW,"Sunrise New Energy Co., Ltd.",1780731,Nasdaq
GIFT,"GIFTIFY, INC.",1760233,Nasdaq
HOWL,"Werewolf Therapeutics, Inc.",1785530,Nasdaq
EHSI,Elite Health Systems Inc.,1089815,OTC
GAME,"GameSquare Holdings, Inc.",1714562,Nasdaq
LTRN,Lantern Pharma Inc.,1763950,Nasdaq
TAOX,TAO Synergies Inc.,1571934,Nasdaq
FMST,Foremost Clean Energy Ltd.,1935418,Nasdaq
ACCS,ACCESS Newswire Inc.,843006,NYSE
OTLC,"Oncotelic Therapeutics, Inc.",908259,OTC
PRKA,"PARKS AMERICA, INC",1297937,OTC
CUE,"Cue Biopharma, Inc.",1645460,Nasdaq
ZKIN,"ZK International Group Co., Ltd.",1687451,Nasdaq
HSPOF,Horizon Space Acquisition I Corp.,1946021,OTC
CFND,C1 Fund Inc.,2044327,NYSE
ZBAO,Zhibao Technology Inc.,1966750,Nasdaq
ZLME,Zhanling International Ltd,1489300,OTC
TBMC,Trailblazer Merger Corp I,1934945,Nasdaq
DAIO,DATA I/O CORP,351998,Nasdaq
SFCX,Tribal Rides International Corp.,1624985,OTC
EMCGF,Embrace Change Acquisition Corp.,1869601,OTC
NTIP,"NETWORK-1 TECHNOLOGIES, INC.",1065078,NYSE
LSF,"Laird Superfood, Inc.",1650696,NYSE
BIRD,"Allbirds, Inc.",1653909,Nasdaq
WNDW,"SolarWindow Technologies, Inc.",1071840,OTC
BEEM,Beam Global,1398805,Nasdaq
BONXF,BONTERRA RESOURCES INC.,1544770,OTC
BRNS,Barinthus Biotherapeutics plc.,1828185,Nasdaq
RPGL,Republic Power Group Ltd,1912884,Nasdaq
PETV,"PetVivo Holdings, Inc.",1512922,OTC
CVV,CVD EQUIPMENT CORP,766792,Nasdaq
RSRV,RESERVE PETROLEUM CO,83350,OTC
BMR,Beamr Imaging Ltd.,1899005,Nasdaq
INUV,"Inuvo, Inc.",829323,NYSE
EVAX,Evaxion A/S,1828253,Nasdaq
AACG,ATA Creativity Global,1420529,Nasdaq
REVFF,Gitennes Exploration Inc.,1002366,OTC
MDCX,Medicus Pharma Ltd.,1997296,Nasdaq
BAFN,BayFirst Financial Corp.,1649739,Nasdaq
POM,POMDOCTOR Ltd,1877971,Nasdaq
RAPH,Raphael Pharmaceutical Inc.,1415397,OTC
CCEL,CRYO CELL INTERNATIONAL INC,862692,NYSE
KDKGF,KLONDIKE GOLD CORP /FI,872699,OTC
AUID,authID Inc.,1534154,Nasdaq
PMN,ProMIS Neurosciences Inc.,1374339,Nasdaq
ORIO,Orion Digital Corp.,1602842,Nasdaq
VNTG,Vantage Corp (Singapore),2027160,NYSE
HLEO,Helio Corp /FL/,1953988,OTC
FATN,Fatpipe Inc/UT,1993400,Nasdaq
VEEA,VEEA INC.,1840317,Nasdaq
TDTH,Trident Digital Tech Holdings Ltd,1983550,Nasdaq
PFSB,"PFS Bancorp, Inc.",1967656,OTC
CRMZ,CREDITRISKMONITOR COM INC,315958,OTC
WAVE,Eco Wave Power Global AB (publ),1846715,Nasdaq
BHAT,Blue Hat Interactive Entertainment Technology,1759136,Nasdaq
IEHC,IEH Corp,50292,OTC
SCIA,"SCI Engineered Materials, Inc.",830616,OTC
TRXA,T-REX Acquisition Corp.,1437750,OTC
TXMD,"TherapeuticsMD, Inc.",25743,Nasdaq
VIPZ,"VIP Play, Inc.",1832161,OTC
SPND,SPINDLETOP OIL & GAS CO,867038,OTC
GDST,Goldenstone Acquisition Ltd.,1858007,OTC
APAAF,Appia Rare Earths & Uranium Corp.,1419336,OTC
SKYE,"Skye Bioscience, Inc.",1516551,Nasdaq
ORGN,"Origin Materials, Inc.",1802457,Nasdaq
BOLD,"Boundless Bio, Inc.",1782303,Nasdaq
BFGFF,GIANT MINING CORP.,1836503,OTC
AEON,"AEON Biopharma, Inc.",1837607,NYSE
KNRX,KNOREX LTD.,1982960,NYSE
NOM,NUVEEN MISSOURI QUALITY MUNICIPAL INCOME FUND,899782,NYSE
PHNMF,Phenom Resources Corp.,1720553,OTC
WIMI,WiMi Hologram Cloud Inc.,1770088,Nasdaq
NDLS,NOODLES & Co,1275158,Nasdaq
KLNG,"Koil Energy Solutions, Inc.",1110607,OTC
AYTU,"AYTU BIOPHARMA, INC",1385818,Nasdaq
BCTX,BriaCell Therapeutics Corp.,1610820,Nasdaq
TIGCF,Triumph Gold Corp.,1387473,OTC
JOB,GEE Group Inc.,40570,NYSE
PFAI,Pinnacle Food Group Ltd,2032755,Nasdaq
XOS,"Xos, Inc.",1819493,Nasdaq
XCUR,"EXICURE, INC.",1698530,Nasdaq
LIXT,"LIXTE BIOTECHNOLOGY HOLDINGS, INC.",1335105,Nasdaq
TLF,TANDY LEATHER FACTORY INC,909724,Nasdaq
ILAL,International Land Alliance Inc.,1657214,OTC
IINN,Inspira Technologies OXY B.H.N. Ltd,1837493,Nasdaq
STLY,"HG Holdings, Inc.",797465,OTC
SFRX,SEAFARER EXPLORATION CORP,1106213,OTC
SER,"Serina Therapeutics, Inc.",1708599,NYSE
PSHG,Performance Shipping Inc.,1481241,Nasdaq
AUST,Austin Gold Corp.,1817740,NYSE
NAAS,NaaS Technology Inc.,1712178,Nasdaq
FLUX,"Flux Power Holdings, Inc.",1083743,Nasdaq
BHSIF,BAYHORSE SILVER INC.,1432588,OTC
IOBT,"IO Biotech, Inc.",1865494,Nasdaq
CREG,Smart Powerr Corp.,721693,Nasdaq
IRIX,IRIDEX CORP,1006045,Nasdaq
RLYB,Rallybio Corp,1739410,Nasdaq
PAYD,PAID INC,1017655,OTC
WRPT,ULIXE CORP.,1842138,
ARKR,ARK RESTAURANTS CORP,779544,Nasdaq
RGNT,REGENTIS BIOMATERIALS LTD.,1912966,NYSE
CLOQ,"CYBERLOQ TECHNOLOGIES, INC.",1437517,OTC
SNAL,"Snail, Inc.",1886894,Nasdaq
REED,"REED'S, INC.",1140215,NYSE
AAQL,Antiaging Quantum Living Inc.,1672571,OTC
TC,Token Cat Ltd,1743340,Nasdaq
IVFH,INNOVATIVE FOOD HOLDINGS INC,312257,OTC
PEVM,PHOENIX MOTOR INC.,1879848,OTC
GNVR,Genvor Inc,1792941,OTC
IGC,"IGC Pharma, Inc.",1326205,NYSE
HNOI,"HNO International, Inc.",1342916,OTC
TBHC,"BRAND HOUSE COLLECTIVE, INC.",1056285,Nasdaq
SNTI,"Senti Biosciences, Inc.",1854270,Nasdaq
ULTHF,United Lithium Corp.,1850269,OTC
JGLDF,Japan Gold Corp.,1686000,OTC
NYC,American Strategic Investment Co.,1595527,NYSE
NSYS,NORTECH SYSTEMS INC,722313,Nasdaq
VVPR,VivoPower International PLC,1681348,Nasdaq
MOBX,"MOBIX LABS, INC",1855467,Nasdaq
NRDE,NU RIDE INC.,1759546,OTC
MSAI,"MultiSensor AI Holdings, Inc.",1863990,Nasdaq
MNDO,MIND CTI LTD,1119083,Nasdaq
KPEA,Kun Peng International Ltd.,1502557,OTC
ZGM,Zenta Group Co Ltd,2011458,Nasdaq
ITHUF,"iANTHUS CAPITAL HOLDINGS, INC.",1643154,OTC
SVRN,OceanPal Inc.,1869467,Nasdaq
EPSM,Epsium Enterprise Ltd,1883437,Nasdaq
UTSI,UTSTARCOM HOLDINGS CORP.,1030471,Nasdaq
KAYS,"Kaya Holdings, Inc.",1530746,OTC
RMXI,"RMX INDUSTRIES, INC.",1970743,OTC
AVNI,ARVANA INC,1113313,OTC
RSMXF,Regency Silver Corp.,1858994,OTC
SURG,"SurgePays, Inc.",1392694,Nasdaq
LEEEF,Leef Brands Inc.,1711141,OTC
AHT,ASHFORD HOSPITALITY TRUST INC,1232582,NYSE
POWMF,Power Metal Resources PLC,1988634,OTC
DARE,"Dare Bioscience, Inc.",1401914,Nasdaq
DSY,Big Tree Cloud Holdings Ltd,1999297,Nasdaq
WYHG,Wing Yip Food Holdings Group Ltd,1999860,Nasdaq
MILIF,Military Metals Corp.,1866460,OTC
IPM,INTELLIGENT PROTECTION MANAGEMENT CORP.,1355839,Nasdaq
TOPS,TOP SHIPS INC.,1296484,NYSE
RMCF,"Rocky Mountain Chocolate Factory, Inc.",1616262,Nasdaq
CKX,"CKX LANDS, INC.",352955,NYSE
SELX,Semilux International Ltd.,1990950,Nasdaq
ZSTK,ZeroStack Corp.,1790169,Nasdaq
SPEX,Spectre Acquisition Corp,2099188,
BKUCF,BLUE SKY URANIUM CORP.,1463978,OTC
PMHS,"Polomar Health Services, Inc.",1265521,OTC
ECRO,ECC Capital CORP,1300317,OTC
RECT,Rectitude Holdings Ltd.,1995116,Nasdaq
VTGN,"Vistagen Therapeutics, Inc.",1411685,Nasdaq
TINFF,Tincorp Metals Inc.,1864597,OTC
HBIO,HARVARD BIOSCIENCE INC,1123494,Nasdaq
ROMJF,Rubicon Organics Inc.,1742195,OTC
PRZO,ParaZero Technologies Ltd.,1916241,Nasdaq
ZEFIF,Zefiro Methane Corp.,1945138,OTC
AAUAF,ALMADEN MINERALS LTD,1015647,OTC
IRVRF,Irving Resources Inc.,1666782,OTC
LHAI,Linkhome Holdings Inc.,2017758,Nasdaq
ANGH,Anghami Inc,1871983,Nasdaq
ADGM,"Adagio Medical Holdings, Inc.",2006986,Nasdaq
ZJYL,Jin Medical International Ltd.,1837821,Nasdaq
HHS,HARTE HANKS INC,45919,Nasdaq
RDGMF,Ridgeline Minerals Corp,1820025,OTC
BNKK,"BONK, INC.",1760903,Nasdaq
NEUP,Neuphoria Therapeutics Inc.,1191070,Nasdaq
BTOC,Armlogi Holding Corp.,1972529,Nasdaq
FENG,Phoenix New Media Ltd,1509646,NYSE
ACPS,"AC Partners, Inc.",1133116,OTC
MRKR,"Marker Therapeutics, Inc.",1094038,Nasdaq
CBSTF,Cannabist Co Holdings Inc.,1776738,OTC
MLSS,MILESTONE SCIENTIFIC INC.,855683,NYSE
VRSSF,Verses AI Inc.,1879001,OTC
GUER,"Guerrilla RF, Inc.",1832487,OTC
SVRE,SaverOne 2014 Ltd.,1894693,Nasdaq
AERT,"Aeries Technology, Inc.",1853044,Nasdaq
UPYY,UPAY,1677897,OTC
INTS,"INTENSITY THERAPEUTICS, INC.",1567264,Nasdaq
AQUC,Aquaron Acquisition Corp.,1861063,OTC
ACCL,Acco Group Holdings Ltd,2038378,Nasdaq
PCLA,PicoCELA Inc.,2018462,Nasdaq
MXC,MEXCO ENERGY CORP,66418,NYSE
TBTC,TABLE TRAC INC,1090396,OTC
APUS,"Apimeds Pharmaceuticals US, Inc.",1894525,NYSE
YTFD,"Yale Transaction Finders, Inc.",1311673,OTC
GMVMF,GMV Minerals Inc.,1495730,OTC
NWGL,CL Workshop Group Ltd,1948294,Nasdaq
JUNS,"JUPITER NEUROSCIENCES, INC.",1679628,Nasdaq
CTRM,Castor Maritime Inc.,1720161,Nasdaq
JPOTF,Jackpot Digital Inc.,1061612,OTC
ABIT,Athena Bitcoin Global,1095146,OTC
NCEW,New Century Logistics (BVI) Ltd,1968043,Nasdaq
MYND,"Mynd.ai, Inc.",1708441,NYSE
HUIZ,Huize Holding Ltd,1778982,Nasdaq
ANEB,"Anebulo Pharmaceuticals, Inc.",1815974,Nasdaq
GYRO,"Gyrodyne, LLC",1589061,Nasdaq
VAUCF,Viva Gold Corp.,1723047,OTC
RNGE,"RANGE IMPACT, INC.",1438943,OTC
FEDU,Four Seasons Education (Cayman) Inc.,1709819,NYSE
VRHI,"Veri MedTech Holdings, Inc.",2078149,OTC
SNYR,Synergy CHC Corp.,1562733,Nasdaq
NAII,NATURAL ALTERNATIVES INTERNATIONAL INC,787253,Nasdaq
ADIA,"Adia Nutrition, Inc.",1160420,OTC
GNOLF,GENOIL INC,1261002,OTC
BFNH,"BIOFORCE NANOSCIENCES HOLDINGS, INC.",1310488,OTC
MOGU,MOGU Inc.,1743971,NYSE
WATT,Energous Corp,1575793,Nasdaq
CHKR,CHESAPEAKE GRANITE WASH TRUST,1524769,OTC
STCB,"Starco Brands, Inc.",1539850,OTC
SNNF,"Seneca Bancorp, Inc.",2072421,OTC
RVP,RETRACTABLE TECHNOLOGIES INC,946563,NYSE
INAB,"IN8BIO, INC.",1740279,Nasdaq
SCNX,"Scienture Holdings, Inc.",1382574,Nasdaq
HCHL,Happy City Holdings Ltd,2046656,Nasdaq
SPRS,SURGE COMPONENTS INC,747540,OTC
TARSF,Silver North Resources Ltd.,1409036,OTC
VBIX,Viewbix Inc.,797542,Nasdaq
DLPN,"Dolphin Entertainment, Inc.",1282224,Nasdaq
JBDI,JBDI Holdings Ltd,1964314,Nasdaq
YHC,LQR House Inc.,1843165,Nasdaq
WETH,Wetouch Technology Inc.,1826660,Nasdaq
SPST,Superstar Platforms Inc.,1192323,OTC
TRSG,Tungray Technologies Inc,1943444,Nasdaq
CNTMF,Fluent Corp.,1758124,OTC
GREE,Greenidge Generation Holdings Inc.,1844971,Nasdaq
CCOOF,CORE SILVER CORP.,1853599,OTC
CCTC,Catalyst Crew Technologies Corp.,1477960,OTC
SGRP,"SPAR Group, Inc.",1004989,Nasdaq
NNVC,"NANOVIRICIDES, INC.",1379006,NYSE
GTEC,Greenland Technologies Holding Corp.,1735041,Nasdaq
CAHO,Caro Holdings Inc.,1678105,OTC
MMA,MIXED MARTIAL ARTS GROUP LTD,1981519,NYSE
RCG,"RENN Fund, Inc.",919567,NYSE
LGPS,LOGPROSTYLE INC.,2040290,NYSE
NGLD,Nevada Canyon Gold Corp.,1605481,OTC
WCT,Wellchange Holdings Co Ltd,1990251,Nasdaq
VYNE,VYNE Therapeutics Inc.,1566044,Nasdaq
GOVB,"Gouverneur Bancorp, Inc./MD/",1978811,OTC
PAPL,Pineapple Financial Inc.,1938109,NYSE
SPPL,SIMPPLE LTD.,1948697,Nasdaq
LSH,Lakeside Holding Ltd,1996192,Nasdaq
INTZ,INTRUSION INC,736012,Nasdaq
MSGM,Motorsport Games Inc.,1821175,Nasdaq
EQS,"EQUUS TOTAL RETURN, INC.",878932,NYSE
SAGT,SAGTEC GLOBAL Ltd,2029138,Nasdaq
NOTE,"FiscalNote Holdings, Inc.",1823466,NYSE
BGI,BIRKS GROUP INC.,1179821,NYSE
COPAF,COPAUR MINERALS INC.,1420049,OTC
LEXX,Lexaria Bioscience Corp.,1348362,Nasdaq
RAIN,"Rain Enhancement Technologies Holdco, Inc.",2028293,Nasdaq
LDDD,Longduoduo Co Ltd,1892316,OTC
BDCO,BLUE DOLPHIN ENERGY CO,793306,OTC
VVOS,"Vivos Therapeutics, Inc.",1716166,Nasdaq
JVA,COFFEE HOLDING CO INC,1007019,Nasdaq
WKSP,Worksport Ltd,1096275,Nasdaq
EONR,EON Resources Inc.,1842556,NYSE
FTSP,"FinTrade Sherpa, Inc.",1319643,OTC
VRAR,"Glimpse Group, Inc.",1854445,Nasdaq
NNUP,NOCOPI TECHNOLOGIES INC/MD/,888981,OTC
EHLD,Euroholdings Ltd.,2032779,Nasdaq
KLTO,"Klotho Neurosciences, Inc.",1907223,Nasdaq
MOBQ,"Mobiquity Technologies, Inc.",1084267,OTC
REE,REE Automotive Ltd.,1843588,Nasdaq
DUKR,DUKE Robotics Corp.,1638911,OTC
LIMX,Limitless X Holdings Inc.,1803977,OTC
CISO,"CISO Global, Inc.",1777319,Nasdaq
GNTA,Genenta Science S.p.A.,1838716,Nasdaq
BRKCF,BARKSDALE RESOURCES CORP.,1019742,OTC
YAAS,Youxin Technology Ltd,1964946,Nasdaq
MMTIF,MICROMEM TECHNOLOGIES INC,1085921,OTC
GIGM,GIGAMEDIA Ltd,1105101,Nasdaq
BHV,BLACKROCK VIRGINIA MUNICIPAL BOND TRUST,1169034,NYSE
SLAI,SOLAI Ltd,1517496,NYSE
COOT,Australian Oilseeds Holdings Ltd,1959994,Nasdaq
CAPT,Captivision Inc.,1967478,Nasdaq
FDCT,"FDCTECH, INC.",1722731,OTC
PFHO,PACIFIC HEALTH CARE ORGANIZATION INC,1138476,OTC
TSE,Trinseo PLC,1519061,NYSE
CTXR,"Citius Pharmaceuticals, Inc.",1506251,Nasdaq
COSM,Cosmos Health Inc.,1474167,Nasdaq
IONI,I-ON Digital Corp.,1580490,OTC
BON,Bon Natural Life Ltd,1816815,Nasdaq
IEGCF,Independence Gold Corp.,1537317,OTC
FBLG,"FibroBiologics, Inc.",1958777,Nasdaq
KTTA,Pasithea Therapeutics Corp.,1841330,Nasdaq
MSBB,"Mercer Bancorp, Inc.",1967306,OTC
IVF,"INVO Fertility, Inc.",1417926,Nasdaq
LRE,"LEAD REAL ESTATE CO., LTD",1888980,Nasdaq
GAUZ,Gauzy Ltd.,1781446,Nasdaq
ABCP,AmBase Corp,20639,OTC
CRWE,"Crown Equity Holdings, Inc.",1103833,OTC
MWYN,"Marwynn Holdings, Inc.",2030522,Nasdaq
DOGZ,Dogness (International) Corp,1707303,Nasdaq
CCM,Concord Medical Services Holdings Ltd,1472072,NYSE
FAMI,"Farmmi, Inc.",1701261,Nasdaq
INIKF,PopReach Corp,1928722,OTC
QCLS,"Q/C TECHNOLOGIES, INC.",1321834,Nasdaq
HUDI,"Huadi International Group Co., Ltd.",1791725,Nasdaq
AIJTY,Jianpu Technology Inc.,1713923,OTC
BTTC,Black Titan Corp,2034400,Nasdaq
NVNI,Nvni Group Ltd,1965143,Nasdaq
GRNQ,Greenpro Capital Corp.,1597846,Nasdaq
GEBRF,Greenbriar Sustainable Living Inc.,1570843,OTC
MVO,MV Oil Trust,1371782,NYSE
BLTH,"AMERICAN BATTERY MATERIALS, INC.",1487718,OTC
MGIH,Millennium Group International Holdings Ltd,1903995,Nasdaq
QNTM,Quantum Biopharma Ltd.,1771885,Nasdaq
ITRM,Iterum Therapeutics plc,1659323,Nasdaq
ZCRMF,ZINCORE METALS INC,1425061,OTC
AUSI,AURA SYSTEMS INC,826253,OTC
MAPPF,PROSTAR HOLDINGS INC. /BC,1493130,OTC
BNZI,"Banzai International, Inc.",1826011,Nasdaq
AIRI,AIR INDUSTRIES GROUP,1009891,NYSE
PVCT,"PROVECTUS BIOPHARMACEUTICALS, INC.",315545,OTC
EBON,Ebang International Holdings Inc.,1799290,Nasdaq
MOVE,Movano Inc.,1734750,Nasdaq
CLRO,CLEARONE INC,840715,Nasdaq
KLGDF,Kalo Gold Corp.,1901931,OTC
IDAI,T Stamp Inc,1718939,Nasdaq
TRAW,"Traws Pharma, Inc.",1130598,Nasdaq
AWHL,Aspira Women's Health Inc.,926617,OTC
USEA,United Maritime Corp,1912847,Nasdaq
CHOW,ChowChow Cloud International Holdings Ltd,2041829,NYSE
LNAI,Lunai Bioworks Inc.,1527728,Nasdaq
HIND,"Vyome Holdings, Inc",1427570,Nasdaq
LIQT,LIQTECH INTERNATIONAL INC,1307579,Nasdaq
CSAI,"CLOUDASTRUCTURE, INC.",1709628,Nasdaq
NXPL,NextPlat Corp,1058307,Nasdaq
LGCB,Linkage Global Inc,1969401,Nasdaq
ZEOX,"Zeo ScientifiX, Inc.",1557376,OTC
EDTK,Skillful Craftsman Education Technology Ltd,1782309,Nasdaq
NXTT,Next Technology Holding Inc.,1784970,Nasdaq
SKKY,"Skkynet Cloud Systems, Inc.",1546853,OTC
NMEX,NORTHERN MINERALS & EXPLORATION LTD.,1415744,OTC
AUIAF,AURANIA RESOURCES LTD.,1568183,OTC
NRIS,"Norris Industries, Inc.",1603793,OTC
LBGJ,Li Bang International Corp Inc.,1896425,Nasdaq
JF,Pintec Technology Holdings Ltd,1716338,Nasdaq
ELECF,Electric Royalties Ltd.,1817083,OTC
UEEC,"United Health Products, Inc.",1096938,OTC
AHNRF,ATHENA GOLD CORP,1304409,OTC
TRIB,TRINITY BIOTECH PLC,888721,Nasdaq
VSEE,"VSEE HEALTH, INC.",1864531,Nasdaq
APCX,AppTech Payments Corp.,1070050,OTC
PBMLF,Pacific Booker Minerals Inc.,1319150,OTC
ELSE,ELECTRO SENSORS INC,351789,Nasdaq
SWVL,Swvl Holdings Corp,1875609,Nasdaq
TRBMF,TORQ RESOURCES INC.,1406944,OTC
CETX,CEMTREX INC,1435064,Nasdaq
TOMZ,"TOMI Environmental Solutions, Inc.",314227,Nasdaq
UUUFF,Recharge Resources Ltd.,2056751,OTC
NEWH,"NewHydrogen, Inc.",1371128,OTC
AMS,AMERICAN SHARED HOSPITAL SERVICES,744825,NYSE
CASI,"CASI Pharmaceuticals, Inc.",1962738,Nasdaq
NOTV,"Inotiv, Inc.",720154,Nasdaq
GTBP,"GT Biopharma, Inc.",109657,Nasdaq
CGDXF,XALI GOLD CORP.,1479480,OTC
CIIT,"Tianci International, Inc.",1557798,Nasdaq
TOPP,Toppoint Holdings Inc.,1960847,NYSE
OSRH,"OSR Holdings, Inc.",1840425,Nasdaq
SEGG,Sports Entertainment Gaming Global Corp,1673481,Nasdaq
MTEX,MANNATECH INC,1056358,Nasdaq
AQMS,"Aqua Metals, Inc.",1621832,Nasdaq
RBOT,Vicarious Surgical Inc.,1812173,NYSE
LNKS,Linkers Industries Ltd,1972074,Nasdaq
PN,Skycorp Solar Group Ltd,2001288,Nasdaq
JL,J-Long Group Ltd,1948436,Nasdaq
BRLS,Borealis Foods Inc.,1852973,Nasdaq
HLRTF,Hillcrest Energy Technologies Ltd.,1418149,OTC
BLRX,BioLineRx Ltd.,1498403,Nasdaq
DLXY,Delixy Holdings Ltd,2025218,Nasdaq
CYN,Cyngn Inc.,1874097,Nasdaq
QYOUF,QYOU Media Inc.,1650287,OTC
PCSV,"PCS Edventures!, Inc.",1122020,OTC
GDTC,CytoMed Therapeutics Ltd,1873093,Nasdaq
LASE,Laser Photonics Corp,1807887,Nasdaq
COCH,"Envoy Medical, Inc.",1840877,Nasdaq
GWTI,"GREENWAY TECHNOLOGIES, INC. & SUBSIDIARIES",1572386,OTC
LILIF,Argentina Lithium & Energy Corp.,1689448,OTC
SUGP,SU Group Holdings Ltd,1969863,Nasdaq
FRECF,Frequency Exchange Corp.,1816133,OTC
TJGC,TJGC GROUP Ltd,1969928,Nasdaq
CABR,"Caring Brands, Inc.",2020737,Nasdaq
NIXX,"Nixxy, Inc.",1462223,Nasdaq
ALLR,"Allarity Therapeutics, Inc.",1860657,Nasdaq
CVKD,"Cadrenal Therapeutics, Inc.",1937993,Nasdaq
TAOP,Taoping Inc.,1552670,Nasdaq
CRIS,CURIS INC,1108205,Nasdaq
CFOO,China Foods Holdings Ltd.,1310630,OTC
LPSIF,LEGEND POWER SYSTEMS INC.,1472466,OTC
PLRZ,Polyrizon Ltd.,1893645,Nasdaq
COCP,"Cocrystal Pharma, Inc.",1412486,Nasdaq
MSW,Ming Shing Group Holdings Ltd,1956166,Nasdaq
UECXF,Urano Energy Corp.,1834607,OTC
VCIG,VCI Global Ltd,1930510,Nasdaq
BCAB,"BioAtla, Inc.",1826892,Nasdaq
WETO,Webus International Ltd.,1941158,Nasdaq
ALUR,"ALLURION TECHNOLOGIES, INC.",1964979,NYSE
LESL,"Leslie's, Inc.",1821806,Nasdaq
VRME,"VerifyMe, Inc.",1104038,Nasdaq
ENGS,Energys Group Ltd,1971828,Nasdaq
MBRX,"Moleculin Biotech, Inc.",1659617,Nasdaq
MTEK,Maris Tech Ltd.,1872964,Nasdaq
SEED,Origin Agritech LTD,1321851,Nasdaq
SABOF,Sabio Holdings Inc.,1896752,OTC
CLRB,"Cellectar Biosciences, Inc.",1279704,Nasdaq
TKLF,"Tokyo Lifestyle Co., Ltd.",1836242,Nasdaq
BCDA,"BioCardia, Inc.",925741,Nasdaq
CVR,CHICAGO RIVET & MACHINE CO,19871,NYSE
LEDS,SemiLEDs Corp,1333822,Nasdaq
RMSL,RemSleep Holdings Inc.,1412126,OTC
AIMD,"Ainos, Inc.",1014763,Nasdaq
RAY,Raytech Holding Ltd,1948443,Nasdaq
KAPA,"Kairos Pharma, LTD.",1962011,NYSE
SMSI,"SMITH MICRO SOFTWARE, INC.",948708,Nasdaq
WVVI,WILLAMETTE VALLEY VINEYARDS INC,838875,Nasdaq
MRAI,"Marpai, Inc.",1844392,OTC
GTIM,Good Times Restaurants Inc.,825324,Nasdaq
ELOG,Eastern International Ltd.,2013320,Nasdaq
VCGMF,Visionary Copper & Gold Mines Inc.,1650196,OTC
PBSV,"Pharma-Bio Serv, Inc.",1304161,OTC
MMCP,"Mag Mile Capital, Inc.",1879293,OTC
RVSN,Rail Vision Ltd.,1743905,Nasdaq
IZM,ICZOOM Group Inc.,1854572,Nasdaq
REBN,"Reborn Coffee, Inc.",1707910,Nasdaq
WLFFF,Wolfden Resources Corp,1544883,OTC
QMCI,QUOTEMEDIA INC,1101433,OTC
AITX,Artificial Intelligence Technology Solutions Inc.,1498148,OTC
AMLM,"AMERICAN LITHIUM MINERALS, INC.",1356371,OTC
NCEL,NewcelX Ltd.,1783036,Nasdaq
APYP,"APPYEA, INC",1568969,OTC
BRN,BARNWELL INDUSTRIES INC,10048,NYSE
ADTI,"Adapti, Inc.",1420924,OTC
HOTH,"Hoth Therapeutics, Inc.",1711786,Nasdaq
GXAI,GAXOS.AI INC.,1895618,Nasdaq
MDRR,"Medalist Diversified REIT, Inc.",1654595,Nasdaq
BRGX,"BIOREGENX, INC.",1593184,OTC
SFHG,SAMFINE CREATION HOLDINGS GROUP Ltd,1926792,Nasdaq
DXST,Decent Holding Inc.,1958133,Nasdaq
CLIK,Click Holdings Ltd.,2020027,Nasdaq
SUND,"Sundance Strategies, Inc.",1171838,OTC
IVDN,INNOVATIVE DESIGNS INC,1190370,OTC
TWOH,Two Hands Corp,1494413,OTC
FEBO,Fenbo Holdings Ltd,1957001,Nasdaq
SAIH,SAIHEAT Ltd,1847075,Nasdaq
KALA,"KALA BIO, Inc.",1479419,Nasdaq
MWG,Multi Ways Holdings Ltd,1941500,NYSE
RBNE,Robin Energy Ltd.,2039060,Nasdaq
BGAVF,Bravada Gold Corp,1500620,OTC
XAIR,"Beyond Air, Inc.",1641631,Nasdaq
MBAI,Check-Cap Ltd,1610590,Nasdaq
PDC,Perpetuals.com Ltd,1944399,Nasdaq
FXBY,FOXBY CORP.,1068897,OTC
ALDS,APPlife Digital Solutions Inc,1755101,OTC
ARTW,ARTS WAY MANUFACTURING CO INC,7623,Nasdaq
KNDYF,KENADYR METALS CORP,1703292,OTC
BTCT,BTC Digital Ltd.,1796514,Nasdaq
JZ,Jianzhi Education Technology Group Co Ltd,1852440,Nasdaq
SOPA,SOCIETY PASS INCORPORATED.,1817511,Nasdaq
URZEF,URZ3 ENERGY CORP.,1398713,OTC
IMIMF,Interra Copper Corp.,1866146,OTC
STTDF,Standard Uranium Ltd.,1815128,OTC
BMGL,Basel Medical Group Ltd,2004489,Nasdaq
TPST,"Tempest Therapeutics, Inc.",1544227,Nasdaq
HCAI,"Huachen AI Parking Management Technology Holding Co., Ltd",1958399,Nasdaq
DKI,DarkIris Inc.,2058584,Nasdaq
TMDE,TMD Energy Ltd,2009714,NYSE
CENN,Cenntro Inc.,1707919,Nasdaq
CRVW,CareView Communications Inc,1377149,OTC
SOS,SOS Ltd,1346610,NYSE
ENDMF,Enduro Metals Corp.,1524326,OTC
EDUC,EDUCATIONAL DEVELOPMENT CORP,31667,Nasdaq
QNRX,"Quoin Pharmaceuticals, Ltd.",1671502,Nasdaq
FTRK,Fast Track Group,2027262,Nasdaq
FBGL,FBS Global Ltd,1938534,Nasdaq
IHT,INNSUITES HOSPITALITY TRUST,82473,NYSE
YYGH,YY Group Holding Ltd.,1985337,Nasdaq
PLCKF,Plurilock Security Inc.,1848782,OTC
SNGX,"SOLIGENIX, INC.",812796,Nasdaq
LTUM,Lithium Corp,1415332,OTC
BNET,BION ENVIRONMENTAL TECHNOLOGIES INC,875729,OTC
RLBY,RELIABILITY INC,34285,OTC
SINT,"Sintx Technologies, Inc.",1269026,Nasdaq
BNGO,"Bionano Genomics, Inc.",1411690,Nasdaq
PETZ,"TDH Holdings, Inc.",1684425,Nasdaq
LDDFF,"LIBERTY DEFENSE HOLDINGS, LTD.",1919776,OTC
SNSE,"Sensei Biotherapeutics, Inc.",1829802,Nasdaq
SNTW,Summit Networks Inc.,1619096,OTC
FGI,FGI Industries Ltd.,1864943,Nasdaq
IMNN,"Imunon, Inc.",749647,Nasdaq
SPHL,SPRINGVIEW HOLDINGS LTD,2002236,Nasdaq
EFOI,"ENERGY FOCUS, INC/DE",924168,Nasdaq
LGVN,Longeveron Inc.,1721484,Nasdaq
BOLT,"Bolt Biotherapeutics, Inc.",1641281,Nasdaq
PEXZF,PACIFIC RIDGE EXPLORATION LTD,1254435,OTC
OCLN,"ORIGINCLEAR, INC.",1419793,OTC
BASA,"BASANITE, INC.",1448705,OTC
NIOMF,First American Uranium Inc.,1937453,OTC
GARWF,Golden Arrow Resources Corp,1403870,OTC
IQST,iQSTEL Inc,1527702,Nasdaq
PTLE,PTL Ltd,2016337,Nasdaq
CCHH,CCH Holdings Ltd,2074123,Nasdaq
FCCI,"FAST CASUAL CONCEPTS, INC.",1807689,OTC
EVTV,"Envirotech Vehicles, Inc.",1563568,Nasdaq
AIFF,"FIREFLY NEUROSCIENCE, INC.",803578,Nasdaq
PCMC,PUBLIC CO MANAGEMENT CORP,1141964,OTC
TLIH,Ten-League International Holdings Ltd,1982012,Nasdaq
VERTF,Vertiqal Studios Corp.,1178526,OTC
MRM,Medirom Healthcare Technologies Inc.,1819704,Nasdaq
ECTM,ECA Marcellus Trust I,1487798,OTC
SBDS,"Solo Brands, Inc.",1870600,NYSE
SDCH,"SideChannel, Inc.",1022505,OTC
LSBCF,"LakeShore Biopharma Co., Ltd.",1946399,OTC
LFWD,Lifeward Ltd.,1607962,Nasdaq
ZSPC,"zSpace, Inc.",1637147,Nasdaq
AGAE,Allied Gaming & Entertainment Inc.,1708341,Nasdaq
AWX,AVALON HOLDINGS CORP,1061069,NYSE
CPIVF,CAPTIVA VERDE WELLNESS CORP.,1712294,OTC
NXGL,"NEXGEL, INC.",1468929,Nasdaq
MCUJF,MEDICURE INC,1133519,OTC
HGYN,HONG YUAN HOLDING GROUP,1324759,OTC
STSBF,South Star Battery Metals Corp.,1307926,OTC
APVO,Aptevo Therapeutics Inc.,1671584,Nasdaq
INBP,INTEGRATED BIOPHARMA INC,1016504,OTC
MSGY,Masonglory Ltd,2020228,Nasdaq
MOJO,EQUATOR Beverage Co,1414953,OTC
CLGN,CollPlant Biotechnologies Ltd,1631487,Nasdaq
PMNT,Perfect Moment Ltd.,1849221,NYSE
INHD,INNO HOLDINGS INC.,1961847,Nasdaq
UUU,"UNIVERSAL SAFETY PRODUCTS, INC.",102109,NYSE
PHIO,Phio Pharmaceuticals Corp.,1533040,Nasdaq
XTLB,XTL BIOPHARMACEUTICALS LTD,1023549,Nasdaq
OST,"Ostin Technology Group Co., Ltd.",1803407,Nasdaq
GITS,"Global Interactive Technologies, Inc.",1911545,Nasdaq
OHCFF,Light AI Inc.,1735514,OTC
HGTXU,HUGOTON ROYALTY TRUST,862022,OTC
MNTS,Momentus Inc.,1781162,Nasdaq
SRGZ,Star Gold Corp.,1401835,OTC
PAVM,PAVmed Inc.,1624326,Nasdaq
KTEL,"KonaTel, Inc.",845819,OTC
EVGN,Evogene Ltd.,1574565,Nasdaq
SSM,Sono Group N.V.,1840416,Nasdaq
SVBL,"SILVER BULL RESOURCES, INC.",1031093,OTC
MVNC,Marvion Inc.,1439264,OTC
QURT,"Quarta-Rad, Inc.",1549631,OTC
WFF,WF Holding Ltd,1980210,Nasdaq
ARBB,ARB IOT Group Ltd,1930179,Nasdaq
USIC,Uncle's Ice Cream,1940366,OTC
GRDX,GridAI Technologies Corp.,1604191,Nasdaq
SNES,"SenesTech, Inc.",1680378,Nasdaq
IMG,CIMG Inc.,1527613,Nasdaq
ADXN,Addex Therapeutics Ltd.,1574232,Nasdaq
BFRI,Biofrontera Inc.,1858685,Nasdaq
YCBD,"cbdMD, Inc.",1644903,NYSE
BLMH,"BLUM HOLDINGS, INC.",1996210,OTC
GULTU,Gulf Coast Ultra Deep Royalty Trust,1565146,OTC
HWH,HWH International Inc.,1897245,Nasdaq
ITOC,iTonic Holdings Ltd,1970544,Nasdaq
XONI,"Xtreme One Entertainment, Inc.",2040753,OTC
NXL,"Nexalin Technology, Inc.",1527352,Nasdaq
CLWT,EURO TECH HOLDINGS CO LTD,1026662,Nasdaq
PAXH,PREAXIA HEALTH CARE PAYMENT SYSTEMS INC.,1350156,OTC
XELB,"XCel Brands, Inc.",1083220,Nasdaq
APMCF,MORIEN RESOURCES CORP.,1628935,OTC
HSCS,HeartSciences Inc.,1468492,Nasdaq
INTI,"Inhibitor Therapeutics, Inc.",1042418,OTC
ICU,SeaStar Medical Holding Corp,1831868,Nasdaq
MARPS,MARINE PETROLEUM TRUST,62362,Nasdaq
CMMB,Chemomab Therapeutics Ltd.,1534248,Nasdaq
GFAI,"Guardforce AI Co., Ltd.",1804469,Nasdaq
BRTX,"BioRestorative Therapies, Inc.",1505497,Nasdaq
REDRF,RED CANYON RESOURCES LTD.,1898404,OTC
ORESF,Orestone Mining Corp.,1481857,OTC
YHGJ,YUNHONG GREEN CTI LTD.,1042187,Nasdaq
EDSA,"Edesa Biotech, Inc.",1540159,Nasdaq
BLIN,"Bridgeline Digital, Inc.",1378590,Nasdaq
BRQL,DYNAMIC AEROSPACE SYSTEMS Corp,1854526,OTC
AGRZ,Agroz Inc.,2009233,Nasdaq
INLF,INLIF Ltd,1991592,Nasdaq
HAMRF,SILVER HAMMER MINING CORP,1868866,OTC
ACUT,Accustem Sciences Inc.,1850767,OTC
XHLD,"TEN Holdings, Inc.",2030954,Nasdaq
ALRTF,ALR Technologies SG Ltd.,1930419,OTC
AMST,Amesite Inc.,1807166,Nasdaq
HKPD,"Cellyan Biotechnology Co., Ltd",2007702,Nasdaq
CNFN,CFN Enterprises Inc.,1352952,OTC
IPST,"Heritage Distilling Holding Company, Inc.",1788230,Nasdaq
DSS,"DSS, INC.",771999,NYSE
GSUN,Golden Sun Technology Group Ltd.,1826376,Nasdaq
GPMTF,GPM Metals Inc.,1677084,OTC
PULM,"Pulmatrix, Inc.",1574235,Nasdaq
USAQ,"QHSLab, Inc.",856984,OTC
CALC,"CalciMedica, Inc.",1534133,Nasdaq
CUPR,Cuprina Holdings (Cayman) LTD,1995704,Nasdaq
SCKT,"SOCKET MOBILE, INC.",944075,Nasdaq
SRRE,SUNRISE REAL ESTATE GROUP INC,1083490,OTC
DAIC,"CID Holdco, Inc.",2033770,Nasdaq
DTSS,DATASEA INC.,1631282,Nasdaq
STKH,Steakholder Foods Ltd.,1828098,Nasdaq
SONM,"DNA X, Inc.",1178697,Nasdaq
CRCW,Crypto Co,1688126,OTC
FSTJ,First America Resources Corp,1525306,OTC
SRXH,"SRx Health Solutions, Inc.",1471727,NYSE
MTR,MESA ROYALTY TRUST/TX,313364,NYSE
GNLN,"Greenlane Holdings, Inc.",1743745,Nasdaq
RVYL,RYVYL Inc.,1419275,Nasdaq
TRRFF,TRIFECTA GOLD LTD,1713979,OTC
PRHI,"Presurance Holdings, Inc.",1502292,Nasdaq
GELS,Gelteq Ltd,1920092,Nasdaq
CEIN,"CAMBER ENERGY, INC.",1309082,OTC
FOFA,"FAMILY OFFICE OF AMERICA, INC.",1871181,OTC
AKTX,Akari Therapeutics Plc,1541157,Nasdaq
MYNZ,MAINZ BIOMED N.V.,1874252,Nasdaq
ELDCF,Electrum Discovery Corp.,1572236,OTC
TIRX,TIAN RUIXIANG HOLDINGS LTD,1782941,Nasdaq
FTFT,Future FinTech Group Inc.,1066923,Nasdaq
BMXI,BROOKMOUNT EXPLORATIONS INC,1122993,OTC
OXBR,OXBRIDGE RE HOLDINGS Ltd,1584831,Nasdaq
TULP,"LENDWAY, INC.",875355,Nasdaq
CXAI,CXApp Inc.,1820875,Nasdaq
APHP,American Picture House Corp,1771995,OTC
BIVI,BIOVIE INC.,1580149,Nasdaq
INEO,INNEOVA Holdings Ltd,1933951,Nasdaq
KRKR,36Kr Holdings Inc.,1779476,Nasdaq
BANL,CBL International Ltd,1914805,Nasdaq
CYCU,"Cycurion, Inc.",1868419,Nasdaq
EUEMF,European Energy Metals Corp.,1993599,OTC
FNFI,FIRST NILES FINANCIAL INC,1065823,OTC
HIGR,Hi-Great Group Holding Co,1807616,OTC
VIZNF,VISIONARY METALS CORP.,1704476,OTC
CVAT,"Cavitation Technologies, Inc.",1376793,OTC
BITTF,BITTERROOT RESOURCES LTD,1028357,OTC
GLGI,"GREYSTONE LOGISTICS, INC.",1088413,OTC
RNAZ,"Transcode Therapeutics, Inc.",1829635,Nasdaq
AAUGF,AERO ENERGY Ltd,1905688,OTC
NROM,NOBLE ROMANS INC,709005,OTC
PRSO,Peraso Inc.,890394,Nasdaq
BTCY,BIOTRICITY INC.,1630113,OTC
TGHL,GrowHub Ltd,2024114,Nasdaq
AGPU,Axe Compute Inc.,1446159,Nasdaq
NTCL,NetClass Technology Inc,1927578,Nasdaq
ETS,Elite Express Holding Inc.,2053641,Nasdaq
MKDW,MKDWELL Tech Inc.,1991332,Nasdaq
CURX,Curanex Pharmaceuticals Inc,2025942,Nasdaq
FLYYQ,"Spirit Aviation Holdings, Inc.",1498710,OTC
CJMB,CALLAN JMB INC.,2032545,Nasdaq
ZTSTF,ZTEST ELECTRONICS INC /FI,1047227,OTC
STME,Stimcell Energetics Inc.,1493712,OTC
PWDY,"POWERDYNE INTERNATIONAL, INC.",1435617,OTC
KPRX,KIORA PHARMACEUTICALS INC,1372514,Nasdaq
RTCJF,Baijiayun Group Ltd,1381074,OTC
SERPY,Top End Energy Ltd/ADR,2075349,OTC
CWD,CaliberCos Inc.,1627282,Nasdaq
BTBD,"BT Brands, Inc.",1718224,Nasdaq
TOVX,"Theriva Biologics, Inc.",894158,NYSE
LOBO,LOBO TECHNOLOGIES LTD.,1932072,Nasdaq
RLYGF,Riley Gold Corp.,1829538,OTC
DROR,"Dror Ortho-Design, Inc.",1282980,OTC
TBH,"Brag House Holdings, Inc.",1903595,Nasdaq
XTKG,"X3 Holdings Co., Ltd.",1754323,Nasdaq
MSN,EMERSON RADIO CORP,32621,NYSE
MYSE,"Myseum, Inc.",1648960,Nasdaq
CPCPF,CopperCorp Resources Inc.,1868050,OTC
NGTF,"NightFood Holdings, Inc.",1593001,OTC
QNCX,"Quince Therapeutics, Inc.",1662774,Nasdaq
WLDS,Wearable Devices Ltd.,1887673,Nasdaq
KIQSF,KELSO TECHNOLOGIES INC,1161814,OTC
CVSI,"CV Sciences, Inc.",1510964,OTC
LVRLF,CordovaCann Corp.,1168981,OTC
BBGI,BEASLEY BROADCAST GROUP INC,1099160,Nasdaq
WYGC,Wenyuan Group Corp.,723533,OTC
ITHR,"Intelithrive, Inc.",1919191,OTC
IOTR,iOThree Ltd,1997637,Nasdaq
ALZN,"Alzamend Neuro, Inc.",1677077,Nasdaq
NPRFF,Nepra Foods Inc.,1859022,OTC
AMZE,"AMAZE HOLDINGS, INC.",1880343,NYSE
WAFU,Wah Fu Education Group Ltd,1716770,Nasdaq
INBS,INTELLIGENT BIO SOLUTIONS INC.,1725430,Nasdaq
AMBO,Ambow Education Holding Ltd.,1494558,NYSE
XPON,Expion360 Inc.,1894954,Nasdaq
PMCB,"PharmaCyte Biotech, Inc.",1157075,Nasdaq
TGL,TREASURE GLOBAL INC,1905956,Nasdaq
ABTS,Abits Group Inc,1864055,Nasdaq
AITTF,TRENCHANT TECHNOLOGIES CAPITAL CORP.,1520556,OTC
TNON,"Tenon Medical, Inc.",1560293,Nasdaq
NZERF,New Zealand Energy Corp.,1509705,OTC
HLYK,HealthLynked Corp,1680139,OTC
MAGE,MAGELLAN COPPER & GOLD Corp,1515317,OTC
GURE,"GULF RESOURCES, INC.",885462,Nasdaq
YOTA,Yotta Acquisition Corp,1907730,
TURB,"Turbo Energy, S.A.",1963439,Nasdaq
JXG,JX Luxventure Group Inc.,1546383,Nasdaq
ZCMD,Zhongchao Inc.,1785566,Nasdaq
ELPW,Elong Power Holding Ltd.,2015691,Nasdaq
ARCI,Archimedes Tech SPAC Partners III Co.,2083910,
PIAC,PRINCETON CAPITAL CORP,845385,OTC
GPUSF,Alset Capital Inc.,1708160,OTC
BBBMF,Huntsman Exploration Inc.,1829809,OTC
YJ,Yunji Inc.,1759614,Nasdaq
SKYQ,Sky Quarry Inc.,1812447,Nasdaq
BABB,"BAB, INC.",1123596,OTC
YMAT,"J-Star Holding Co., Ltd.",1875016,Nasdaq
ASBP,"Aspire Biopharma Holdings, Inc.",1847345,Nasdaq
NTRX,"Entrex Carbon Market, Inc.",1363598,OTC
XERI,"XERIANT, INC.",1481504,OTC
MFON,MOBIVITY HOLDINGS CORP.,1447380,OTC
ONEI,OneMeta Inc.,1388295,OTC
IMRN,Immuron Ltd,1660046,Nasdaq
HTOO,Fusion Fuel Green PLC,1819794,Nasdaq
SCND,SCIENTIFIC INDUSTRIES INC,87802,OTC
TCRI,"TechCom, Inc.",1481443,OTC
LMRMF,Lomiko Metals Inc.,1588837,OTC
MKZR,"MacKenzie Realty Capital, Inc.",1550913,Nasdaq
CMGHF,CHAODA MODERN AGRICULTURE HOLDINGS LTD /FI,1169760,OTC
ATON,AlphaTON Capital Corp,1095435,Nasdaq
SYNX,Silynxcom Ltd.,1976443,NYSE
SYBX,"SYNLOGIC, INC.",1527599,OTC
GLNS,Golden Star Resource Corp.,1375348,OTC
NWTG,"Newton Golf Company, Inc.",1934245,Nasdaq
PMAX,Powell Max Ltd,2012096,Nasdaq
GPOX,"GPO Plus, Inc.",1673475,OTC
BMRA,BIOMERICA INC,73290,Nasdaq
SEAV,SEATech Ventures Corp.,1763660,OTC
JCTC,JEWETT CAMERON TRADING CO LTD,885307,Nasdaq
DXYN,DIXIE GROUP INC,29332,OTC
NVNO,enVVeno Medical Corp,1661053,Nasdaq
JTAI,Jet.AI Inc.,1861622,Nasdaq
MITQ,MOVING iMAGE TECHNOLOGIES INC.,1770236,NYSE
MMTRS,MILLS MUSIC TRUST,66496,OTC
GV,Visionary Holdings Inc.,1892274,Nasdaq
JYD,Jayud Global Logistics Ltd,1938186,Nasdaq
EWSB,"EWSB Bancorp, Inc. /MD/",2013792,OTC
BCUFF,Bell Copper Corp,1477201,OTC
NCRA,"NOCERA, INC.",1756180,Nasdaq
HYFM,"HYDROFARM HOLDINGS GROUP, INC.",1695295,Nasdaq
UCAR,U Power Ltd,1939780,Nasdaq
CRE,Cre8 Enterprise Ltd,2003977,Nasdaq
BKYI,BIO KEY INTERNATIONAL INC,1019034,Nasdaq
SOWG,Sow Good Inc.,1490161,Nasdaq
CELZ,"CREATIVE MEDICAL TECHNOLOGY HOLDINGS, INC.",1187953,Nasdaq
BETRF,BetterLife Pharma Inc.,1464165,OTC
HTCR,"HeartCore Enterprises, Inc.",1892322,Nasdaq
RMSG,Real Messenger Corp,1983324,Nasdaq
ATER,"Aterian, Inc.",1757715,Nasdaq
SKAS,"Saker Aviation Services, Inc.",1128281,OTC
APM,Aptorum Group Ltd,1734005,Nasdaq
BFRG,"BullFrog AI Holdings, Inc.",1829247,Nasdaq
EHGO,EShallGo Inc.,1879754,Nasdaq
OLB,"OLB GROUP, INC.",1314196,Nasdaq
LUDG,"LUDWIG ENTERPRISES, INC.",1960262,OTC
OLOX,OLENOX INDUSTRIES INC.,1023994,Nasdaq
CLNV,Clean Vision Corp,1391426,OTC
IPDN,"Professional Diversity Network, Inc.",1546296,Nasdaq
MIMI,Mint Inc Ltd,1998560,Nasdaq
TPET,Trio Petroleum Corp,1898766,NYSE
MSS,Maison Solutions Inc.,1892292,Nasdaq
CMHSF,COMPREHENSIVE HEALTHCARE SYSTEMS INC. (CANADA),1889352,OTC
FGHFF,FORTE GROUP HOLDINGS INC.,1754180,
GLE,Global Engine Group Holding Ltd,1908705,Nasdaq
AZI,Autozi Internet Technology (Global) Ltd.,1959726,Nasdaq
PPBT,PURPLE BIOTECH LTD.,1614744,Nasdaq
ORKT,ORANGEKLOUD TECHNOLOGY INC.,1979407,Nasdaq
TOGI,"TurnOnGreen, Inc.",1349706,OTC
MGRX,"MANGOCEUTICALS, INC.",1938046,Nasdaq
LUCY,Innovative Eyewear Inc,1808377,Nasdaq
CLDI,"Calidi Biotherapeutics, Inc.",1855485,NYSE
BCLI,BRAINSTORM CELL THERAPEUTICS INC.,1137883,OTC
BICX,BioCorRx Inc.,1443863,OTC
GLVT,GREENLIT VENTURES INC.,1693687,OTC
SPFX,"STANDARD PREMIUM FINANCE HOLDINGS, INC.",1807893,OTC
CLEV,Concrete Leveling Systems Inc,1414382,OTC
ESHSF,Eddy Smart Home Solutions Ltd.,1907622,OTC
ANY,Sphere 3D Corp.,1591956,Nasdaq
AVCRF,Avricore Health Inc.,1355736,OTC
AEHL,Antelope Enterprise Holdings Ltd,1470683,Nasdaq
ADMT,"ADM TRONICS UNLIMITED, INC.",849401,OTC
SSKN,"STRATA Skin Sciences, Inc.",1051514,Nasdaq
KLYG,"Kelyniam Global, Inc.",1372114,OTC
MTVA,MetaVia Inc.,1638287,Nasdaq
SVUHF,SRIVARU Holding Ltd,1973368,OTC
PHGE,BiomX Inc.,1739174,NYSE
ODYY,"Odyssey Health, Inc.",1626644,OTC
NCT,Intercont (Cayman) Ltd,2018529,Nasdaq
IMCC,IM Cannabis Corp.,1792030,Nasdaq
OFAL,OFA Group,2036307,Nasdaq
MFBI,"Monroe Federal Bancorp, Inc.",2024899,OTC
VIVS,"VivoSim Labs, INC.",1497253,Nasdaq
STAK,STAK Inc.,2002453,Nasdaq
TWG,Top Wealth Group Holding Ltd,1978057,Nasdaq
SBFM,Sunshine Biopharma Inc.,1402328,Nasdaq
TDIC,Dreamland Ltd,2041338,Nasdaq
TCRT,"Alaunos Therapeutics, Inc.",1107421,Nasdaq
FMFC,Kandal M Venture Ltd,2024656,Nasdaq
DRMA,"Dermata Therapeutics, Inc.",1853816,Nasdaq
AIEV,"Thunder Power Holdings, Inc.",1912582,OTC
NDRA,ENDRA Life Sciences Inc.,1681682,Nasdaq
GGLXF,GGL RESOURCES CORP.,800523,OTC
WAST,WASTE ENERGY CORP.,1515139,OTC
VYND,"Vynleads, Inc.",1745078,OTC
CHR,"Cheer Holding, Inc.",1738758,Nasdaq
SNTG,Sentage Holdings Inc.,1810467,Nasdaq
LCTC,"Lifeloc Technologies, Inc",1493137,OTC
MBIO,"MUSTANG BIO, INC.",1680048,Nasdaq
IFBD,"Infobird Co., Ltd",1815566,Nasdaq
BQ,Boqii Holding Ltd,1815021,NYSE
CNEY,CN ENERGY GROUP. INC.,1780785,Nasdaq
ADVB,Advanced Biomed Inc.,1941029,Nasdaq
SNRG,SusGlobal Energy Corp.,1652539,OTC
FLYE,"Fly-E Group, Inc.",1975940,Nasdaq
BVAXF,BioVaxys Technology Corp.,1882559,OTC
PURE,"PURE BIOSCIENCE, INC.",1006028,OTC
GBUX,"GIVBUX, INC.",1169138,OTC
STAI,ScanTech AI Systems Inc.,1994624,Nasdaq
TANH,TANTECH HOLDINGS LTD,1588084,Nasdaq
ACXP,"Acurx Pharmaceuticals, Inc.",1736243,Nasdaq
IPSI,"Innovative Payment Solutions, Inc.",1591913,OTC
AVPMF,AVRUPA MINERALS LTD.,1445467,OTC
WAI,Top KingWin Ltd,1938865,Nasdaq
KITT,"Nauticus Robotics, Inc.",1849820,Nasdaq
RIME,"Algorhythm Holdings, Inc.",923601,Nasdaq
WHLT,CHASE PACKAGING CORP,1025771,OTC
ABCFF,ABACUS MINING & EXPLORATION CORP,1284237,OTC
FCUV,FOCUS UNIVERSAL INC.,1590418,Nasdaq
HXHX,Haoxin Holdings Ltd,1936817,Nasdaq
RDHL,RedHill Biopharma Ltd.,1553846,Nasdaq
ASTC,ASTROTECH Corp,1001907,Nasdaq
LCFY,Locafy Ltd,1875547,Nasdaq
PGOL,PATRIOT GOLD CORP,1080448,OTC
CANF,Can-Fite BioPharma Ltd.,1536196,NYSE
GIBO,GIBO HOLDINGS Ltd,2034520,Nasdaq
PASW,"Ping An Biomedical Co., Ltd.",1897532,Nasdaq
PCSA,"Processa Pharmaceuticals, Inc.",1533743,Nasdaq
ELVG,"Elvictor Group, Inc.",1741489,OTC
PFSA,"Profusa, Inc.",1859807,Nasdaq
DQWS,DSwiss Inc,1652561,OTC
RHEP,"REGIONAL HEALTH PROPERTIES, INC",1004724,OTC
HUBC,Hub Cyber Security Ltd.,1905660,Nasdaq
MGAM,"Mobile Global Esports, Inc.",1886362,OTC
SXTP,"60 DEGREES PHARMACEUTICALS, INC.",1946563,Nasdaq
SKK,SKK Holdings Ltd,1991261,Nasdaq
VS,Versus Systems Inc.,1701963,Nasdaq
PUCCF,Carolina Rush Corp,1727428,OTC
ILAG,Intelligent Living Application Group Inc.,1814963,Nasdaq
KRTL,KRTL Holding Group Inc,1288614,OTC
LGCL,Lucas GC Ltd,1954694,Nasdaq
SLE,"Super League Enterprise, Inc.",1621672,Nasdaq
AIHS,Senmiao Technology Ltd,1711012,Nasdaq
XCRT,"Xcelerate, Inc.",1138586,OTC
NVSGF,Nevada Sunrise Metals Corp.,1415758,OTC
SNOA,"Sonoma Pharmaceuticals, Inc.",1367083,Nasdaq
PRSI,PORTSMOUTH SQUARE INC,79661,OTC
DTCK,DAVIS COMMODITIES Ltd,1949478,Nasdaq
EEIQ,EpicQuest Education Group International Ltd,1781397,Nasdaq
ZPHYF,ZEPHYR MINERALS LTD.,1613979,OTC
ULY,Urgent.ly Inc.,1603652,Nasdaq
KWIK,"KwikClick, Inc.",1884164,OTC
FUNI,"Hypha Labs, Inc.",1502966,OTC
STFS,Star Fashion Culture Holdings Ltd,2003061,Nasdaq
NISN,"Nisun International Enterprise Development Group Co., Ltd",1603993,Nasdaq
SLXN,Silexion Therapeutics Corp,2022416,Nasdaq
CPMV,Mosaic ImmunoEngineering Inc.,836564,OTC
IPW,iPower Inc.,1830072,Nasdaq
VEST,Loan Artificial Intelligence Corp.,1594968,
PUBC,Purebase Corp,1575858,OTC
ZICX,Zicix Corp,1465311,OTC
MASK,3 E Network Technology Group Ltd,1993097,Nasdaq
BGLC,BioNexus Gene Lab Corp,1737523,Nasdaq
CNRCF,Canter Resources Corp.,1996586,OTC
DCOY,"Salarius Pharmaceuticals, Inc.",1615219,Nasdaq
HCWC,HEALTHY CHOICE WELLNESS CORP.,1948864,NYSE
SOAR,"Volato Group, Inc.",1853070,NYSE
MHUAF,"Meihua International Medical Technologies Co., Ltd.",1835615,OTC
LMFA,"LM FUNDING AMERICA, INC.",1640384,Nasdaq
ZHDM,Ainnova Tech,1950209,OTC
CODX,"Co-Diagnostics, Inc.",1692415,OTC
EMBYF,Nexera Energy Inc.,1487615,OTC
BPPTU,BP PRUDHOE BAY ROYALTY TRUST,850033,
DSNY,DESTINY MEDIA TECHNOLOGIES INC,1099369,OTC
ZDPY,"Zoned Properties, Inc.",1279620,OTC
NCPL,Netcapital Inc.,1414767,Nasdaq
CRUCF,Colibri Resource Corp,1734427,OTC
CAPS,Capstone Holding Corp.,887151,Nasdaq
GP,GREENPOWER MOTOR Co INC.,1584547,Nasdaq
CETY,"Clean Energy Technologies, Inc.",1329606,Nasdaq
XBIO,"Xenetic Biosciences, Inc.",1534525,Nasdaq
FECOF,FEC Resources Inc.,849997,OTC
YDKG,Yueda Digital Holding,1413745,Nasdaq
ENZN,"ENZON PHARMACEUTICALS, INC.",727510,OTC
BYAH,"Park Ha Biological Technology Co., Ltd.",1986247,Nasdaq
CTTH,"CTT PHARMACEUTICAL HOLDINGS, INC.",1035422,OTC
TUTH,Standard Dental Labs Inc.,1178660,OTC
PHIL,PHI GROUP INC,704172,
SRCO,"SPARTA COMMERCIAL SERVICES, INC.",318299,OTC
NCI,Neo-Concept International Group Holdings Ltd,1916331,Nasdaq
FDXTF,FENDX TECHNOLOGIES INC.,1970125,OTC
HMBL,"HUMBL, INC.",1119190,OTC
APRE,"Aprea Therapeutics, Inc.",1781983,Nasdaq
CBIH,"Cannabis Bioscience International Holdings, Inc.",1411057,OTC
WTER,ALKALINE WATER Co INC,1532390,OTC
GOVX,"GeoVax Labs, Inc.",832489,Nasdaq
LXEH,Lixiang Education Holding Co. Ltd.,1814067,Nasdaq
KIDZ,"Classover Holdings, Inc.",2022308,Nasdaq
SSEBF,SILVER SPRUCE RESOURCES INC.,1771039,OTC
NVGLF,NV Gold Corp,1607807,OTC
HVGDF,HARVEST GOLD CORP,921968,OTC
LAZRQ,"Luminar Technologies, Inc./DE",1758057,OTC
EDHL,Everbright Digital Holding Ltd.,2024876,Nasdaq
CHNR,CHINA NATURAL RESOURCES INC,793628,Nasdaq
PAVS,Paranovus Entertainment Technology Ltd.,1751876,Nasdaq
JCSE,JE Cleantech Holdings Ltd,1905511,Nasdaq
MEGL,Magic Empire Global Ltd,1881472,Nasdaq
JWEL,Jowell Global Ltd.,1805594,Nasdaq
BZYR,BURZYNSKI RESEARCH INSTITUTE INC,724445,OTC
BIXT,"BIOXYTRAN, INC",1445815,OTC
BRWC,Birdie Win Corp,1873213,OTC
GHST,GHST World Inc.,1121795,OTC
AUMN,Golden Minerals Co,1011509,OTC
GEDC,"CalEthos, Inc.",1174891,OTC
SHPH,"Shuttle Pharmaceuticals Holdings, Inc.",1757499,Nasdaq
SDOT,Sadot Group Inc.,1701756,Nasdaq
XITO,"Xenous Holdings, Inc.",1651932,OTC
REVB,"REVELATION BIOSCIENCES, INC.",1810560,Nasdaq
VSTD,Vestand Inc.,1898604,Nasdaq
PNYG,Pony Group Inc.,1784058,OTC
BUDZ,"WEED, INC.",1393772,OTC
NCNA,NuCana plc,1709626,Nasdaq
HIHO,HIGHWAY HOLDINGS LTD,1026785,Nasdaq
SRKZF,SKY GOLD CORP.,1723455,OTC
CYCN,"Cyclerion Therapeutics, Inc.",1755237,Nasdaq
AIXN,"AiXin Life International, Inc.",835662,OTC
BTOG,BIT ORIGIN Ltd,1735556,Nasdaq
LBSR,LIBERTY STAR URANIUM & METALS CORP.,1172178,OTC
DEVS,DevvStream Corp.,1854480,Nasdaq
APTOF,Aptose Biosciences Inc.,882361,OTC
BNBX,BNB PLUS CORP.,744452,Nasdaq
CTNT,CHEETAH NET SUPPLY CHAIN SERVICE INC.,1951667,Nasdaq
AAMTF,Armada Mercantile Ltd,1327899,OTC
FATAQ,"Fat Brands, Inc",1705012,OTC
SILO,"Silo Pharma, Inc.",1514183,Nasdaq
BAOS,Baosheng Media Group Holdings Ltd,1811216,Nasdaq
INDP,"Indaptus Therapeutics, Inc.",1857044,Nasdaq
MIGI,Mawson Infrastructure Group Inc.,1218683,Nasdaq
POLA,"Polar Power, Inc.",1622345,Nasdaq
AIPG,AI Technology Group Inc.,1289047,OTC
THURF,Thunderstruck Resources Ltd.,1536811,OTC
FCHL,Fitness Champs Holdings Ltd,2023796,Nasdaq
VSBGF,VSBLTY GROUPE TECHNOLOGIES CORP.,1757207,OTC
ABP,"Abpro Holdings, Inc.",1893219,Nasdaq
ADMQ,"ADM ENDEAVORS, INC.",1588014,OTC
RKDA,"Arcadia Biosciences, Inc.",1469443,Nasdaq
ATXG,ADDENTAX GROUP CORP.,1650101,Nasdaq
IWSH,"Wright Investors Service Holdings, Inc.",1279715,OTC
MLEC,Moolec Science SA,1937737,Nasdaq
ICON,Icon Energy Corp,1995574,Nasdaq
DFSC,DEFSEC Technologies Inc.,1889823,Nasdaq
BIYA,Baiya International Group Inc.,1944712,Nasdaq
GLXG,Galaxy Payroll Group Ltd,1905920,Nasdaq
LINMF,Linear Minerals Corp,1066130,OTC
BIAF,"bioAffinity Technologies, Inc.",1712762,Nasdaq
ROYL,"Royale Energy, Inc.",1694617,OTC
FRSX,Foresight Autonomous Holdings Ltd.,1691221,Nasdaq
EGMCF,EMERGENT METALS CORP.,1199392,OTC
GLABF,Gemina Laboratories Ltd.,1940016,OTC
QWTR,"Quest Water Global, Inc.",1487091,OTC
CDTG,CDT Environmental Technology Investment Holdings Ltd,1793895,Nasdaq
WXM,WF International Ltd.,1979610,Nasdaq
GTII,"GLOBAL TECH INDUSTRIES GROUP, INC.",356590,OTC
TRUG,"TruGolf Holdings, Inc.",1857086,Nasdaq
UK,Ucommune International Ltd,1821424,Nasdaq
NYMXF,NYMOX PHARMACEUTICAL CORP,1018735,OTC
MTNB,"Matinas BioPharma Holdings, Inc.",1582554,NYSE
GBR,"New Concept Energy, Inc.",105744,NYSE
NCL,Northann Corp.,1923780,NYSE
GWAV,"Greenwave Technology Solutions, Inc.",1589149,Nasdaq
LIFD,LFTD PARTNERS INC.,1391135,OTC
AIM,AIM ImmunoTech Inc.,946644,NYSE
VYCO,VYCOR MEDICAL INC,1424768,OTC
KSEZ,Kinetic Seas Inc.,1945619,OTC
GLMD,Galmed Pharmaceuticals Ltd.,1595353,Nasdaq
SUNE,"SUNation Energy, Inc.",22701,Nasdaq
GNPX,"Genprex, Inc.",1595248,Nasdaq
ASNS,ACTELIS NETWORKS INC,1141284,Nasdaq
ADIL,"ADIAL PHARMACEUTICALS, INC.",1513525,Nasdaq
ITP,"IT TECH PACKAGING, INC.",1358190,NYSE
SPRC,SciSparc Ltd.,1611746,Nasdaq
GRI,"GRI Bio, Inc.",1824293,Nasdaq
TOFB,TOFUTTI BRANDS INC,730349,OTC
CYAN,CYANOTECH CORP,768408,OTC
GIPR,"GENERATION INCOME PROPERTIES, INC.",1651721,Nasdaq
HCWB,HCW Biologics Inc.,1828673,Nasdaq
AERA,AI Era Corp.,1605331,OTC
VISM,"VISIUM TECHNOLOGIES, INC.",1082733,OTC
TGNT,"Totaligent, Inc.",846377,OTC
TWAV,"TaoWeave, Inc.",746210,Nasdaq
GEGP,GOLD ENTERPRISE GROUP INC,1081188,OTC
SQFT,"Presidio Property Trust, Inc.",1080657,Nasdaq
CPHI,"CHINA PHARMA HOLDINGS, INC.",1106644,NYSE
TBLLF,Tombill Mines Ltd,1854257,OTC
SBLX,"StableX Technologies, Inc.",1086745,Nasdaq
TRCK,"Track Group, Inc.",1045942,OTC
IBG,Innovation Beverage Group Ltd,1924482,Nasdaq
AGMH,"AGM GROUP HOLDINGS, INC.",1705402,Nasdaq
ENVB,"Enveric Biosciences, Inc.",890821,Nasdaq
SETO,SETO HOLDINGS INC,794998,OTC
MEHA,Functional Brands Inc.,1837254,Nasdaq
RAKR,Rainmaker Worldwide Inc.,1872292,OTC
AQB,AQUABOUNTY TECHNOLOGIES INC,1603978,Nasdaq
LYRA,"Lyra Therapeutics, Inc.",1327273,Nasdaq
ISPC,iSpecimen Inc.,1558569,Nasdaq
DXF,Eason Technology Ltd,1499494,NYSE
BLIS,"NAPC Defense, Inc.",1703625,OTC
PBM,PSYENCE BIOMEDICAL LTD.,1985062,Nasdaq
BRQSF,"Borqs Technologies, Inc.",1650575,OTC
FEED,"ENvue Medical, Inc.",1326706,Nasdaq
VEEE,"Twin Vee PowerCats, Co.",1855509,Nasdaq
VTAK,"Catheter Precision, Inc.",1716621,NYSE
BGMS,"Bio Green Med Solution, Inc.",1130166,Nasdaq
SGLY,Singularity Future Technology Ltd.,1422892,Nasdaq
ALTX,ALTEX INDUSTRIES INC,775057,OTC
CNET,ZW Data Action Technologies Inc.,1376321,Nasdaq
HERZ,"Herzfeld Credit Income Fund, Inc",880406,Nasdaq
ONFO,"Onfolio Holdings, Inc",1825452,Nasdaq
GREH,Green Rain Energy Holdings Inc.,1084937,OTC
AIXI,Xiao-I Corp,1935172,Nasdaq
VSME,VS MEDIA Holdings Ltd,1951294,Nasdaq
OGEN,ORAGENICS INC,1174940,NYSE
SHFS,"SHF Holdings, Inc.",1854963,Nasdaq
CAPC,"CAPSTONE COMPANIES, INC.",814926,OTC
TRLEF,Trillion Energy International Inc.,1648636,OTC
ORGS,Orgenesis Inc.,1460602,OTC
ARTL,"ARTELO BIOSCIENCES, INC.",1621221,Nasdaq
VMAR,Vision Marine Technologies Inc.,1813783,Nasdaq
PTOP,Peer To Peer Network,1421981,OTC
SMTK,"SmartKem, Inc.",1817760,Nasdaq
PW,Power REIT,1532619,NYSE
XXII,"22nd Century Group, Inc.",1347858,Nasdaq
ERNA,Ernexa Therapeutics Inc.,748592,Nasdaq
NITO,"N2OFF, Inc.",1789192,Nasdaq
WBUY,WEBUY GLOBAL LTD,1946703,Nasdaq
ACON,"Aclarion, Inc.",1635077,Nasdaq
VRRCF,VR Resources Ltd.,1717695,OTC
CMCT,Creative Media & Community Trust Corp,908311,Nasdaq
PPCB,"Propanc Biopharma, Inc.",1517681,Nasdaq
JAGX,"Jaguar Health, Inc.",1585608,Nasdaq
XRTX,XORTX Therapeutics Inc.,1729214,Nasdaq
PAIYY,Aesthetic Medical International Holdings Group Ltd,1757143,OTC
MDLK,ModuLink Inc.,1611046,OTC
WCUFF,World Copper Ltd.,1902276,OTC
KCRD,"Kindcard, Inc.",1696025,OTC
WORX,SCWorx Corp.,1674227,Nasdaq
AMIX,"Autonomix Medical, Inc.",1617867,Nasdaq
UGRO,"urban-gro, Inc.",1706524,Nasdaq
MWAI,"MedWellAI, Inc.",1520118,OTC
CNSP,"CNS Pharmaceuticals, Inc.",1729427,Nasdaq
ATMH,"ALL THINGS MOBILE ANALYTIC, INC.",1484674,OTC
SCNI,Scinai Immunotherapeutics Ltd.,1611747,Nasdaq
IVDA,"Iveda Solutions, Inc.",1397183,Nasdaq
DOGP,"Dogecoin Cash, Inc.",1360442,OTC
INM,InMed Pharmaceuticals Inc.,1728328,Nasdaq
VIVK,"Vivakor, Inc.",1450704,OTC
VPER,VIPER NETWORKS INC,1133192,OTC
JFBR,Jeffs' Brands Ltd,1885408,Nasdaq
BABYF,Else Nutrition Holdings Inc.,1807936,OTC
SXTC,"China SXT Pharmaceuticals, Inc.",1723980,Nasdaq
CDT,CDT Equity Inc.,1896212,Nasdaq
BBLG,Bone Biologics Corp,1419554,Nasdaq
FTEL,Fitell Corp,1928581,Nasdaq
FUST,FUSE GROUP HOLDING INC.,1636051,OTC
MNDR,Mobile-health Network Solutions,1976695,Nasdaq
CLRI,"Cleartronic, Inc.",1362516,OTC
SGN,"Signing Day Sports, Inc.",1898474,NYSE
RETO,"ReTo Eco-Solutions, Inc.",1687277,Nasdaq
AUUD,AUDDIA INC.,1554818,Nasdaq
ATPC,Agape ATP Corp,1713210,Nasdaq
CRCE,"Circle Energy, Inc./NV",1911467,OTC
DRCT,"Direct Digital Holdings, Inc.",1880613,Nasdaq
JEM,707 Cayman Holdings Ltd.,2018222,Nasdaq
ALBT,Avalon GloboCare Corp.,1630212,Nasdaq
CDIO,"Cardio Diagnostics Holdings, Inc.",1870144,Nasdaq
BJDX,"Bluejay Diagnostics, Inc.",1704287,Nasdaq
CCTG,CCSC Technology International Holdings Ltd,1931717,Nasdaq
OVTZ,OCULUS INC.,1107280,OTC
XWEL,"XWELL, Inc.",1410428,Nasdaq
NUWE,"Nuwellis, Inc.",1506492,Nasdaq
NIMU,NON INVASIVE MONITORING SYSTEMS INC /FL/,720762,OTC
CPMD,"CANNAPHARMARX, INC.",1081938,OTC
PRFX,PRF Technologies Ltd.,1801834,Nasdaq
ZONE,"CleanCore Solutions, Inc.",1956741,NYSE
OCG,Oriental Culture Holding LTD,1776067,Nasdaq
RUBI,Rubico Inc.,1943421,Nasdaq
CISS,C3is Inc.,1951067,Nasdaq
LUVU,"Luvu Brands, Inc.",1374567,OTC
SNBH,SENTIENT BRANDS HOLDINGS INC.,1358633,
ETUGF,E2Gold Inc.,1877430,OTC
MYSZ,"My Size, Inc.",1211805,Nasdaq
UPC,Universe Pharmaceuticals INC,1809616,Nasdaq
MMEX,MMEX Resources Corp,1440799,OTC
AZTR,"Azitra, Inc.",1701478,NYSE
JZXN,"Jiuzi Holdings, Inc.",1816172,Nasdaq
PSYCF,Psyched Wellness Ltd.,1847706,OTC
AEMD,AETHLON MEDICAL INC,882291,Nasdaq
IMTE,Integrated Media Technology Ltd,1668438,Nasdaq
TIVC,"Tivic Health Systems, Inc.",1787740,Nasdaq
SKVI,"SKINVISIBLE, INC.",1085277,OTC
NVVE,Nuvve Holding Corp.,1836875,Nasdaq
VIIQ,VisitIQ Corp.,1470129,OTC
DPLS,"DarkPulse, Inc.",866439,OTC
ELAB,PMGC Holdings Inc.,1840563,Nasdaq
GVH,Globavend Holdings Ltd,1978527,Nasdaq
XYLB,"XY Labs, Inc.",1577351,OTC
PKTX,"ProtoKinetix, Inc.",1128189,OTC
MTEN,Mingteng International Corp Inc.,1948099,Nasdaq
AKAN,AKANDA CORP.,1888014,Nasdaq
FWFW,"FLYWHEEL ADVANCED TECHNOLOGY, INC.",1492617,OTC
CMND,Clearmind Medicine Inc.,1892500,Nasdaq
FRGT,"Freight Technologies, Inc.",1687542,Nasdaq
SENR,"Strategic Environmental & Energy Resources, Inc.",1576197,OTC
AGSS,"AMERIGUARD SECURITY SERVICES, INC.",1514443,OTC
YBGJ,Yubo International Biotech Ltd,895464,OTC
AYRWF,Ayr Wellness Inc.,1847462,OTC
VSA,VisionSys AI Inc,1592560,Nasdaq
FGL,Founder Group Ltd,1989930,Nasdaq
TRNR,"Interactive Strength, Inc.",1785056,Nasdaq
BNRG,Brenmiller Energy Ltd.,1901215,Nasdaq
GTCH,GBT Technologies Inc.,1471781,OTC
EDBL,Edible Garden AG Inc,1809750,Nasdaq
VPRB,"VPR Brands, LP.",1376231,OTC
ROIUF,Route1 Inc.,1736289,OTC
ONCO,"Onconetix, Inc.",1782107,Nasdaq
GRHI,"GOLD ROCK HOLDINGS, INC.",894501,OTC
BSPK,"Bespoke Extracts, Inc.",1409197,OTC
WOK,WORK Medical Technology Group LTD,1929783,Nasdaq
WHLR,"Wheeler Real Estate Investment Trust, Inc.",1527541,Nasdaq
MNTR,"Mentor Capital, Inc.",1599117,OTC
NRRWF,Nuran Wireless Inc.,1680637,OTC
EZRA,"Reliance Global Group, Inc.",1812727,Nasdaq
NBBI,"BMP AI Technologies, Inc.",1130781,
TWNPQ,Twin Hospitality Group Inc.,2011954,OTC
MITI,"Mitesco, Inc.",802257,OTC
SBEV,"SPLASH BEVERAGE GROUP, INC.",1553788,NYSE
VRAX,Virax Biolabs Group Ltd,1885827,Nasdaq
AGTX,Agentix Corp.,1603345,OTC
ENSC,"Ensysce Biosciences, Inc.",1716947,Nasdaq
AHRO,"Authentic Holdings, Inc.",1338929,OTC
GRTX,"Galera Therapeutics, Inc.",1563577,OTC
HCTI,"Healthcare Triangle, Inc.",1839285,Nasdaq
DEFG,Grayscale Decentralized Finance (DeFi) Fund LLC,1874907,OTC
SOBR,"SOBR Safe, Inc.",1425627,Nasdaq
BRVO,Bravo Multinational Inc.,1444839,OTC
GCTK,"Glucotrack, Inc.",1506983,Nasdaq
BOXL,Boxlight Corp,1624512,Nasdaq
BRYGF,Terra Rossa Gold Ltd.,1861479,OTC
INKW,"Greene Concepts, Inc",1585380,OTC
LQWC,LIFEQUEST WORLD CORP.,1060888,OTC
OMQS,OMNIQ Corp.,278165,OTC
GTLL,GLOBAL TECHNOLOGIES LTD,932021,OTC
CBMJ,"CONSERVATIVE BROADCAST MEDIA & PUBLISHING, INC.",1452583,OTC
PTCO,PetroGas Co,1609258,OTC
IPTNF,IMPACT ANALYTICS INC.,1680513,OTC
ADNH,"ADVENT TECHNOLOGIES HOLDINGS, INC.",1744494,OTC
PREM,Premier Air Charter Holdings Inc.,1570937,OTC
CMLS,CUMULUS MEDIA INC,1058623,OTC
SPTY,"SPECIFICITY, INC.",1840102,OTC
ZVSA,"ZyVersa Therapeutics, Inc.",1859007,OTC
GRNL,GREENLITE VENTURES INC,1282571,OTC
PTOS,"P2 Solar, Inc.",1172069,OTC
ISCO,International Stem Cell CORP,1355790,OTC
ESMC,ESCALON MEDICAL CORP,862668,OTC
FFLO,"Free Flow USA, Inc.",1543652,OTC
MSTH,Mystic Holdings Inc./NV,1790320,
NUMD,"Nu-Med Plus, Inc.",1543637,OTC
BDCC,Blackwell 3D Construction Corp.,1495648,OTC
UOKA,MDJM LTD,1741534,Nasdaq
RENX,RenX Enterprises Corp.,1959023,Nasdaq
QIND,Quality Industrial Corp.,1393781,OTC
WTO,UTime Ltd,1789299,Nasdaq
SIGY,"Sigyn Therapeutics, Inc.",1642159,OTC
ENRT,Enertopia Corp.,1346022,OTC
OWPC,"One World Products, Inc.",1622244,OTC
LBUY,"LEAFBUYER TECHNOLOGIES, INC.",1643721,OTC
ASFT,"Appsoft Technologies, Inc.",1651992,OTC
DGTEF,Eat & Beyond Global Holdings Inc.,1978151,OTC
ADTX,"Aditxt, Inc.",1726711,Nasdaq
LIPO,LIPELLA PHARMACEUTICALS INC.,1347242,OTC
EVFM,"Evofem Biosciences, Inc.",1618835,OTC
NINEQ,"Nine Energy Service, Inc.",1532286,OTC
KUST,"DIGITAL ALLY, INC.",1342958,Nasdaq
PITEF,Heramba Electric plc,1995194,OTC
OVATF,OVATION SCIENCE INC.,1751058,OTC
ARBK,Argo Blockchain Plc,1841675,Nasdaq
VYST,Vystar Corp,1308027,OTC
FMHS,"FARMHOUSE, INC. /NV",1811999,OTC
VHAI,Vocodia Holdings Corp,1880431,OTC
MTLK,METALINK LTD,1098462,OTC
BSLK,"Bolt Projects Holdings, Inc.",1841125,OTC
VIVC,VIVIC CORP.,1703073,OTC
ONAR,Onar Holding Corp,1682265,OTC
BDRX,Biodexa Pharmaceuticals Plc,1643918,Nasdaq
LNTO,LELANTOS HOLDINGS INC.,2006925,OTC
DREM,Dream Homes & Development Corp.,1518336,OTC
BMTM,"Bright Mountain Media, Inc.",1568385,OTC
OZSC,"OZOP ENERGY SOLUTIONS, INC.",1679817,OTC
GTIJF,GRAPHJET TECHNOLOGY,1879373,OTC
NIVF,NewGenIvf Group Ltd,1981662,Nasdaq
EMMA,"Emmaus Life Sciences, Inc.",822370,OTC
DCX,Digital Currency X Technology Inc.,1957413,Nasdaq
CERO,"CERO THERAPEUTICS HOLDINGS, INC.",1870404,OTC
SYRA,Syra Health Corp,1922335,OTC
AREB,AMERICAN REBEL HOLDINGS INC,1648087,Nasdaq
OILCF,Permex Petroleum Corp,1922639,
CBDY,Target Group Inc.,1586554,OTC
RAYA,Erayak Power Solution Group Inc.,1825875,Nasdaq
FHLD,"Awareness Group, Inc.",1386044,
GMER,"GOOD GAMING, INC.",1454742,OTC
CONC,CONECTISYS CORP,790273,OTC
BBLR,Bubblr Inc.,1873722,OTC
CMRF,"CIM REAL ESTATE FINANCE TRUST, INC.",1498547,OTC
CETI,"Cyber Enviro-Tech, Inc.",1935092,OTC
LITSF,LITHOS GROUP LTD.,1978165,OTC
TESI,Titan Environmental Solutions Inc.,1514056,
EEGI,"Eline Entertainment Group, Inc.",1043150,OTC
ZYXIQ,ZYNEX INC,846475,OTC
LRHC,La Rosa Holdings Corp.,1879403,Nasdaq
NULGF,NuLegacy Gold Corp,1502758,OTC
QH,QUHUO Ltd,1781193,Nasdaq
MRPT,MACREPORT NET INC,1143994,OTC
AKOM,AKOM Inc.,2103785,OTC
KXIN,Kaixin Holdings,1713539,Nasdaq
ARRT,"Artisan Consumer Goods, Inc.",1530425,OTC
RMESF,"RED METAL RESOURCES, LTD.",1358654,OTC
DBMM,"Digital Brand Media & Marketing Group, Inc.",1127475,OTC
GNTOF,GENTOR RESOURCES INC.,1346917,OTC
PTIX,"Protagenic Therapeutics, Inc.\new",1022899,OTC
CLDVF,Cloud3 Ventures Inc.,1971260,OTC
DTII,DEFENSE TECHNOLOGIES INTERNATIONAL CORP.,1533357,OTC
ILUS,Ilustrato Pictures International Inc.,1496383,OTC
MCOM,micromobility.com Inc.,1788841,OTC
SKFG,"Stark Focus Group, Inc.",1794942,OTC
SPEV,SHOREPOWER TECHNOLOGIES INC.,764630,OTC
MDCE,Medical Care Technologies Inc.,1404593,OTC
HSTA,Hestia Insight Inc.,1813603,OTC
PRPH,"ProPhase Labs, Inc.",868278,OTC
ITOX,"IIOT-OXYS, Inc.",1290658,OTC
CCCP,Crona Corp.,1696411,
AIBT,"AIBOTICS, INC.",1763329,OTC
LILMF,Lilium N.V.,1855756,OTC
QPRC,QUEST PATENT RESEARCH CORP,824416,OTC
NFSN,"Nongfu Shop Digital New Retail Co., Ltd",1284454,OTC
QSJC,"TANCHENG GROUP CO., LTD.",1753391,OTC
TMGI,"Marquie Group, Inc.",1434601,OTC
LGHL,Lion Group Holding Ltd,1806524,Nasdaq
ENFY,Enlightify Inc.,857949,OTC
FRZT,"Freeze Tag, Inc.",1485074,OTC
GRVE,GROOVE BOTANICALS INC.,918573,OTC
NGCG,"New Generation Consumer Group, Inc.",1061040,OTC
LGMK,"LogicMark, Inc.",1566826,OTC
PRTX,Parataxis Holdings Inc.,2079180,
HWKE,"Hawkeye Systems, Inc.",1750777,OTC
SATT,SATIVUS TECH CORP.,1661600,OTC
CYTOF,Altamira Therapeutics Ltd.,1601936,OTC
PAPA,Papa Medical Inc.,2024283,
TLSS,"Transportation & Logistics Systems, Inc.",1463208,OTC
TPICQ,"TPI COMPOSITES, INC",1455684,OTC
CLOW,"Cloudweb, Inc.",1619227,OTC
EPWK,EPWK Holdings Ltd.,1900720,
NSTM,NovelStem International Corp.,912544,OTC
GMPW,GIVEMEPOWER CORP,1064722,OTC
FGNV,FORGE INNOVATION DEVELOPMENT CORP.,1687919,OTC
ZAPPF,Zapp Electric Vehicles Group Ltd,1955104,OTC
MSPR,"MSP Recovery, Inc.",1802450,OTC
RMTG,Regenerative Medical Technology Group Inc.,1760026,OTC
CUEN,Cuentas Inc.,1424657,OTC
ATXI,"AVENUE THERAPEUTICS, INC.",1644963,OTC
ASRE,"Astra Energy, Inc.",1231339,OTC
BPTH,"BIO-PATH HOLDINGS, INC.",1133818,OTC
GFMH,Goliath Film & Media Holdings,820771,OTC
XAGE,"Longevity Health Holdings, Inc.",1842939,OTC
GSAC,GELSTAT CORP,890725,OTC
FBCD,"FBC Holding, Inc.",1370816,OTC
CWPE,CW Petroleum Corp,1741220,OTC
RGBP,Regen BioPharma Inc,1589150,OTC
SBIG,"SpringBig Holdings, Inc.",1801602,OTC
IVPR,"INSPIRE VETERINARY PARTNERS, INC.",1939365,OTC
HWNI,"HIGH WIRE NETWORKS, INC.",1413891,OTC
ZCAR,"Zoomcar Holdings, Inc.",1854275,OTC
NIHK,"Video River Networks, Inc.",1084475,OTC
CBDL,CBD Life Sciences Inc.,1776073,OTC
WNLV,Winvest Group Ltd,1558740,OTC
NMHI,Nature's Miracle Holding Inc.,1947861,OTC
CRKN,Crown Electrokinetics Corp.,1761696,OTC
SLDC,"Solidus Communications, Inc.",1427644,OTC
CSUI,CANNABIS SUISSE CORP.,1680132,OTC
HEPA,"Hepion Pharmaceuticals, Inc.",1583771,OTC
STQN,STRATEGIC ACQUISITIONS INC /NV/,847942,OTC
SPOWF,Strata Power Corp,1227282,OTC
INTJ,Intelligent Group Ltd,1916416,Nasdaq
EDXC,Endexx Corp,1109486,OTC
VIRX,"Viracta Therapeutics, Inc.",1061027,
WOLV,Wolverine Resources Corp.,1424404,
GRPS,"Trans American Aquaculture, Inc",1990446,OTC
JFIL,"Jubilant Flame International, Ltd",1517389,OTC
ECPL,ECOPLUS INC,1356914,OTC
LNBY,Landbay Inc,1672572,OTC
REOS,ReoStar Energy CORP,1335288,OTC
GPLB,Green Planet Bio Engineering Co. Ltd.,1392449,OTC
WINT,WINDTREE THERAPEUTICS INC /DE/,946486,OTC
NNAX,New Momentum Corp.,1132509,OTC
PTPI,"Petros Pharmaceuticals, Inc.",1815903,OTC
OCEA,"Ocean Biomedical, Inc.",1869974,OTC
AOXY,ADVANCED OXYGEN TECHNOLOGIES INC,352991,OTC
CHMX,NEXT-ChemX Corporation.,1657045,
BACK,"IMAC Holdings, Inc.",1729944,OTC
ILST,INTERNATIONAL STAR INC,1100788,OTC
GRLF,GREEN LEAF INNOVATIONS INC,915661,
CBDW,1606 CORP.,1877461,OTC
BSAI,BLUSKY AI INC.,1416090,OTC
FYNN,Fyntechnical Innovations Inc,1497230,OTC
PLTYF,"Plastec Technologies, Ltd.",1433309,OTC
EZOO,Ezagoo Ltd,1752372,OTC
BDPT,"BIOADAPTIVES, INC.",1575142,OTC
SISI,"SHINECO, INC.",1300734,OTC
LEEN,"Leopard Energy, Inc.",1230524,OTC
OMTK,Omnitek Engineering Corp,1404804,OTC
LIVG,"Livento Group, Inc.",1593549,OTC
FMTOF,Femto Technologies Inc.,1888151,OTC
KAVL,"Kaival Brands Innovations Group, Inc.",1762239,OTC
MLRT,"Metalert, Inc.",1375793,
FOXO,FOXO TECHNOLOGIES INC.,1812360,OTC
CNBX,CNBX Pharmaceuticals Inc.,1343009,OTC
ADAC,American Drive Acquisition Co,2083002,Nasdaq
PNXP,PINEAPPLE EXPRESS CANNABIS Co,1710495,OTC
NRHI,"Natural Resource Holdings, Inc.",1680689,OTC
SVVC,"Firsthand Technology Value Fund, Inc.",1495584,OTC
FCHS,"First Choice Healthcare Solutions, Inc.",1416876,OTC
LEBGF,Legible Inc.,1935688,
HGAS,Global Gas Corp,1817232,OTC
CWNOF,CHINESEWORLDNET COM INC,1145898,OTC
ALDA,ATLANTICA INC,1062506,OTC
TOBAF,TAAT Global Alternatives Inc.,1823375,OTC
CIRX,CIRTRAN CORP,813716,OTC
NBND,NetBrands Corp.,1725911,OTC
IMTH,"AnTix Holdings, Inc.",1331612,OTC
IRME,"IR-Med, Inc.",1839133,OTC
LDTCF,LeddarTech Holdings Inc.,1981462,OTC
QTTOY,Qutoutiao Inc.,1733298,OTC
INND,"INNERSCOPE HEARING TECHNOLOGIES, INC.",1609139,OTC
GCAN,"Greater Cannabis Company, Inc.",1695473,OTC
VINC,"Vincerx Pharma, Inc.",1796129,
ATDS,"Data443 Risk Mitigation, Inc.",1068689,OTC
STEK,Stemtech Corp,1511820,OTC
SLTN,"SILVERTON ENERGY, INC.",1508786,OTC
GTIC,"Greentech Innovations, Inc.",1584480,OTC
BOTY,"LINGERIE FIGHTING CHAMPIONSHIPS, INC.",1407704,OTC
BSFC,Blue Star Foods Corp.,1730773,OTC
LADX,LadRx Corp,799698,
CGBSF,Crown LNG Holdings Ltd,1991946,
TLLTF,TILT Holdings Inc.,1761510,
BINI,"BOLLINGER INNOVATIONS, INC.",1499961,OTC
EMRH,EMERGING HOLDINGS INC,1300306,OTC
BRST,"Broad Street Realty, Inc.",764897,OTC
STBXF,Starbox Group Holdings Ltd.,1914818,OTC
NCNCF,noco-noco Inc.,1964021,
ONSS,ONASSIS HOLDINGS CORP.,1279740,
CAMG,"CAM GROUP, INC.",1419559,
ECDA,"ECD Automotive Design, Inc.",1922858,OTC
BLMZF,Harrison Global Holdings Inc.,1984014,OTC
YGMZF,MingZhu Logistics Holdings Ltd,1782037,OTC
NOVAQ,Sunnova Energy International Inc.,1772695,
WLGSF,"WANG & LEE GROUP, Inc.",1899658,OTC
NXUR,"Nxu, Inc.",1722969,
SONDQ,Sonder Holdings Inc.,1819395,OTC
STRG,"STARGUIDE GROUP, INC.",1803096,OTC
ALCE,"Alternus Clean Energy, Inc.",1883984,
OTRKQ,"Ontrak, Inc.",1136174,
KMCM,Titan Holdings Corp.,2107523,
CTBB,QWEST CORP,68622,NYSE
NRUC,NATIONAL RURAL UTILITIES COOPERATIVE FINANCE CORP /DC/,70502,NYSE
DYNTQ,DYNATRONICS CORP,720875,OTC
CHSCP,CHS INC,823277,Nasdaq
OSG,OCTAVE SPECIALTY GROUP INC,874501,NYSE
CITR,CitroTech Inc.,894556,NYSE
VBREY,Vibra Energia S.A./ADR,1000377,OTC
IVHI,"Invech Holdings, Inc.",1009919,OTC
TSM,TAIWAN SEMICONDUCTOR MANUFACTURING CO LTD,1046179,NYSE
MADL,MAN AHL DIVERSIFIED I LP,1052354,
NHFLF,NORTHFIELD CAPITAL CORP,1075822,OTC
XSIAX,VOYA CREDIT INCOME FUND,1124959,
AEBMY,ANADOLU EFES BIRACILIK VE MALT SANAYI A S/ADR,1174511,OTC
QVCD,QVC INC,1254699,NYSE
IPB,MERRILL LYNCH DEPOSITOR INC INDEXPLUS TRUST SERIES 2003-1,1267332,NYSE
KTN,STRUCTURED PRODUCTS CORP CRED ENHANCE CORTS TR FOR AON CAP A,1283337,NYSE
KTH,STRUCTURED PRODUCTS CORP CORTS TR FOR PECO ENERGY CAP TR III,1283464,NYSE
JBK,LEHMAN ABS CORP GOLDMAN SACHS CAP 1 SEC BACKED SER 2004-6,1284143,NYSE
GJH,STRATS SM TRUST FOR U S CELL CORP SEC SERIES 2004 6,1286405,NYSE
GEHDF,Great Eastern Holdings Ltd,1291313,OTC
PYT,PPLUS Trust Series GSC-2,1294808,NYSE
GJO,"STRATS SM TRUST FOR WAL-MART STORES, INC. SECURITIES, SERIES 2005-4",1340909,NYSE
GJP,"STRATS(SM) TRUST FOR DOMINION RESOURCES, INC. SECURITIES, SERIES 2005-6",1343491,NYSE
ELC,"ENTERGY LOUISIANA, LLC",1348952,NYSE
GJR,"STRATS(SM) Trust for Procter & Gamble Securities, Series 2006-1",1353226,NYSE
FXB,Invesco CurrencyShares British Pound Sterling Trust,1353611,NYSE
FXC,Invesco CurrencyShares Canadian Dollar Trust,1353612,NYSE
FXA,Invesco CurrencyShares Australian Dollar Trust,1353614,NYSE
FXF,Invesco CurrencyShares Swiss Franc Trust,1353615,NYSE
GJS,"STRATS(SM) Trust for Goldman Sachs Group Securities, Series 2006-2",1356284,NYSE
GJT,"STRATS(SM) Trust for Allstate Corp Securities, Series 2006-3",1357660,NYSE
UDN,INVESCO DB US DOLLAR INDEX BEARISH FUND,1383149,NYSE
UUP,Invesco DB US Dollar Index Bullish Fund,1383151,NYSE
UGA,"United States Gasoline Fund, LP",1396878,NYSE
OAK-PA,"Brookfield Oaktree Holdings, LLC",1403528,NYSE
UNL,"United States 12 Month Natural Gas Fund, LP",1405513,NYSE
USL,"United States 12 Month Oil Fund, LP",1405528,NYSE
MSLE,Satellos Bioscience Inc.,1421642,Nasdaq
ETI-P,"ENTERGY TEXAS, INC.",1427437,NYSE
SIVR,abrdn Silver ETF Trust,1450922,NYSE
SGOL,abrdn Gold ETF Trust,1450923,NYSE
OPITQ,OFFICE PROPERTIES INCOME TRUST,1456772,
PALL,abrdn Palladium ETF Trust,1459862,NYSE
PPLT,abrdn Platinum ETF Trust,1460235,NYSE
AIXC,"AIxCrypto Holdings, Inc.",1460702,Nasdaq
JTGEY,"Citibank,N.A./ADR",1472033,OTC
BNO,"United States Brent Oil Fund, LP",1472494,NYSE
USCI,United States Commodity Index Funds Trust,1479247,NYSE
GLTR,abrdn Precious Metals Basket ETF Trust,1483386,NYSE
WNHK,"Winning Catering Group, Inc.",1503658,OTC
PRBRY,PREMIUM BRANDS HOLDINGS Corp,1503812,OTC
MROSY,Melrose Industries Plc/ADR,1516535,OTC
DSRNY,DiaSorin SpA/ADR,1544088,OTC
SCRNY,"SCREEN Holdings Co., Ltd./ADR",1544379,OTC
OUNZ,VanEck Merk Gold ETF,1546652,NYSE
BUHPY,Bumrungrad Hospital Public Co Limited/ADR,1547870,OTC
BPRE,Bluerock Private Real Estate Fund,1551047,NYSE
CPPBY,Central Pattana Public Co Limited/ADR,1551468,OTC
NHPAP,"National Healthcare Properties, Inc.",1561032,Nasdaq
TFSA,"Terra Income Fund 6, LLC",1577134,NYSE
IPSAY,IPSOS/ADR,1582820,OTC
ODRS,"Outdoor Specialty Products, Inc.",1610718,OTC
GLDM,World Gold Trust,1618181,NYSE
DCFBS,"DCFC Holdings, LLC",1630745,OTC
CAST,"FreeCast, Inc.",1633369,OTC
ENTXW,Entera Bio Ltd.,1638097,
MTVE,"Motive Technologies, Inc.",1646681,
TPTA,"Terra Property Trust, Inc.",1674356,NYSE
ICR-PA,"InPoint Commercial Real Estate Income, Inc.",1690012,NYSE
BAR,GraniteShares Gold Trust,1690437,NYSE
PLTM,GraniteShares Platinum Trust,1690842,NYSE
OFRM,"Once Upon a Farm, PBC",1696556,NYSE
AIDG,"AIS Holdings Group, Inc.",1702015,OTC
OPTU,"Optimum Communications, Inc.",1702780,NYSE
FUU,F3 Uranium Corp.,1703118,
ETCG,Grayscale Ethereum Classic Trust (ETC),1705181,OTC
AAAU,Goldman Sachs Physical Gold ETF,1708646,CBOE
ZCSH,Grayscale Zcash Trust (ZEC),1720265,OTC
BITW,Bitwise 10 Crypto Index ETF,1723788,NYSE
ETHE,Grayscale Ethereum Staking ETF,1725210,NYSE
LBZZ,Lendbuzz Inc.,1736734,
HZEN,Grayscale Horizen Trust (ZEN),1748945,OTC
GOEVQ,Canoo Inc.,1750153,
EOHC,Edison Oncology Holding Corp,1753347,
PDSRX,Principal Real Asset Fund,1756404,
IAUM,iShares Gold Trust Micro,1759124,NYSE
GXLM,Grayscale Stellar Lumens Trust (XLM),1761325,OTC
BITB,Bitwise Bitcoin ETF,1763415,NYSE
OBTC,Osprey Bitcoin Trust,1767057,Nasdaq
PASTY,Plastic Omnium/ADR,1789135,OTC
SVIX,VS Trust,1793497,CBOE
ALEH,ALE Group Holding Ltd,1806905,
VCRDX,Harrison Street Infrastructure Income Fund,1812286,
WDSP,"World Scan Project, Inc.",1813744,OTC
SMERY,Siemens Energy AG/ADR,1830056,OTC
EMI,"Encore Medical, Inc.",1838003,
HODL,VanEck Bitcoin ETF,1838028,CBOE
BRRR,CoinShares Bitcoin ETF,1841175,Nasdaq
PICS,PicS N.V.,1841644,Nasdaq
OABIW,"OmniAb, Inc.",1846253,Nasdaq
BTCW,WisdomTree Bitcoin Fund,1850391,CBOE
MANA,Grayscale Decentraland Trust (MANA),1852023,OTC
GLIV,Grayscale Livepeer Trust (LPT),1852024,OTC
GLNK,Grayscale Chainlink Trust ETF,1852025,NYSE
GBAT,Grayscale Basic Attention Token Trust (BAT),1852040,OTC
FBTC,Fidelity Wise Origin Bitcoin Fund,1852317,CBOE
TSLVF,TIER ONE SILVER INC.,1852753,OTC
ORIB,Orion Bliss Corp.,1854183,OTC
BTCO,Invesco Galaxy Bitcoin ETF,1855781,CBOE
CBPHF,"Clover Biopharmaceuticals, Ltd.",1856491,OTC
ODOT,Osprey Polkadot Trust,1857629,OTC
FGDL,Franklin Templeton Holdings Trust,1858258,NYSE
NEXUF,Golden Independence Mining Corp.,1858400,OTC
ETHV,VanEck Ethereum ETF,1860788,CBOE
OSOL,Osprey Solana Trust,1868282,OTC
ARKB,Ark 21Shares Bitcoin ETF,1869699,CBOE
GLEI,Galaxy Enterprises Inc. /WY/,1871890,OTC
GACW,GACW Inc,1872421,OTC
XXC,XINXU COPPER INDUSTRY TECHNOLOGY Ltd,1875994,
TCRG,Cannaisseur Group Inc.,1879270,OTC
CLRS,Clear Street Group Inc.,1881567,
INNP,INNOCAN PHARMA Corp,1889791,
FRFAF,Fresh Factory B.C. Ltd.,1894942,OTC
EIIA,Eagle Point Institutional Income Fund,1896036,NYSE
GSOL,Grayscale Solana Staking ETF,1896677,NYSE
FNXMF,FINEX METALS LTD.,1898443,
ZRCN,ZRCN Inc.,1901297,
INAI,"Invea Therapeutics, Inc",1906425,
ISRLF,Israel Acquisitions Corp,1915328,OTC
OBNB,Osprey BNB Chain Trust,1916101,OTC
NBRG,Newbridge Acquisition Ltd,1918414,
MIMDF,MiMedia Holdings Inc.,1920576,OTC
PGIM,PGIM Private Credit Fund,1923622,
CGL,CGL Logistics Holdings Ltd,1934387,
MECPF,MUSTANG ENERGY CORP.,1945166,OTC
MGNC,Mag Magna Corp,1949864,OTC
TVCN,TV Channels Network Inc.,1952670,
CRGT,"Cortigent, Inc.",1958489,
CTWO,COTWO ADVISORS PHYSICAL EUROPEAN CARBON ALLOWANCE TRUST,1958928,NYSE
CREVF,Carbon Revolution Public Ltd Co,1960208,
RCWBY,Rockwool A/S/ADR,1969729,OTC
TDGGF,TDG Gold Corp.,1972589,OTC
NXNT,"Nexscient, Inc.",1976663,OTC
BRBF,BRB Foods Inc.,1976870,
USDW,MADE IN USA INC.,1977837,OTC
HWEP,"HW Electro Co., Ltd.",1980262,
IBIT,iShares Bitcoin Trust ETF,1980994,Nasdaq
RSHL,Rise Smart Group Holdings Ltd,1984192,
DEFI,Hashdex Commodities Trust,1985840,NYSE
NOPFF,Nevada Organic Phosphate Inc.,1991188,OTC
TMGX,Thoughtful Media Group Inc.,1991879,
ZDAN,Zerolimit Technology Holding Co. Ltd.,1992092,
TETH,21Shares Ethereum ETF,1992508,CBOE
EZBC,Franklin Templeton Digital Holdings Trust,1992870,CBOE
BORMF,Borealis Mining Co Ltd,1994238,OTC
QETH,Invesco Galaxy Ethereum ETF,1995569,CBOE
DMNT,"DMINT, Inc.",1996450,
FGXC,FG Merger III Corp.,1997389,
PRGY,IGTA Merger Sub Ltd,1997698,
INKS,Aimfinity Investment Merger Sub I,1997799,
INHI,Unitrend Entertainment Group Ltd,1997950,
LBRJ,"Libera Gaming Operations, Inc",1999119,
DTZNY,Dotz Nano Limited/ADR,1999474,OTC
FETH,Fidelity Ethereum Fund,2000046,CBOE
KPL,Kepler Group Ltd,2000208,
ETHA,iShares Ethereum Trust ETF,2000638,Nasdaq
KMYGY,"Kumyang Co., Ltd./ADR",2003770,OTC
SYNSY,Syensqo SA/ADR,2004340,OTC
FGO,FG Holdings Ltd,2004385,
HCYC,HCYC Holding Co,2006779,
AAS,Antharas Inc,2010218,
EZET,Franklin Ethereum Trust,2011535,CBOE
MOGMF,Mogotes Metals Inc.,2011589,OTC
ILPLF,Island Pharmaceuticals Ltd,2012855,OTC
VTEK,VISTEK LTD,2013100,
ETHW,Bitwise Ethereum ETF,2013744,NYSE
OMNI,OmnigenicsAI Corp,2013873,
BTC,Grayscale Bitcoin Mini Trust ETF,2015034,NYSE
MPJS,MPJS Group Ltd,2016864,
GVSE,Gameverse Interactive Corp,2017541,
AVG,ANEW HEALTH Ltd,2019042,
ATHNY,Athens International Airport SA/ADR,2019367,OTC
GDEL,Global Development Engineering Co Ltd,2020089,
EDVLY,Endeavour Group Limited/ADR,2020414,OTC
ETH,Grayscale Ethereum Staking Mini ETF,2020455,NYSE
AGMB,Agomab Therapeutics NV,2020932,Nasdaq
HMH,HMH Holding Inc,2021880,
CUPPF,Super Copper Corp.,2021989,OTC
MEDG,MEDI Group Ltd,2022097,
NRYCF,Nations Royalty Corp.,2022469,OTC
GYGLF,Guzman y Gomez Ltd,2023275,OTC
GFTTY,GFT Technologies SE/ADR,2023719,OTC
LPCHY,Lapco Holdings Limited/ADR,2023870,OTC
STCK,Grayscale Stacks Trust (STX),2024996,OTC
GSNR,Grayscale Near Trust (NEAR),2025000,OTC
MSTKY,MatsukiyoCocokara & Co./ADR,2025217,OTC
AIGO,AIGO HOLDING Ltd,2025255,
ITXP,"Independence Power Holdings, Inc.",2025878,OTC
NSNFY,"Nissin Foods Holdings Co., Ltd./ADR",2027166,OTC
OPTH,Optimi Health Corp.,2027329,
SGIHY,"Sugi Holdings Co., Ltd./ADR",2027330,OTC
TSOL,21Shares Solana ETF,2028834,CBOE
TOXR,21Shares XRP ETF,2028835,CBOE
GTAO,Grayscale Bittensor Trust (TAO),2029297,OTC
LRVIY,"Laboratorios Farmaceuticos Rovi, S.A./ADR",2029970,OTC
PMHMY,Perfect Medical Health Management Ltd./ADR,2030632,OTC
NCIQ,Hashdex Nasdaq CME Crypto Index ETF,2031069,Nasdaq
VROYF,Vizsla Royalties Corp.,2031760,OTC
UHL,UNITED HYDROGEN GLOBAL INC.,2032241,
GINT,Gifts International Holdings Ltd,2032274,
CYAB,"Trailblazer Holdings, Inc.",2032341,
MYCRY,Mycronic AB/ADR,2032399,OTC
SCTAY,Sectra AB/ADR,2032517,OTC
PDYTY,PT Dayamitra Telekomunikasi Tbk/ADR,2032887,OTC
KKSIY,Kokusai Electric Corporation/ADR,2033019,OTC
KBAT,KBAT Group Inc.,2033315,
BTAB,IWAC Holding Co Inc.,2033522,
MGNO,"Magnolia Bancorp, Inc.",2033615,OTC
SQEI,"Squirrel Enlivened International Co., Ltd",2033684,
GTSG,GATES GROUP Inc.,2033738,
EZPZ,Franklin Crypto Trust,2033807,CBOE
GSUI,Grayscale Sui Trust (SUI),2034012,OTC
DDHLY,Digital Domain Holdings Limited/ADR,2034300,OTC
PBRRY,PT Barito Renewables Energy Tbk/ADR,2034467,OTC
UHP,Ultra High Point Holdings Ltd,2034767,
AVAX,Grayscale Avalanche Trust (AVAX),2035053,
LHI,Living Homeopathy International Ltd.,2035313,
SBMW,"Security Midwest Bancorp, Inc.",2036060,OTC
NEOA,"Neo Aeronautics, Inc.",2036444,
GXRP,Grayscale XRP Trust ETF,2037427,NYSE
MDDTY,Mandatum Oyj/ADR,2038958,OTC
DAVI,DAVION HEALTHCARE PLC,2039072,
ELCG,ELC Group Holdings Ltd.,2039096,
JAGU,Jaguar Uranium Corp.,2039273,
XRP,Bitwise XRP ETF,2039525,NYSE
GLSA,Green Solar Energy Ltd,2040733,
TREO,Plum III Merger Corp.,2041208,
SOLC,Canary Marinade Solana ETF,2041869,Nasdaq
SMIP,"SPECTRAL IP, INC.",2042176,
KYTFY,Kyoto Financial Group Inc/ADR,2042187,OTC
OBNK,Osprey BONK Trust,2042444,OTC
SPGNY,Springer Nature AG & Co. KGaA/ADR,2042556,OTC
SIBO,SIBO HOLDING Ltd,2043392,
ARSTY,Ariston Holding N.V./ADR,2044984,OTC
PRNCF,Prince Silver Corp.,2045300,OTC
GHRTF,Greenheart Gold Inc.,2045434,OTC
IDTL,Idea Tech Holding Ltd,2045440,
BSOL,Bitwise Solana Staking ETF,2045872,NYSE
KOKO,KOKOBOTS GROUP,2045907,
ALEUY,ALLEGRO.EU SA/ADR,2046098,OTC
BTFT,Beta FinTech Holdings Ltd,2046216,
UPX,Uptrend Holdings Ltd,2046370,
OTSA,OTSAW Ltd,2046462,
RNBW,Rainbow Capital Holdings Ltd,2046919,
EMS,Leoch Energy Inc,2047036,
DTDT,DT House Ltd,2047713,
SPED,Speed Group Holdings Ltd,2047859,
SMFSY,"Sumitomo Forestry Co., Ltd./ADR",2048270,OTC
AOJE,AOJE INC.,2048803,
FCHDF,Fairchild Gold Corp.,2048847,OTC
BAO,BAO Holding Ltd.,2049184,
AMPM,AM PM Group Ltd,2049323,
STA,"Starton Holdings, Inc.",2049977,
CLBZ,Collab Z Inc.,2050338,
SUWA,Sharewow Ltd,2051146,
IRHO,Iron Horse Acquisition II Corp.,2051985,Nasdaq
PWRL,Powerlaw Corp.,2052053,
VCCG,V Capital Consulting Group Ltd,2052443,
YLY,Zi Yun Dong Fang Ltd,2053115,
PCPGY,PC Partner Group Ltd/ADR,2053411,OTC
TTEI,TDE GROUP Ltd,2053475,
BWOW,Bitwise Dogecoin ETF,2053791,NYSE
YGSHY,Yangzijiang Shipbuilding Holdings Ltd/ADR,2053843,OTC
SWOL,SWOL Holdings Inc.,2054459,
AFA,FARLONG HOLDING Corp,2054964,
OYES,OCEANDRIVER INC.,2055187,
ASBHY,"Asahi Group Holdings, Ltd./ADR",2055337,OTC
GDOG,Grayscale Dogecoin Trust ETF,2055510,NYSE
GFCHY,Georg Fischer AG/ADR,2055896,OTC
GRLMF,GreenLight Metals Inc.,2055938,OTC
BXRLY,Boxer Retail Limited/ADR,2056450,OTC
SOEZ,Franklin Solana Trust,2057388,NYSE
DBIM,Dbim Holdings Ltd,2057757,
ECST,ECST Holdings Ltd,2058007,
PLAI,PressLogic Inc.,2058867,
RIKU,RIKU DINING GROUP Ltd,2058976,
XRPZ,Franklin XRP Trust,2059438,NYSE
GGTKY,PT GoTo Gojek Tokopedia Tbk/ADR,2059690,OTC
MEON,MEDIAON GROUP INC.,2059702,
TMRD,Timber Road Acquisition Corp,2059729,
ONWRY,Onward Medical N.V./ADR,2059986,OTC
HZRBY,"Horizon Robotics, Inc./ADR",2060217,OTC
XPD,Xpand Boom Technology Inc.,2060614,
VAVX,VanEck Avalanche ETF,2060717,Nasdaq
NHLTY,Nightingale Health Plc,2060863,OTC
MXUBY,Mixue Bingcheng Co Ltd/ADR,2061911,OTC
MSMU,MSM FRONTIER CAPITAL ACQUISITION CORP.,2061918,
DNJF,Riverstone Ltd,2062397,
MMED,"MiniMed Group, Inc.",2062583,
GFTL,Great Future Technology Inc.,2062748,
IDPEY,IDP Education Ltd./ADR,2062803,OTC
MNZLY,Mercury NZ Ltd./ADR,2062807,OTC
RGGG,Regenique Group Ltd,2063022,
SCSXY,SCSK Corporation/ADR,2063116,OTC
CLRLY,Central Retail Corp Public Co Limited/ADR,2063231,OTC
FSOL,Fidelity Solana Fund,2063380,NYSE
SMPHY,SM Prime Holdings Inc./ADR,2063413,OTC
MREGY,Meridian Energy Ltd/ADR,2063417,OTC
GRCPY,Canal Plus SA/ADR,2063671,OTC
LSHGY,Louis Hachette Group/ADR,2063675,OTC
PSBTY,PT Sumber Alfaria Trijaya Tbk/ADR,2063685,OTC
TDOG,21Shares Dogecoin ETF,2064314,Nasdaq
THCLY,"Toho Co., Ltd./ADR",2064381,OTC
GST,Ga Sai Tong Enterprise Ltd,2064551,
FIT,Fitness Fanatics Ltd,2065232,
ACMIF,Allied Critical Metals Corp.,2065282,OTC
JXAMY,JX Advanced Metals Corporation/ADR,2065485,OTC
MWH,"SOLV Energy, Inc.",2065636,
HGT,HSBC Physical Gold Trust,2065655,
DNCLY,"DeNA Co., Ltd./ADR",2065660,OTC
HIFI,Hillhouse Frontier Holdings Inc.,2065707,
FSSL,FS Specialty Lending Fund,2065812,NYSE
LILW,Little West Holdings Inc.,2065821,
FRLCY,Freelancer Ltd,2065932,OTC
GBH,Gigabit Inc.,2066522,
SCBXY,SCB X Public Co Ltd,2066600,OTC
TKCYY,"Tokyo Ohka Kogyo Co., Ltd./ADR",2066601,OTC
CADV,Club Versante Group Ltd,2066899,
GDNT,Guident Corp.,2066926,
HAMA,HAMA Intelligence Ltd,2067016,
IDXMF,IDEX METALS CORP.,2067171,OTC
SSTR,Solar Strategy Holdings Ltd,2067602,
ALD,"Altech Digital Co., Ltd.",2067715,
KCG,Keystone Global Financial Group,2067719,
JOSS,"JOSS Realty REIT, Inc.",2067746,
KWF,KWF Group Holding Ltd,2068224,
CSC,CSC Collective Holdings Ltd,2068711,
BGHL,BILLION GROUP HOLDINGS Ltd,2069821,
APEX,APEX Global Solutions Ltd,2069858,
MKTR,Monkey Tree Investment Ltd,2070261,
SLBT,SL Science Holding Ltd,2070534,
RECCY,Reece Limited/ADR,2070570,OTC
LCDC,LORENZO DEVELOPMENTS INC.,2071166,
YMXK,CHARMING WOW INC,2071350,
KLK,Klook Technology Ltd,2071502,
BMOK,BM Acquisition Corp.,2071607,
JHPCY,"Jiangsu Hengrui Pharmaceuticals Co., Ltd./ADR",2071868,OTC
TRMOY,Tourmaline Oil Corp/ADR,2071881,OTC
CPXXY,Capital Power Corp/ADR,2071911,OTC
PRSKY,PrairieSky Royalty Ltd/ADR,2071912,OTC
GBNXY,Gibson Energy Inc/ADR,2071913,OTC
CAEA,Caedryn Acquisition Corp I,2072033,
TMTNY,Toromont Industries Ltd./ADR,2072098,OTC
BENN,Bend NovaTech Group Ltd,2072315,
NPIXY,Northland Power Inc./ADR,2072389,OTC
SAPUY,Saputo Inc./ADR,2072563,OTC
BIREY,Birchcliff Energy Ltd./ADR,2073268,OTC
SBAQ,Subversive Bitcoin Acquisition Corp.,2073545,
ELFTY,Element Fleet Management Corp./ADR,2073615,OTC
FNIGY,Finning International Inc./ADR,2073638,OTC
METRY,METRO INC./ADR,2073643,OTC
TPZEY,Topaz Energy Corp./ADR,2073655,OTC
HNPHY,Hansoh Pharmaceutical Group Co Limited/ADR,2073669,OTC
TCLXY,TCL Electronics Holdings Limited/ADR,2073804,OTC
JSTT,"Nihon Shintatsu Co., Ltd.",2073819,
TMKVY,Tamarack Valley Energy Ltd./ADR,2073901,OTC
NWCYY,North West Co Inc./ADR,2073913,OTC
SSRLY,Sienna Senior Living Inc./ADR,2073972,OTC
SVICY,StorageVault Canada Inc./ADR,2074157,OTC
GIVE,Wealth Management System Inc.,2074158,
QSOL,Invesco Galaxy Solana ETF,2074409,CBOE
EVON,EvoNexus Group LTD,2075036,
IBL,I Bella Perfect Inc.,2075038,
VSGRY,VusionGroup,2075141,OTC
PLYX,"Polaryx Therapeutics, Inc.",2075320,Nasdaq
GGRPY,GPT Group/ADR,2075474,OTC
BKPOY,Bank Pekao S.A./ADR,2075877,OTC
TDST,Thunderstone Acquisition Corp,2075888,
CSCCY,Capstone Copper Corp./ADR,2075918,OTC
ZSICY,"Zhejiang Sanhua Intelligent Controls Co., Ltd./ADR",2076398,OTC
LATA,Galata Acquisition Corp. II,2076427,Nasdaq
PAXG,Pine Tree Acquisition Corp.,2076561,
BRAI,Braiin Ltd,2076975,
STJNY,Stella-Jones Inc./ADR,2077242,OTC
IRAB,Iris Acquisition Corp II,2077785,
MDKR,Medikra Inc.,2078035,
GRVT,GreenVector Holdings Ltd,2078037,
LBKX,BoluoC Acquisition Corp,2078482,
AMTU,"AMATUHI HOLDINGS, INC.",2078570,
RNGT,Range Capital Acquisition Corp II,2078653,Nasdaq
RONE,"ReserveOne Holdings, Inc.",2078721,
EUPX,EUPEC International Group Ltd,2078871,
ASKRY,Asker Healthcare Group AB/ADR,2078895,OTC
CDN,Cloud Data Holdings Corp,2078905,
VRXA,Veraxa Biotech Holding AG,2079109,
LABT,Lakewood-Amedex Biotherapeutics Inc.,2079272,
MBSHY,"Mitsubishi Gas Chemical Company, Inc./ADR",2079706,OTC
BEBE,TGE Value Creative Solutions Corp,2079933,NYSE
MLIZY,MELIUZ S.A.,2080003,OTC
MYX,Maywood Acquisition Corp. 2,2080087,
USDE,StableCoinX Inc.,2080215,
MFHK,MIBEE AVIATION TECHNOLOGY HOLDING INC,2080434,
ZSSK,ZHONGSHANG TECHNOLOGY INC,2080711,
EVVO,Evvolutions LeadTech Inc,2080803,
BWGC,BW Industrial Holdings Inc.,2080841,
AGBK,AGI Inc,2081206,
SSAC,SPACSphere Acquisition Corp.,2081300,
GONYF,GO Residential Real Estate Investment Trust,2081438,OTC
WPAC,White Pearl Acquisition Corp.,2081536,
LBIO,Longevity Biomedical Holdings Corp.,2081863,
KRAQ,KRAKacquisition Corp,2082119,
FDXF,"FedEx Freight Holding Company, Inc.",2082247,
AESP,Aeon Acquisition I Corp.,2082526,
BWIV,Blue Water Acquisition Corp. IV,2082847,
FHFFY,Foshan Haitian Flavouring & Food Co Ltd./ADR,2082876,OTC
CLNK,Bitwise Chainlink ETF,2082889,NYSE
ALOG,ALBERT ORIGIN ACQUISITION Corp,2083031,
GADA,Grayscale Cardano Trust ETF,2083106,
MRCA,Canary American-Made Crypto ETF,2083119,
DOT,Grayscale Polkadot Trust ETF,2083137,
SCPQ,Social Commerce Partners Corp,2083143,
QADR,QDRO Acquisition Corp.,2083217,
XCBE,X3 Acquisition Corp. Ltd.,2083493,
LPCV,Launchpad Cadenza Acquisition Corp I,2083728,Nasdaq
SUNB,"Sunbelt Rentals Holdings, Inc.",2083785,
WLII,Willow Lane Acquisition Corp. II,2083946,
ALOV,"Aldabra 4 Liquidity Opportunity Vehicle, Inc.",2083989,
QMLS,"QumulusAI, Inc.",2084026,
TKVA,"Salspera, Inc.",2084032,
YIFE,Yi Feng Holdings Ltd.,2084038,
ADBT,"Advasa Holdings, Inc.",2084227,
XYJG,XYJ TECHNOLOGY Corp,2084388,
IEAG,Infinite Eagle Acquisition Corp.,2084396,
UATCY,"Unisound AI Technology Co., Ltd./ADR",2084585,OTC
KHOBF,KHEOBA Ltd,2084698,OTC
HBAR,Grayscale Hedera Trust ETF,2084948,
QRED,QuasarEdge Acquisition Corp,2085177,
DYBTY,Duality Biotherapeutics Inc/ADR,2085208,OTC
AMVOY,AUMOVIO SE,2085236,OTC
JSKJ,"Jiansu (Shanghai) Information Technology Co., Ltd",2085372,
TRAD,APEX Tech Acquisition Inc.,2085485,
SVAQ,Silicon Valley Acquisition Corp.,2085659,
LPSL,Launchpad Streetlight Acquisition Corp,2085796,
CLSO,Climate Transition Special Opportunities SPAC I,2085932,
SORN,Soren Acquisition Corp.,2086263,
VHCP,Vine Hill Capital Investment Corp. II,2086264,Nasdaq
KTWO,K2 Capital Acquisition Corp,2086524,
ARTC,Art Technology Acquisition Corp.,2086545,
RSMIY,RESOLUTION MINERALS LTD/ADR,2086869,OTC
AFNX,AfterNext Acquisition I Corp.,2087035,
MARH,Starrygazey Inc.,2087064,
MEVO,M Evo Global Acquisition Corp II,2087361,
PAAC,Proem Acquisition Corp. I,2087446,
NHKSY,NHK Spring Co. Ltd/ADR,2087500,OTC
FTY,"Feitu Shanglian Cloud Information Technology Co., Ltd",2087513,
ZGJLY,"Zhejiang Leapmotor Technology Co., Ltd./ADR",2087840,OTC
GTLRY,Greatland Resources Limited/ADR,2087843,OTC
MSSHY,Mitsui-Soko Holdings Co Limited/ADR,2087844,OTC
SBCLY,Sumitomo Bakelite Co Limited/ADR,2087852,OTC
AKCLY,Aica Kogyo Co Limited/ADR,2087856,OTC
XFLH,XFLH Capital Corp,2088103,
HQ,Horizon Quantum Holdings Pte. Ltd.,2088256,
OIM,OneIM Acquisition Corp.,2088325,
OBBCY,"OBIC Business Consultants Co., Ltd./ADR",2088339,OTC
ZSHLY,"Zensho Holdings Co., Ltd./ADR",2088776,OTC
XSLL,Xsolla SPAC 1,2088807,
HRBAY,"Horiba, Ltd./ADR",2088827,OTC
PTAXY,Paltac Corporation/ADR,2089174,OTC
NUCL,Eagle Nuclear Energy Corp.,2089283,
SNEVY,SUNEVISION HOLDINGS/ADR,2089488,OTC
GLVPY,GLENVEAGH PROPERTIES PLC/ADR,2089499,OTC
TEICY,TOSEI CORP/ADR,2089506,OTC
MTMTY,Metlen Energy & Metals PLC/ADR,2090231,OTC
IDAC,Iron Dome Acquisition I Corp.,2090441,
FGII,FG Imperii Acquisition Corp.,2090452,
BRUN,Boost Run Inc.,2090646,
MTLMY,Metallium Limited/ADR,2091028,OTC
IACO,Idea Acquisition Corp.,2091176,
SAAQ,Space Asset Acquisition Corp.,2091222,
GLED,GalaxyEdge Acquisition Corp,2091484,
LKYLY,Locksley Resources Limited/ADR,2091585,OTC
CDTHY,CONDUIT HOLDINGS LTD/ADR,2091663,OTC
RFAM,RF Acquisition Corp III,2091712,
NGCOY,"Nagase & Co., Ltd./ADR",2092248,OTC
RENGY,"Rengo Co., Ltd./ADR",2092252,OTC
AWATY,Air Water Inc./ADR,2092258,OTC
SWMR,"Swarmer, Inc",2092574,
SMGSY,SMG Swiss Marketplace Group AG/ADR,2093227,OTC
MUZE,Muzero Acquisition Corp,2093484,
APUR,Aperture AC,2093524,
NBKBY,Noba Bank Group AG/ADR,2093618,OTC
ZJGIY,Zijin Gold International Co Limited/ADR,2093654,OTC
MRUWY,"Maruwa Co., Ltd./ADR",2093667,OTC
APXC,APEX CRITICAL METALS CORP.,2093856,
RKGRY,RENK Group AG/ADR,2093907,OTC
PTOR,Praetorian Acquisition Corp.,2093912,
CTAA,Clearthink 1 Acquisition Corp.,2094073,
OTAI,Starlink AI Acquisition Corp,2094076,
DPDSY,DPC DASH LTD/ADR,2094201,OTC
MLAA,Mountain Lake Acquisition Corp. II,2094265,
RMIX,"Suncrete, Inc.",2094433,
SECZ,"Securitize Holdings, Inc.",2094496,
CRAUY,"Chery Automobile Co., Ltd./ADR",2094687,OTC
OBOCY,Ottobock SE & Co. KGaA/ADR,2094691,OTC
TGRGF,Tiger Gold Corp.,2094900,OTC
DBCA,D. Boral Acquisition I Corp.,2095161,
BVENY,Brava Energia S.A.,2095292,OTC
AIAI,AIAI Holdings Corp,2096362,
CTX,Cyber Hornet S&P Crypto 10 ETF,2096385,
TVIV,Texas Ventures Acquisition IV Corp,2096755,
ACAA,Averin Capital Acquisition Corp.,2096900,
XNDU,Xanadu Quantum Technologies Ltd,2097163,
MZYX,MOZAYYX Acquisition Corp.,2097376,
BORAY,"Bora Pharmaceuticals Co., Ltd./ADR",2097461,OTC
BLDC,"Blockfusion Data Centers, Inc.",2097508,
SVIV,Spring Valley Acquisition Corp. IV,2098242,
SWBKY,Shawbrook Group plc/ADR,2098324,OTC
SNHIY,"Sany Heavy Industries Co., Ltd./ADR",2098326,OTC
PRNSY,Princes Group plc/ADR,2098329,OTC
LNTCY,"Lens Technology Co., Ltd./ADR",2098381,OTC
ANJFY,"Anjoy Foods Group Co., Ltd./ADR",2098397,OTC
BJGPY,"Beijing Geekplus Technology Co., Ltd./ADR",2098425,OTC
UAC,United Acquisition Corp. I,2098669,
FRTRY,"Fortior Technology (Shenzhen) Co., Ltd./ADR",2098710,OTC
SICCY,"SICC Co., Ltd./ADR",2098860,OTC
ETHB,iShares Staked Ethereum Trust ETF,2099103,
SGPIY,"Seres Group Co., Ltd./ADR",2099326,OTC
AACO,Abony Acquisition Corp. I,2099906,
CAQ,Cambridge Acquisition Corp.,2100125,
MPJPY,Metaplanet Inc.,2100603,OTC
GENB,"Generate Biomedicines, Inc.",2100782,
PALO,PALOMA ACQUISITION CORP I,2101562,
AFNDY,Allfunds Group PLC./ADR,2101973,OTC
IPFX,Inflection Point Acquisition Corp. VI,2102041,
KCAC-UN,Kensington Capital Acquisition Corp. VI,2102713,
SKAI,Sky Acquisition Group,2103029,
GFTFF,Grafton Resources Inc.,2103596,OTC
LTGR,Long Table Growth Corp.,2104177,
SUMA,SUMA Acquisition Corp,2105838,
GBNB,Grayscale BNB ETF,2106762,
SSHBY,"SBI Shinsei Bank, Limited/ADR",2107375,OTC
YKCLY,Yamato Kogyo Co. Ltd/ADR,2107946,OTC
KERCY,Keisei Electric Railway Co. Ltd/ADR,2107989,OTC
ODKUY,"Odakyu Electric Railway Co., Ltd./ADR",2108124,OTC
AZBLY,Azbil Corporation/ADR,2108185,OTC
SYNO,"SYNO Capital Group, Inc.",2108357,
GOOG,Alphabet Inc.,1652044,Nasdaq
BMYMP,BRISTOL MYERS SQUIBB CO,14272,OTC
USB-PA,US BANCORP \DE\,36104,NYSE
BRK-A,BERKSHIRE HATHAWAY INC,1067983,NYSE
ASMLF,ASML HOLDING NV,937966,OTC
TSMWF,TAIWAN SEMICONDUCTOR MANUFACTURING CO LTD,1046179,OTC
BABAF,Alibaba Group Holding Ltd,1577552,OTC
JPM-PC,JPMORGAN CHASE & CO,19617,NYSE
JPM-PD,JPMORGAN CHASE & CO,19617,NYSE
RCIT,REELCAUSE INC,2008670,OTC
BML-PG,BANK OF AMERICA CORP /DE/,70858,NYSE
NVSEF,NOVARTIS AG,1114448,OTC
AZNCF,ASTRAZENECA PLC,901832,OTC
PCCYF,PETROCHINA CO LTD,1108329,OTC
BML-PH,BANK OF AMERICA CORP /DE/,70858,NYSE
BML-PL,BANK OF AMERICA CORP /DE/,70858,NYSE
BAC-PB,BANK OF AMERICA CORP /DE/,70858,NYSE
TOYOF,TOYOTA MOTOR CORP/,1094517,OTC
BAC-PK,BANK OF AMERICA CORP /DE/,70858,NYSE
CILJF,CHINA LIFE INSURANCE CO LTD,1268896,OTC
NONOF,NOVO NORDISK A S,353278,OTC
BML-PJ,BANK OF AMERICA CORP /DE/,70858,NYSE
SAPGF,SAP SE,1000184,OTC
BAC-PE,BANK OF AMERICA CORP /DE/,70858,NYSE
RYDAF,Shell plc,1306965,OTC
MBFJF,MITSUBISHI UFJ FINANCIAL GROUP INC,67088,OTC
HBCYF,HSBC HOLDINGS PLC,1089113,OTC
WFC-PY,WELLS FARGO & COMPANY/MN,72971,NYSE
BCDRF,"Banco Santander, S.A.",891478,OTC
WFC-PL,WELLS FARGO & COMPANY/MN,72971,NYSE
EADSF,Airbus SE/ADR,1378580,OTC
BHPLF,BHP Group Ltd,811809,OTC
SNEJF,Sony Group Corp,313838,OTC
ABLZF,ABB LTD,1091587,OTC
ABBNY,ABB LTD,1091587,OTC
SMNEY,Siemens Energy AG/ADR,1830056,OTC
TBB,AT&T INC.,732717,NYSE
BTAFF,British American Tobacco p.l.c.,1303523,OTC
SNYNF,Sanofi,1121404,OTC
UNLYF,UNILEVER PLC,217410,OTC
BUDFF,Anheuser-Busch InBev SA/NV,1668717,OTC
WFC-PC,WELLS FARGO & COMPANY/MN,72971,NYSE
DTEGF,DEUTSCHE TELEKOM AG,946770,OTC
BPAQF,BP PLC,313807,OTC
GLAXF,GSK plc,1131399,OTC
RTPPF,RIO TINTO PLC,863064,OTC
SMFNF,"SUMITOMO MITSUI FINANCIAL GROUP, INC.",1022837,OTC
IDEXF,Industria de Diseno Textil Inditex SA / ADR,1438656,OTC
BYDDF,BYD CO LTD,1445162,OTC
NCRRP,NCR Voyix Corp,70866,OTC
CMXHF,CSL LTD,1274152,OTC
AIQUF,L AIR LIQUIDE SA /FI,1161167,OTC
SNPMF,CHINA PETROLEUM & CHEMICAL CORP,1123658,OTC
MBGAF,DAIMLER AG,1067318,OTC
NETTF,"NetEase, Inc.",1110646,OTC
USB-PH,US BANCORP \DE\,36104,NYSE
NTTYY,NIPPON TELEGRAPH & TELEPHONE CORP,769594,OTC
EBBNF,ENBRIDGE INC,895728,OTC
CTA-PB,"EIDP, Inc.",30554,NYSE
USB-PP,US BANCORP \DE\,36104,NYSE
GS-PA,GOLDMAN SACHS GROUP INC,886982,NYSE
BAESF,BAE SYSTEMS PLC /FI/,895564,OTC
PPRUF,Kering,1445465,OTC
FMCCT,FEDERAL HOME LOAN MORTGAGE CORP,1026214,OTC
GS-PD,GOLDMAN SACHS GROUP INC,886982,NYSE
MS-PA,MORGAN STANLEY,895421,NYSE
AMXOF,AMERICA MOVIL SAB DE CV/,1129137,OTC
MS-PK,MORGAN STANLEY,895421,NYSE
MS-PI,MORGAN STANLEY,895421,NYSE
PBR-A,PETROBRAS - PETROLEO BRASILEIRO SA,1119639,NYSE
STOHF,EQUINOR ASA,1140625,OTC
KDDIF,KDDI CORP,1106215,OTC
MS-PF,MORGAN STANLEY,895421,NYSE
MS-PE,MORGAN STANLEY,895421,NYSE
BAMXF,Bayerische Motoren Werke AG/ADR,1446250,OTC
RLXXF,RELX PLC,929869,OTC
DUK-PA,Duke Energy CORP,1326160,NYSE
BAIDF,"Baidu, Inc.",1329099,OTC
EIPAF,ENI SPA,1002242,OTC
CCZ,COMCAST CORP,1166691,NYSE
DGEAF,DIAGEO PLC,835403,OTC
BYMOF,Bayerische Motoren Werke AG/ADR,1446250,OTC
WEBNF,WESTPAC BANKING CORP,719245,OTC
SCHW-PD,SCHWAB CHARLES CORP,316709,NYSE
IFNNF,INFINEON TECHNOLOGIES AG,1107457,OTC
MZHOF,MIZUHO FINANCIAL GROUP INC,1335730,OTC
HTHIF,HITACHI LTD,47710,OTC
NGGTF,NATIONAL GRID PLC,1004315,OTC
TKPHF,TAKEDA PHARMACEUTICAL CO LTD,1395064,OTC
DKILF,Daikin Industries Ltd,1446519,OTC
BECEF,BCE INC,718940,OTC
SPG-PJ,SIMON PROPERTY GROUP INC.,1063761,NYSE
BSQKZ,"Block, Inc.",1512673,OTC
CTA-PA,"EIDP, Inc.",30554,NYSE
TNCAF,TC ENERGY CORP,1232384,OTC
INGVF,ING GROEP NV,1039765,OTC
MET-PA,METLIFE INC,1099219,NYSE
TRPCF,Trip.com Group Ltd,1269238,OTC
ITOCF,ITOCHU CORP,355363,OTC
MET-PE,METLIFE INC,1099219,NYSE
LLDTF,Lloyds Banking Group plc,1160106,OTC
BBVXF,"BANCO BILBAO VIZCAYA ARGENTARIA, S.A.",842180,OTC
HLNCF,Haleon plc,1900304,OTC
TCANF,TC ENERGY CORP,1232384,OTC
PUKPF,PRUDENTIAL PLC,1116578,OTC
PSA-PH,Public Storage,1393311,NYSE
PLDGP,"Prologis, Inc.",1045609,OTC
NOKBF,NOKIA CORP,924613,OTC
HNDAF,HONDA MOTOR CO LTD,715153,OTC
HEI-A,HEICO CORP,46619,NYSE
SVNDF,SEVEN & I HOLDINGS CO LTD,1359519,OTC
BAMGF,BROOKFIELD Corp /ON/,1001085,OTC
JDCMF,"JD.com, Inc.",1549802,OTC
TCKRF,TECK RESOURCES LTD,886986,OTC
CRARF,CREDIT AGRICOLE S A,1279967,OTC
ALL-PB,ALLSTATE CORP,899051,NYSE
ENAKF,E.ON SE,1136808,OTC
RBSPF,NatWest Group plc,844150,OTC
ERIXF,ERICSSON LM TELEPHONE CO,717826,OTC
PSA-PK,Public Storage,1393311,NYSE
ALL-PH,ALLSTATE CORP,899051,NYSE
FNCTF,ORANGE,1038143,OTC
WOPEF,WOODSIDE ENERGY GROUP LTD,844551,OTC
FUJIF,FUJI PHOTO FILM CO LTD /FI,800365,OTC
LEN-B,LENNAR CORP /NEW/,920760,NYSE
CIXPF,CaixaBank/ADR,1535628,OTC
BCLYF,BARCLAYS PLC,312069,OTC
RSMDF,RESMED INC,943819,OTC
CAJPY,CANON INC,16988,OTC
CODGF,COMPAGNIE DE SAINT GOBAIN,1012037,OTC
FOX,Fox Corp,1754301,Nasdaq
LAAOF,Li Auto Inc.,1791706,OTC
ORXCF,ORIX CORP,1070304,OTC
FCNCB,FIRST CITIZENS BANCSHARES INC /DE/,798941,OTC
TEFOF,TELEFONICA S A,814052,OTC
VODPF,VODAFONE GROUP PUBLIC LTD CO,839923,OTC
BBDO,BANK BRADESCO,1160330,NYSE
GNMSF,GENMAB A/S,1434265,OTC
ANNSF,Aena S.A./ADR,1700171,OTC
DLR-PK,"DIGITAL REALTY TRUST, INC.",1297996,NYSE
STMEF,STMicroelectronics N.V.,932787,OTC
ASHTF,Ashtead Group plc/ADR,1518258,OTC
HKHHF,HEINEKEN HOLDING N V,1142231,OTC
HRNNF,Hydro One Ltd,1712356,OTC
AMSYF,ArcelorMittal,1243429,OTC
SAXPF,Sampo OYJ,1436778,OTC
RYAOF,RYANAIR HOLDINGS PLC,1038683,OTC
MKC-V,MCCORMICK & CO INC,63754,NYSE
TNRSF,TENARIS SA,1190723,OTC
RSTRF,Restaurant Brands International Limited Partnership,1618755,OTC
SOJC,SOUTHERN CO,92122,NYSE
CAJFF,CANON INC,16988,OTC
DLR-PJ,"DIGITAL REALTY TRUST, INC.",1297996,NYSE
FWONK,Liberty Media Corp,1560385,Nasdaq
COCSF,COCA COLA FEMSA SAB DE CV,910631,OTC
TELNF,TELENOR ASA,1126113,OTC
RCIAF,ROGERS COMMUNICATIONS INC,733099,OTC
ICHGF,INTERCONTINENTAL HOTELS GROUP PLC /NEW/,858446,OTC
XPNGF,XPENG INC.,1810997,OTC
Z,"ZILLOW GROUP, INC.",1617640,Nasdaq
STT-PG,STATE STREET CORP,93751,NYSE
WLMIF,Wilmar International Ltd,1449566,OTC
EJPRF,EAST JAPAN RAILWAY CO /FI,1093028,OTC
FWONB,Liberty Media Corp,1560385,OTC
HIG-PG,"HARTFORD INSURANCE GROUP, INC.",874766,NYSE
FITBI,FIFTH THIRD BANCORP,35527,Nasdaq
POAHF,Porsche Automobil Holding SE / ADR,1450346,OTC
NRSCF,NOMURA HOLDINGS INC,1163653,OTC
FNMAS,FEDERAL NATIONAL MORTGAGE ASSOCIATION FANNIE MAE,310522,OTC
JHIUF,James Hardie Industries plc,1159152,OTC
SPXSF,Spirax-Sarco Engineering PLC/ADR,1518542,OTC
FNMAJ,FEDERAL NATIONAL MORTGAGE ASSOCIATION FANNIE MAE,310522,OTC
RYLPF,KONINKLIJKE PHILIPS NV,313216,OTC
FNMAH,FEDERAL NATIONAL MORTGAGE ASSOCIATION FANNIE MAE,310522,OTC
SURDF,"Sumitomo Realty & Development Co., Ltd./ADR",1450159,OTC
BIO-B,"BIO-RAD LABORATORIES, INC.",12208,NYSE
RKLIF,RENTOKIL INITIAL PLC /FI,930157,OTC
CHKIF,CHINA SOUTHERN AIRLINES CO LTD,1041668,OTC
ADTTF,ADVANTEST CORP,1158838,OTC
KEY-PK,KEYCORP /NEW/,91576,NYSE
FSNUF,Fresenius SE & Co. KGaA,904868,OTC
KEY-PJ,KEYCORP /NEW/,91576,NYSE
TEVJF,TEVA PHARMACEUTICAL INDUSTRIES LTD,818686,OTC
SSMXF,Sysmex Corporation/ADR,1517231,OTC
CRERF,CARREFOUR SA,1078642,OTC
NWS,NEWS CORP,1564708,Nasdaq
NLY-PG,ANNALY CAPITAL MANAGEMENT INC,1043219,NYSE
SGIOF,SHIONOGI & CO LTD,1281721,OTC
BF-B,BROWN FORMAN CORP,14693,NYSE
FRFFF,FAIRFAX FINANCIAL HOLDINGS LTD/ CAN,915191,OTC
NLY-PF,ANNALY CAPITAL MANAGEMENT INC,1043219,NYSE
PTPIF,PT Chandra Asri Petrochemical Tbk/ADR,1547873,OTC
NVZMF,NOVOZYMES AS/FI,1131345,OTC
APO-PA,"Apollo Global Management, Inc.",1858681,NYSE
KEY-PI,KEYCORP /NEW/,91576,NYSE
NIOIF,NIO Inc.,1736541,OTC
FNGD,BANK OF MONTREAL /CAN/,927971,NYSE
GFIOF,GOLD FIELDS LTD,1172724,OTC
NCSYF,NICE Ltd.,1003935,OTC
SVYSF,SOLVAY S A /ADR/,930826,OTC
GELYF,Geely Automobile Holdings Limited/ADR,1474968,OTC
NMPGY,Navios Maritime Holdings Inc.,1333172,OTC
WSO-B,WATSCO INC,105016,NYSE
FMCQF,Fresenius Medical Care AG,1333141,OTC
MAA-PI,MID AMERICA APARTMENT COMMUNITIES INC.,912595,NYSE
LBRDB,Liberty Broadband Corp,1611983,OTC
RF-PC,REGIONS FINANCIAL CORP,1281761,NYSE
SNNUF,SMITH & NEPHEW PLC,845982,OTC
ACGLO,ARCH CAPITAL GROUP LTD.,947484,Nasdaq
LBRDK,Liberty Broadband Corp,1611983,Nasdaq
BZLFF,BUNZL PLC,1072397,OTC
ALMMF,ALUMINUM CORP OF CHINA LTD,1161611,OTC
ERRAF,EMERA INC,1127248,OTC
CMA,COMERICA INC,28412,NYSE
DAY,"Dayforce, Inc.",1725057,NYSE
UHAL-B,U-Haul Holding Co /NV/,4457,NYSE
SBYSF,Sibanye Stillwater Ltd,1786909,OTC
TAP-A,MOLSON COORS BEVERAGE CO,24545,NYSE
DQJCF,Don Quijote Holdings Co Ltd,1446597,OTC
PBNNF,PT Bank Negara Indonesia (Persero) Tbk/ADR,1504122,OTC
WPPGF,WPP plc,806968,OTC
PRYMF,Prysmian S.p.A.,1437672,OTC
NNGPF,NN Group NV/ADR,1690981,OTC
AOMFF,ALSTOM,1062066,OTC
GPAEF,Pacific Airport Group,1347557,OTC
MNBEF,MINEBEA MITSUMI Inc.,1034983,OTC
KIKOF,Kikkoman Corp,1446656,OTC
AEGOF,AEGON LTD.,769218,OTC
CUKPF,CARNIVAL PLC,1125259,OTC
FREJO,FEDERAL HOME LOAN MORTGAGE CORP,1026214,OTC
YAMHF,"Yamaha Motor Co., Ltd.",1447100,OTC
GLIBB,"GCI Liberty, Inc.",2057463,OTC
NDEKF,NITTO DENKO CORP / ADR/,353991,OTC
ASRMF,SOUTHEAST AIRPORT GROUP,1123452,OTC
JGSHF,"JG Summit Holdings, Inc./ADR",1567172,OTC
LBTYB,Liberty Global Ltd.,1570585,Nasdaq
UEPCN,UNION ELECTRIC CO,100826,OTC
CXMSF,CEMEX SAB DE CV,1076378,OTC
SAPIF,Saputo Inc./ADR,2072563,OTC
DINRF,"SCREEN Holdings Co., Ltd./ADR",1544379,OTC
PSORF,PEARSON PLC,938323,OTC
AGNCM,AGNC Investment Corp.,1423689,Nasdaq
RZB,REINSURANCE GROUP OF AMERICA INC,898174,NYSE
AGNCN,AGNC Investment Corp.,1423689,Nasdaq
UEPEO,UNION ELECTRIC CO,100826,OTC
UEPEP,UNION ELECTRIC CO,100826,OTC
PSNYW,Polestar Automotive Holding UK PLC,1884082,Nasdaq
SASOF,SASOL LTD,314590,OTC
VNORP,VORNADO REALTY TRUST,899689,OTC
FMCKI,FEDERAL HOME LOAN MORTGAGE CORP,1026214,OTC
AMH-PH,American Homes 4 Rent,1562401,NYSE
CIG-C,ENERGY CO OF MINAS GERAIS,1157557,NYSE
OSCUF,"Japan Exchange Group, Inc./ADR",1600520,OTC
NWOEF,New Oriental Education & Technology Group Inc.,1372920,OTC
FRT-PC,FEDERAL REALTY INVESTMENT TRUST,34903,NYSE
CLUS,Cluster Group Holdings Ltd Co,1346287,OTC
VNO-PL,VORNADO REALTY TRUST,899689,NYSE
AMH-PG,American Homes 4 Rent,1562401,NYSE
FMCCI,FEDERAL HOME LOAN MORTGAGE CORP,1026214,OTC
UEPCP,UNION ELECTRIC CO,100826,OTC
GS-PC,GOLDMAN SACHS GROUP INC,886982,NYSE
CADE,Cadence Bank,1299939,NYSE
VNO-PM,VORNADO REALTY TRUST,899689,NYSE
ATH-PA,Athene Holding Ltd.,1527469,NYSE
CWEN-A,"Clearway Energy, Inc.",1567683,NYSE
UEPEN,UNION ELECTRIC CO,100826,OTC
BLBLF,Bilibili Inc.,1723690,OTC
VOYA-PB,"Voya Financial, Inc.",1535929,NYSE
XZJCF,Mitsui Kinzoku Co Ltd./ADR,1562805,OTC
GIFLF,Grifols SA,1438569,OTC
KOSCF,Kose Corporation/ADR,1668501,OTC
PADEF,Adaro Energy PT/ADR/,1489079,OTC
GIFOF,Grifols SA,1438569,OTC
YMHAY,"Yamaha Motor Co., Ltd.",1447100,OTC
MSUXF,Misumi Group Inc./ADR,1710864,OTC
RCWLY,Rockwool A/S/ADR,1969729,OTC
ATDRF,Auto Trader Group plc/ADR,1647435,OTC
RNR-PF,RENAISSANCERE HOLDINGS LTD,913144,NYSE
JCYCF,Jardine Cycle & Carriage Ltd.,1289688,OTC
DSECF,Daiwa Securities Group Inc.,1481045,OTC
CMSA,CMS ENERGY CORP,811156,NYSE
KIM-PM,KIMCO REALTY CORP,879101,NYSE
SFGRF,Sony Financial Group Inc./ADR,2084022,OTC
UEPEM,UNION ELECTRIC CO,100826,OTC
SLG-PI,SL GREEN REALTY CORP,1040971,NYSE
KIM-PL,KIMCO REALTY CORP,879101,NYSE
BCUCF,Brunello Cucinelli S.p.A./ADR,1581285,OTC
KAKKF,Kawasaki Kisen Kaisha Ltd,1447126,OTC
LIFX,"Life360, Inc.",1581760,OTC
GIKLY,Grifols SA,1438569,OTC
PCG-PA,PG&E Corp,1004980,NYSE
OAK-PB,"Brookfield Oaktree Holdings, LLC",1403528,NYSE
ALTB,Alpine Auto Brokers Inc.,1642365,OTC
JSM,NAVIENT CORP,1593538,Nasdaq
PCG-PB,PG&E Corp,1004980,NYSE
UNMA,Unum Group,5513,NYSE
SLFPF,STANDARD LIFE PLC,1370418,OTC
MITUF,Mitsui Chemicals Inc,1446420,OTC
RUSHB,RUSH ENTERPRISES INC \TX\,1012019,Nasdaq
BPOPO,"POPULAR, INC.",763901,OTC
HACBY,HACHIJUNI BANK LTD,793742,OTC
HGMCF,HARMONY GOLD MINING CO LTD,1023514,OTC
SSRGF,SSR MINING INC.,921638,OTC
AKO-B,ANDINA BOTTLING CO INC,925261,NYSE
ZLDPF,Zealand Pharma A/S/ADR,2068427,OTC
EPR-PG,EPR PROPERTIES,1045450,NYSE
PHTCF,PLDT Inc.,78150,OTC
BLFBY,Balfour Beatty plc/ADR,1506721,OTC
PCG-PE,PG&E Corp,1004980,NYSE
ATGFF,AltaGas Ltd.,1695519,OTC
PPENF,Pampa Energy Inc.,1469395,OTC
PCG-PD,PG&E Corp,1004980,NYSE
PCG-PC,PG&E Corp,1004980,NYSE
GAB-PG,GABELLI EQUITY TRUST INC,794685,NYSE
FNMFN,FEDERAL NATIONAL MORTGAGE ASSOCIATION FANNIE MAE,310522,OTC
PCG-PH,PG&E Corp,1004980,NYSE
FURCF,FORVIA SE/ADR,1559444,OTC
PCG-PG,PG&E Corp,1004980,NYSE
GAERF,Central North Airport Group,1378239,OTC
AXS-PE,AXIS CAPITAL HOLDINGS LTD,1214816,NYSE
DTW,DTE ENERGY CO,936340,NYSE
SPTJF,SINOPEC SHANGHAI PETROCHEMICAL CO LTD,908732,OTC
SR-PA,SPIRE INC,1126956,NYSE
PCG-PI,PG&E Corp,1004980,NYSE
LBTYK,Liberty Global Ltd.,1570585,Nasdaq
DISPF,Disco Corporation/ADR,1671750,OTC
TCMFF,TELECOM ARGENTINA SA,932470,OTC
SLMBP,SLM Corp,1032033,Nasdaq
GEF-B,"GREIF, INC",43920,NYSE
DLAKF,DEUTSCHE LUFTHANSA A G /FI,1049724,OTC
PBI-PB,PITNEY BOWES INC /DE/,78814,NYSE
SF-PB,STIFEL FINANCIAL CORP,720672,NYSE
REXR-PB,"Rexford Industrial Realty, Inc.",1571283,NYSE
BHFAL,"Brighthouse Financial, Inc.",1685040,Nasdaq
TWO-PC,TWO HARBORS INVESTMENT CORP.,1465740,NYSE
JTKWY,Just Eat Takeaway.com N.V.,1792627,OTC
CIM-PB,CHIMERA INVESTMENT CORP,1409493,NYSE
CIM-PD,CHIMERA INVESTMENT CORP,1409493,NYSE
PCH,POTLATCHDELTIC CORP,1338749,Nasdaq
UA,"Under Armour, Inc.",1336917,NYSE
TYTMF,Tokyo Tatemono Co Ltd,1447101,OTC
MOG-B,MOOG INC.,67887,NYSE
VLYPP,VALLEY NATIONAL BANCORP,714310,Nasdaq
REVG,"REV Group, Inc.",1687221,NYSE
CIM-PC,CHIMERA INVESTMENT CORP,1409493,NYSE
RYKKF,Ryohin Keikaku Co/ADR,1592049,OTC
HOVNP,HOVNANIAN ENTERPRISES INC,357294,Nasdaq
TWO-PB,TWO HARBORS INVESTMENT CORP.,1465740,NYSE
MPW,MEDICAL PROPERTIES TRUST INC,1287865,NYSE
TWO-PA,TWO HARBORS INVESTMENT CORP.,1465740,NYSE
WRB-PE,BERKLEY W R CORP,11544,NYSE
SOHGY,ALSOK Co Ltd./ADR,1536787,OTC
WBS-PF,WEBSTER FINANCIAL CORP,801337,NYSE
VLYPO,VALLEY NATIONAL BANCORP,714310,Nasdaq
BELFB,BEL FUSE INC /NJ,729580,Nasdaq
RLJ-PA,RLJ Lodging Trust,1511337,NYSE
PEB-PF,Pebblebrook Hotel Trust,1474098,NYSE
PEB-PE,Pebblebrook Hotel Trust,1474098,NYSE
ASB-PE,ASSOCIATED BANC-CORP,7789,NYSE
BHFAP,"Brighthouse Financial, Inc.",1685040,Nasdaq
CIM-PA,CHIMERA INVESTMENT CORP,1409493,NYSE
PEGRF,Pennon Group Plc / ADR,1455633,OTC
MFA-PB,"MFA FINANCIAL, INC.",1055160,NYSE
TY-P,TRI-CONTINENTAL Corp,99614,NYSE
ATROB,ASTRONICS CORP,8063,OTC
AEBZY,ANADOLU EFES BIRACILIK VE MALT SANAYI A S/ADR,1174511,OTC
PTXAF,PT XLSMART Telecom Sejahtera Tbk/ADR,1545057,OTC
HMDCF,HUTCHMED (China) Ltd,1648257,OTC
FMCCG,FEDERAL HOME LOAN MORTGAGE CORP,1026214,OTC
BATRK,"Atlanta Braves Holdings, Inc.",1958140,Nasdaq
FNMAM,FEDERAL NATIONAL MORTGAGE ASSOCIATION FANNIE MAE,310522,OTC
AILLI,Ameren Illinois Co,18654,OTC
TRTN-PA,Triton International Ltd,1660734,NYSE
NSA-PA,National Storage Affiliates Trust,1618563,NYSE
BATRB,"Atlanta Braves Holdings, Inc.",1958140,OTC
CIVI,"CIVITAS RESOURCES, INC.",1509589,NYSE
WELPP,WISCONSIN ELECTRIC POWER CO,107815,OTC
AILLM,Ameren Illinois Co,18654,OTC
AILLN,Ameren Illinois Co,18654,OTC
SOCGP,SOUTHERN CALIFORNIA GAS CO,92108,OTC
CDGLF,ComfortDelGro Corp Ltd,1448611,OTC
FNMAN,FEDERAL NATIONAL MORTGAGE ASSOCIATION FANNIE MAE,310522,OTC
SRG-PA,Seritage Growth Properties,1628063,NYSE
TROLB,TOOTSIE ROLL INDUSTRIES INC,98677,OTC
AILIM,Ameren Illinois Co,18654,OTC
FMCCJ,FEDERAL HOME LOAN MORTGAGE CORP,1026214,OTC
FNMAI,FEDERAL NATIONAL MORTGAGE ASSOCIATION FANNIE MAE,310522,OTC
NHNKF,Nihon Kohden Corporation/ADR,1543726,OTC
CENTA,CENTRAL GARDEN & PET CO,887733,Nasdaq
CODQL,Coronado Global Resources Inc.,1770561,OTC
WBHC,WILSON BANK HOLDING CO,885275,OTC
AXL,Dauch Corp,1062231,NYSE
GLPGF,GALAPAGOS NV,1421876,OTC
AILLO,Ameren Illinois Co,18654,OTC
LXP-PC,LXP Industrial Trust,910108,NYSE
IVR-PC,Invesco Mortgage Capital Inc.,1437071,NYSE
FNMAT,FEDERAL NATIONAL MORTGAGE ASSOCIATION FANNIE MAE,310522,OTC
AILIN,Ameren Illinois Co,18654,OTC
FNMAK,FEDERAL NATIONAL MORTGAGE ASSOCIATION FANNIE MAE,310522,OTC
IFCNF,Inficon Holding AG/ADR,2035057,OTC
FNMAL,FEDERAL NATIONAL MORTGAGE ASSOCIATION FANNIE MAE,310522,OTC
FNMFM,FEDERAL NATIONAL MORTGAGE ASSOCIATION FANNIE MAE,310522,OTC
AILLP,Ameren Illinois Co,18654,OTC
WLYB,"JOHN WILEY & SONS, INC.",107140,NYSE
FNMAO,FEDERAL NATIONAL MORTGAGE ASSOCIATION FANNIE MAE,310522,OTC
FNMAG,FEDERAL NATIONAL MORTGAGE ASSOCIATION FANNIE MAE,310522,OTC
FNMFO,FEDERAL NATIONAL MORTGAGE ASSOCIATION FANNIE MAE,310522,OTC
AGM-A,FEDERAL AGRICULTURAL MORTGAGE CORP,845877,NYSE
AHL-PE,ASPEN INSURANCE HOLDINGS LTD,1267395,NYSE
JAMF,Jamf Holding Corp.,1721947,Nasdaq
NGL-PB,NGL Energy Partners LP,1504461,NYSE
ARZTF,ARYZTA AG (fka IAWS GROUP PLC),1423210,OTC
GDV-PH,GABELLI DIVIDEND & INCOME TRUST,1260729,NYSE
FISK,"Empire State Realty OP, L.P.",1553079,NYSE
GRPFF,"GRUPO TELEVISA, S.A.B.",912892,OTC
EVOTF,Evotec SE,1412558,OTC
LILAK,Liberty Latin America Ltd.,1712184,Nasdaq
NGL-PC,NGL Energy Partners LP,1504461,NYSE
BFS-PD,"SAUL CENTERS, INC.",907254,NYSE
GNL-PA,"Global Net Lease, Inc.",1526113,NYSE
FMCCL,FEDERAL HOME LOAN MORTGAGE CORP,1026214,OTC
OGCP,"Empire State Realty OP, L.P.",1553079,NYSE
FMCKL,FEDERAL HOME LOAN MORTGAGE CORP,1026214,OTC
PMT-PA,PennyMac Mortgage Investment Trust,1464423,NYSE
PMT-PB,PennyMac Mortgage Investment Trust,1464423,NYSE
SBOEF,SBO AG/ADR,1578955,OTC
LILAB,Liberty Latin America Ltd.,1712184,OTC
STSFF,"SmartStop Self Storage REIT, Inc.",1585389,OTC
HCXY,"Hercules Capital, Inc.",1280784,NYSE
GAB-PH,GABELLI EQUITY TRUST INC,794685,NYSE
BH,Biglari Holdings Inc.,1726173,NYSE
FMCCS,FEDERAL HOME LOAN MORTGAGE CORP,1026214,OTC
MHLA,"Maiden Holdings, Ltd.",1412100,NYSE
SCZMF,Santacruz Silver Mining Ltd.,1548536,OTC
FMCCO,FEDERAL HOME LOAN MORTGAGE CORP,1026214,OTC
AHL-PD,ASPEN INSURANCE HOLDINGS LTD,1267395,NYSE
CODI-PB,Compass Diversified Holdings,1345126,NYSE
FMCKN,FEDERAL HOME LOAN MORTGAGE CORP,1026214,OTC
FREJN,FEDERAL HOME LOAN MORTGAGE CORP,1026214,OTC
CMGMF,Chemring Group PLC/ADR,1503154,OTC
FMCCN,FEDERAL HOME LOAN MORTGAGE CORP,1026214,OTC
FMCKO,FEDERAL HOME LOAN MORTGAGE CORP,1026214,OTC
GLOP-PB,GasLog Partners LP,1598655,NYSE
FMCKJ,FEDERAL HOME LOAN MORTGAGE CORP,1026214,OTC
FMCKM,FEDERAL HOME LOAN MORTGAGE CORP,1026214,OTC
GLOP-PC,GasLog Partners LP,1598655,NYSE
FREGP,FEDERAL HOME LOAN MORTGAGE CORP,1026214,OTC
GLOP-PA,GasLog Partners LP,1598655,NYSE
FMCCH,FEDERAL HOME LOAN MORTGAGE CORP,1026214,OTC
FMCCK,FEDERAL HOME LOAN MORTGAGE CORP,1026214,OTC
FGPRB,FERRELLGAS PARTNERS L P,922358,OTC
HL-PB,HECLA MINING CO/DE/,719413,NYSE
FMCCP,FEDERAL HOME LOAN MORTGAGE CORP,1026214,OTC
FMCCM,FEDERAL HOME LOAN MORTGAGE CORP,1026214,OTC
FMCKP,FEDERAL HOME LOAN MORTGAGE CORP,1026214,OTC
AHH-PA,"Armada Hoffler Properties, Inc.",1569187,NYSE
GRAF-UN,Graf Global Corp.,1897463,NYSE
FXCNF,FIH Mobile Ltd,1164009,OTC
INN-PE,"Summit Hotel Properties, Inc.",1497645,NYSE
CODI-PA,Compass Diversified Holdings,1345126,NYSE
HCACU,Hall Chadwick Acquisition Corp,2079013,Nasdaq
GAM-PB,GENERAL AMERICAN INVESTORS CO INC,40417,NYSE
IIPR-PA,INNOVATIVE INDUSTRIAL PROPERTIES INC,1677576,NYSE
DGICB,DONEGAL GROUP INC,800457,Nasdaq
SENEA,Seneca Foods Corp,88948,Nasdaq
KELYB,KELLY SERVICES INC,55135,Nasdaq
GTN-A,"GRAY MEDIA, INC",43196,NYSE
MEOBF,MESOBLAST LTD,1345099,OTC
DRDGF,DRDGOLD LTD,1023512,OTC
CHTH,"CNL Healthcare Properties, Inc.",1496454,OTC
CMRE-PB,Costamare Inc.,1503584,NYSE
HOVVB,HOVNANIAN ENTERPRISES INC,357294,OTC
CMRE-PD,Costamare Inc.,1503584,NYSE
AGM-PD,FEDERAL AGRICULTURAL MORTGAGE CORP,845877,NYSE
CMRE-PC,Costamare Inc.,1503584,NYSE
HLTC,"National Healthcare Properties, Inc.",1561032,OTC
HVT-A,HAVERTY FURNITURE COMPANIES INC,216085,NYSE
GGT-PE,GABELLI MULTIMEDIA TRUST INC.,921671,NYSE
GGN-PB,"GAMCO Global Gold, Natural Resources & Income Trust",1313510,NYSE
MDRX,Veradigm Inc.,1124804,OTC
AIRTP,AIR T INC,353184,Nasdaq
BRSYF,Brainsway Ltd.,1505065,OTC
MITT-PA,"TPG Mortgage Investment Trust, Inc.",1514281,NYSE
AAM,AA Mission Acquisition Corp.,2012964,NYSE
UMH-PD,"UMH PROPERTIES, INC.",752642,NYSE
MTGRF,MGX Resources Limited/ADR,1537543,OTC
MITT-PB,"TPG Mortgage Investment Trust, Inc.",1514281,NYSE
ECCX,Eagle Point Credit Co Inc.,1604174,NYSE
NEWTI,"NewtekOne, Inc.",1587987,Nasdaq
NCV-PA,Virtus Convertible & Income Fund,1214935,NYSE
PTCHF,PureTech Health plc,1782999,OTC
OXLCO,Oxford Lane Capital Corp.,1495222,Nasdaq
CRD-B,CRAWFORD & CO,25475,NYSE
GMRE-PA,Global Medical REIT Inc.,1533615,NYSE
ERLFF,Entree Resources Ltd.,1271554,OTC
GSCCF,ioneer Ltd,1896084,OTC
GDRZF,GOLD RESERVE LTD,1072725,OTC
AVHHL,"AVITA Medical, Inc.",1762303,OTC
VSOGF,"Vista Energy, S.A.B. de C.V.",1762506,OTC
ARTNB,ARTESIAN RESOURCES CORP,863110,OTC
CKDXF,Opthea Ltd,1815620,OTC
CNTHP,CONNECTICUT LIGHT & POWER CO,23426,OTC
IHRTB,"iHeartMedia, Inc.",1400891,OTC
GUT-PC,GABELLI UTILITY TRUST,1080720,NYSE
CNLPL,CONNECTICUT LIGHT & POWER CO,23426,OTC
NCZ-PA,Virtus Convertible & Income Fund II,1227857,NYSE
DFPH,"Oncology Institute, Inc.",1799191,OTC
DSX-PB,DIANA SHIPPING INC.,1318885,NYSE
CNTHO,CONNECTICUT LIGHT & POWER CO,23426,OTC
RVRF,River Financial Corp,1641601,OTC
BHR-PB,Braemar Hotels & Resorts Inc.,1574085,NYSE
MTMV,Motomova Inc,1393044,OTC
CHMI-PB,Cherry Hill Mortgage Investment Corp,1571776,NYSE
CRAWA,CRAWFORD UNITED Corp,47307,OTC
CNLHO,CONNECTICUT LIGHT & POWER CO,23426,OTC
DFNS,"IronNet, Inc.",1777946,Nasdaq
PRRUF,IMMUTEP Ltd,1506184,OTC
CNTHN,CONNECTICUT LIGHT & POWER CO,23426,OTC
SLNCF,Silence Therapeutics plc,1479615,OTC
APLMW,Apollomics Inc.,1944885,Nasdaq
CNLHP,CONNECTICUT LIGHT & POWER CO,23426,OTC
ARCXF,ArcelorMittal,1243429,OTC
CNLTP,CONNECTICUT LIGHT & POWER CO,23426,OTC
OABI,"OmniAb, Inc.",1846253,Nasdaq
CNLTL,CONNECTICUT LIGHT & POWER CO,23426,OTC
IPHYF,Innate Pharma SA,1598599,OTC
CNPWM,CONNECTICUT LIGHT & POWER CO,23426,OTC
FSFG,"First Savings Financial Group, Inc.",1435508,Nasdaq
BHR-PD,Braemar Hotels & Resorts Inc.,1574085,NYSE
PRTHU,"Priority Technology Holdings, Inc.",1653558,OTC
CHMI-PA,Cherry Hill Mortgage Investment Corp,1571776,NYSE
CNPWP,CONNECTICUT LIGHT & POWER CO,23426,OTC
LANDP,GLADSTONE LAND Corp,1495240,Nasdaq
CNLPM,CONNECTICUT LIGHT & POWER CO,23426,OTC
CNLTN,CONNECTICUT LIGHT & POWER CO,23426,OTC
RLFTY,Relief Therapeutics Holding SA,1854078,OTC
OPGN,OPGEN INC,1293818,OTC
CTGL,"CITRINE GLOBAL, CORP.",1498067,OTC
ENO,"ENTERGY NEW ORLEANS, LLC",71508,NYSE
AHT-PG,ASHFORD HOSPITALITY TRUST INC,1232582,NYSE
CNLHN,CONNECTICUT LIGHT & POWER CO,23426,OTC
AHT-PD,ASHFORD HOSPITALITY TRUST INC,1232582,NYSE
BNIGF,Beroni Group Ltd,1851651,OTC
NVNXF,NOVONIX Ltd,1859795,OTC
IVEVF,Inventiva S.A.,1756594,OTC
PMHG,Prime Meridian Holding Co,1586454,OTC
AHT-PF,ASHFORD HOSPITALITY TRUST INC,1232582,NYSE
MSCLF,Satellos Bioscience Inc.,1421642,OTC
AHT-PI,ASHFORD HOSPITALITY TRUST INC,1232582,NYSE
AHT-PH,ASHFORD HOSPITALITY TRUST INC,1232582,NYSE
ECXJ,"CXJ GROUP CO., Ltd",1823635,OTC
CDR-PC,"CEDAR REALTY TRUST, INC.",761648,NYSE
SB-PD,"SAFE BULKERS, INC.",1434754,NYSE
SB-PC,"SAFE BULKERS, INC.",1434754,NYSE
CDR-PB,"CEDAR REALTY TRUST, INC.",761648,NYSE
EBRCZ,"EBR Systems, Inc.",1347123,OTC
DLNG-PA,Dynagas LNG Partners LP,1578453,NYSE
WONDF,WonderFi Technologies Inc.,1882839,OTC
OCGSF,Outcrop Silver & Gold Corp,942149,OTC
TTSH,"TILE SHOP HOLDINGS, INC.",1552800,OTC
LUCN,"Lucent, Inc.",1726079,OTC
BBXIB,"BBX Capital, Inc.",1814974,OTC
GEVI,CitroTech Inc.,894556,OTC
SINC,Sincerity Applied Materials Holdings Corp.,1532595,OTC
AOAO,Alpha One Inc.,2042320,OTC
ECF-PA,ELLSWORTH GROWTH & INCOME FUND LTD,793040,NYSE
RDIB,READING INTERNATIONAL INC,716634,Nasdaq
FATBB,"Fat Brands, Inc",1705012,Nasdaq
SOHOO,Sotherly Hotels Inc.,1301236,Nasdaq
SFDL,SECURITY FEDERAL CORP,818677,OTC
RAASY,Cloopen Group Holding Ltd,1804583,OTC
PRMLF,NexMetals Mining Corp.,795800,OTC
BCV-PA,BANCROFT FUND LTD,9521,NYSE
OFED,Oconee Federal Financial Corp.,1501078,OTC
RGBPP,Regen BioPharma Inc,1589150,OTC
GLU-PB,GABELLI GLOBAL UTILITY & INCOME TRUST,1282957,NYSE
BCTF,"Bancorp 34, Inc.",1668340,OTC
ATEK,Athena Technology Acquisition Corp. II,1882198,OTC
HRBR,"HARBOR DIVERSIFIED, INC.",899394,OTC
FUUFF,F3 Uranium Corp.,1703118,OTC
RLFTF,Relief Therapeutics Holding SA,1854078,OTC
GFASY,Gafisa S.A.,1389207,OTC
CPTP,CAPITAL PROPERTIES INC /RI/,202947,OTC
IXAQF,IX Acquisition Corp.,1852019,OTC
CRTAF,Cartica Acquisition Corp,1848437,OTC
BKSC,BANK OF SOUTH CAROLINA CORP,1007273,OTC
ENDI,ENDI Corp.,1908984,OTC
GSL-PB,"Global Ship Lease, Inc.",1430725,NYSE
KBSR,"KBS Real Estate Investment Trust III, Inc.",1482430,OTC
CULL,"Cullman Bancorp, Inc. /MD/",1845799,OTC
MPVDF,Mountain Province Diamonds Inc.,1004530,OTC
JOCM,JOCOM HOLDINGS CORP.,1907425,OTC
GGROU,Golden Growers Cooperative,1489874,OTC
CBRRF,Chain Bridge I,1845149,OTC
SOHOB,Sotherly Hotels Inc.,1301236,Nasdaq
SOHON,Sotherly Hotels Inc.,1301236,Nasdaq
ARRKF,ARRAS MINERALS CORP.,1855743,OTC
SHVLF,STARCORE INTERNATIONAL MINES LTD.,1301713,OTC
HSTC,"HST Global, Inc.",797564,OTC
GTMAY,GRUPO TMM SAB,1163560,OTC
HCIL,"Hongchang International Co., Ltd",1086303,OTC
ASCBF,ASPAC II Acquisition Corp.,1876716,OTC
NSRCF,NextSource Materials Inc.,1302084,OTC
FSHPU,Flag Ship Acquisition Corp,1850059,Nasdaq
QTIH,"QT IMAGING HOLDINGS, INC.",1844505,OTC
FBIOP,"Fortress Biotech, Inc.",1429260,Nasdaq
STRC,Strategy Inc,1050446,Nasdaq
MTBLY,"Moatable, Inc.",1509223,OTC
UBOH,UNITED BANCSHARES INC/OH,1087456,OTC
MLMC,"FrankSpeech Network, Inc.",1099234,OTC
JETBF,Global Crossing Airlines Group Inc.,1846084,OTC
BCOW,"1895 Bancorp of Wisconsin, Inc. /MD/",1847360,OTC
ILLR,Triller Group Inc.,1769624,OTC
TRLC,TriLinc Global Impact Fund LLC,1550453,OTC
XNDA,Tribal Rides International Corp.,1624985,OTC
ISPO,Inspirato Inc,1820566,Nasdaq
GRFXF,Graphex Group Ltd,1816723,OTC
CIZN,CITIZENS HOLDING CO /MS/,1075706,OTC
MDNAF,Medicenna Therapeutics Corp.,1807983,OTC
VICP,"Vicapsys Life Sciences, Inc.",1468639,OTC
NZEOF,New Zealand Oil & Gas Ltd/ADR,1445654,OTC
ENTX,Entera Bio Ltd.,1638097,Nasdaq
BBXIA,"BBX Capital, Inc.",1814974,OTC
UONEK,"URBAN ONE, INC.",1041657,Nasdaq
RMHI,"Retrieve Medical Holdings, Inc.",1452804,OTC
AVLNF,Avalon Advanced Materials Inc.,1362898,OTC
TKLS,"Trutankless, Inc.",1429393,OTC
CLCS,"Cell Source, Inc.",1569340,OTC
GBNY,"Generations Bancorp NY, Inc.",1823365,OTC
ZIVO,"Zivo Bioscience, Inc.",1101026,OTC
ILLMF,illumin Holdings Inc.,1861233,OTC
CCTSF,Cactus Acquisition Corp. 1 Ltd,1865861,OTC
WSKEF,Wisekey International Holding S.A.,1738699,OTC
NOWG,Nowigence Inc.,1761911,OTC
EAXR,"Ealixir, Inc.",832370,OTC
BIOE,Bio Essence Corp,1723059,OTC
ANPCF,ANGLE plc,1620678,OTC
AATC,AUTOSCOPE TECHNOLOGIES CORP,943034,OTC
LTSV,"Lightstone Value Plus REIT IV, Inc.",1619312,OTC
HSTI,"High Sierra Technologies, Inc.",1365388,OTC
OMCC,OLD MARKET CAPITAL Corp,1000045,OTC
GWLL,"GOLDENWELL BIOTECH, INC.",1800373,OTC
OSBK,OCONEE FINANCIAL CORP,1076691,OTC
PTN,PALATIN TECHNOLOGIES INC,911216,NYSE
XTXXF,Adastra Holdings Ltd.,1891512,OTC
ADXS,"Ayala Pharmaceuticals, Inc.",1100397,OTC
NINE,"Nine Energy Service, Inc.",1532286,NYSE
SCYYF,SCANDIUM INTERNATIONAL MINING CORP.,1408146,OTC
WVVIP,WILLAMETTE VALLEY VINEYARDS INC,838875,Nasdaq
BZRD,"Blubuzzard, Inc.",1765826,OTC
GRFXY,Graphex Group Ltd,1816723,OTC
VMNT,"Vemanti Group, Inc.",1605057,OTC
HLLK,"HALLMARK VENTURE GROUP, INC.",1331421,OTC
FNCH,"Finch Therapeutics Group, Inc.",1733257,OTC
VWFB,"VWF Bancorp, Inc.",1913838,OTC
AFGC,AMERICAN FINANCIAL GROUP INC,1042046,NYSE
PAANF,Pan American Energy Corp. (Canada),1953588,OTC
BRCNF,Burcon NutraScience Corp,1158399,OTC
WHLM,"Wilhelmina International, Inc.",1013706,OTC
SFES,SAFEGUARD SCIENTIFICS INC,86115,OTC
GSTX,Graphene & Solar Technologies Ltd,1497649,OTC
BQST,Bioquest Corp,1568628,OTC
APLT,"Applied Therapeutics, Inc.",1697532,Nasdaq
MGTI,"MGT CAPITAL INVESTMENTS, INC.",1001601,OTC
KLGDD,Kalo Gold Corp.,1901931,OTC
WHLRD,"Wheeler Real Estate Investment Trust, Inc.",1527541,Nasdaq
GLBZ,GLEN BURNIE BANCORP,890066,OTC
CYCA,CYTTA CORP.,1383088,OTC
ODDAF,Odd Burger Corp,1949766,OTC
HMMR,HAMMER TECHNOLOGY HOLDINGS CORP.,1539680,OTC
PRNAF,ALTERITY THERAPEUTICS LTD,1131343,OTC
HOOK,HOOKIPA Pharma Inc.,1760542,OTC
TVE,Tennessee Valley Authority,1376986,NYSE
MCLE,Medicale Corp.,1827855,OTC
BNSOF,BONSO ELECTRONICS INTERNATIONAL INC,846546,OTC
TVC,Tennessee Valley Authority,1376986,NYSE
SALM,"SALEM MEDIA GROUP, INC. /DE/",1050606,OTC
SITS,"SOUTHERN ITS INTERNATIONAL, INC.",1468978,OTC
CUBT,Curative Biotechnology Inc,1400271,OTC
SILEF,Silver Elephant Mining Corp.,1545224,OTC
FALC,FALCONSTOR SOFTWARE INC,922521,OTC
AGLY,Atlantis Glory Inc.,1673504,OTC
TAIT,TAITRON COMPONENTS INC,942126,OTC
SWISF,Sekur Private Data Ltd.,1771755,OTC
IDWM,"IDW MEDIA HOLDINGS, INC.",1463833,OTC
PNPL,"PINEAPPLE, INC.",1654672,OTC
EVTK,EVENTIKO INC.,1816554,OTC
LDWY,"LENDWAY, INC.",875355,Nasdaq
PMDI,PSYCHEMEDICS CORP,806517,OTC
APHD,"VERDE BIO HOLDINGS, INC.",1490054,OTC
AAUGD,AERO ENERGY Ltd,1905688,OTC
CJAX,CoJax Oil & Gas Corp,1763925,OTC
SGTM,"Sustainable Green Team, Ltd.",1895251,OTC
SEAC,SEACHANGE INTERNATIONAL INC,1019671,OTC
PMEDF,Predictmedix Inc.,1868079,OTC
NEXCF,Nextech3D.AI Corp.,1737270,OTC
CARV,CARVER BANCORP INC,1016178,OTC
FULO,FULLNET COMMUNICATIONS INC,1092570,OTC
SCGY,"SCIENTIFIC ENERGY, INC",1276531,OTC
NGHI,"Galenfeha, Inc.",1574676,OTC
VQSSF,VIQ Solutions Inc.,1777765,OTC
RBCN,"Rubicon Technology, Inc.",1410172,OTC
GBCS,"SELECTIS HEALTH, INC.",727346,OTC
CRTD,"Creatd, Inc.",1357671,OTC
EESH,"EESTech, Inc.",1138867,OTC
BRRN,"Byrn, Inc.",1397795,OTC
MVCO,"Metavesco, Inc.",924095,OTC
UCLE,US NUCLEAR CORP.,1543623,OTC
SFUNY,Fang Holdings Ltd,1294404,OTC
YQAI,"YOUNEEQAI TECHNICAL SERVICES, INC.",1976923,OTC
EXDW,"Exceed World, Inc.",1634293,OTC
EGLXF,Enthusiast Gaming Holdings Inc. / Canada,1854233,OTC
ACRL,"Atacama Resources International, Inc.",1584618,OTC
AXIM,"AXIM BIOTECHNOLOGIES, INC.",1514946,OTC
LCHD,Leader Capital Holdings Corp.,1715433,OTC
FGCO,"Financial Gravity Companies, Inc.",1377167,OTC
VISL,"Vislink Technologies, Inc.",1565228,OTC
SUIC,SUIC Worldwide Holdings Ltd.,1394108,OTC
RSCF,"REFLECT SCIENTIFIC, INC.",1103090,OTC
TWNP,Twin Hospitality Group Inc.,2011954,Nasdaq
NXMH,"Next Meats Holdings, Inc.",1811530,OTC
ASPU,"ASPEN GROUP, INC.",1487198,OTC
GLUC,"Glucose Health, Inc.",1420108,OTC
SIPN,"SIPP International Industries, Inc.",1128252,OTC
CANN,TREES Corp (Colorado),1477009,OTC
TGCB,"Tego Cyber, Inc.",1815632,OTC
NMGX,Nano Magic Inc.,891417,OTC
CLSDQ,"Clearside Biomedical, Inc.",1539029,OTC
EGRX,"EAGLE PHARMACEUTICALS, INC.",827871,OTC
MTTCF,Steakholder Foods Ltd.,1828098,OTC
GRST,ETHEMA HEALTH Corp,792935,OTC
NUVI,Emo Capital Corp.,1410708,OTC
FAT,"Fat Brands, Inc",1705012,Nasdaq
EGTYF,Eguana Technologies Inc.,1629632,OTC
WDLF,"Decentral Life, Inc.",1281984,OTC
FZMD,"Fuse Medical, Inc.",319016,OTC
BWMG,"Brownie's Marine Group, Inc",1166708,OTC
EBZT,"Everything Blockchain, Inc.",1730869,OTC
SRMX,"SADDLE RANCH MEDIA, INC.",841533,OTC
VCNX,"VACCINEX, INC.",1205922,OTC
WNFT,Worldwide NFT Inc.,1528188,OTC
UCIX,"Umbra Companies, Inc.",1358099,OTC
RDAR,"Telvantis, Inc.",1384365,OTC
ECIA,ENCISION INC,930775,OTC
UCASU,UC Asset LP,1723517,OTC
CETXP,CEMTREX INC,1435064,OTC
GPLL,"GPL Holdings, Inc.",1883083,OTC
TAAG,"Awareness Group, Inc.",1386044,OTC
IMPM,IMPAC MORTGAGE HOLDINGS INC,1000298,OTC
MAJI,"Exousia Pro, Inc.",1492448,OTC
VERO,Venus Concept Inc.,1409269,Nasdaq
HHHEF,37 CAPITAL INC,825171,OTC
IWAL,iWallet Corp,1498372,OTC
TPHS,Trinity Place Holdings Inc.,724742,OTC
DTGI,"Digerati Technologies, Inc.",1014052,OTC
JRSS,JRSIS HEALTH CARE Corp,1597892,OTC
SSHT,SSHT S&T Group Ltd.,1975222,OTC
KNOS,KRONOS ADVANCED TECHNOLOGIES INC,1108248,OTC
TKOI,TELKONET INC,1094084,OTC
MYCB,"My City Builders, Inc.",1556801,OTC
AGNPF,Algernon Health Inc.,1642178,OTC
BKTH,MEGOLA INC,1144392,OTC
BYOC,"Beyond Commerce, Inc.",1386049,OTC
SNNC,"Sibannac, Inc.",1313938,OTC
CARM,Carisma Therapeutics Inc.,1485003,OTC
VYRE,CABO VERDE CAPITAL INC.,1127007,OTC
GOGR,Go Green Global Technologies Corp.,1378866,OTC
RNGC,Ranger Gold Corp.,1434740,OTC
SYIN,"Synbio International, Inc.",1292490,OTC
PHBI,Pharmagreen Biotech Inc.,1435181,OTC
SRNE,"Sorrento Therapeutics, Inc.",850261,OTC
WHLRP,"Wheeler Real Estate Investment Trust, Inc.",1527541,Nasdaq
SFWJ,"Software Effective Solutions, Corp.",1919847,OTC
SPQS,"SportsQuest, Inc.",803097,OTC
FBDS,Fuss Brands Corp.,926844,OTC
MGHL,MORGAN GROUP HOLDING CO,1162283,OTC
CPWR,Ocean Thermal Energy Corp,827099,OTC
MOBBW,Mobilicom Ltd,1898643,Nasdaq
TNBI,Tanke Biosciences Corp,1452011,OTC
PCYN,PROCYON CORP,812306,OTC
KITL,Kisses From Italy Inc.,1608092,OTC
PLSH,"PANACEA LIFE SCIENCES HOLDINGS, INC.",1552189,OTC
FVTI,"Fortune Valley Treasures, Inc.",1626745,OTC
GSPI,"Green Star Products, Inc.",1461708,OTC
CREV,Carbon Revolution Public Ltd Co,1960208,Nasdaq
ASII,"Accredited Solutions, Inc.",1464865,OTC
HBUV,Hubilu Venture Corp,1639068,OTC
INNI,"Innovaro, Inc.",1098482,OTC
CDSG,"China Dongsheng International, Inc.",946112,OTC
NTRR,NEUTRA CORP.,1512886,OTC
ESSI,"ECO SCIENCE SOLUTIONS, INC.",1490873,OTC
KOAN,"Resonate Blends, Inc.",897078,OTC
RTON,"Right On Brands, Inc.",1580262,OTC
GMZP,GEMZ Corp. NV,1973160,OTC
MDEX,Madison Technologies Inc.,1318268,OTC
ADMG,ADAMANT DRI PROCESSING & MINERALS GROUP,1171008,OTC
RDGA,RIDGEFIELD ACQUISITION CORP,812152,OTC
CRDV,Community Redevelopment Inc.,1084551,OTC
KACLF,Kairous Acquisition Corp. Ltd,1865468,OTC
ZPTA,"Zapata Quantum, Inc.",1843714,OTC
KGKG,"KONA GOLD BEVERAGE, INC.",1802546,OTC
FRQN,"Frequency Holdings, Inc",1624517,OTC
MMMW,MASS MEGAWATTS WIND POWER INC,1117228,OTC
BLPG,"Blue Line Protection Group, Inc.",1416697,OTC
EHVVF,"Ehave, Inc.",1653606,OTC
TKMO,"Tekumo, Inc.",1946585,OTC
APSI,AQUA POWER SYSTEMS INC.,1553264,OTC
XELA,"Exela Technologies, Inc.",1620179,OTC
MASN,"Maison Luxe, Inc.",1486452,OTC
SHGI,"Sparx Holdings Group, Inc.",1874138,OTC
GMBL,"ESPORTS ENTERTAINMENT GROUP, INC.",1451448,OTC
GXXM,"GEX MANAGEMENT, INC.",1681556,OTC
PLPL,"Plandai Biotechnology, Inc.",1317880,OTC
EDGM,"Edgemode, Inc.",1652958,OTC
OXBRW,OXBRIDGE RE HOLDINGS Ltd,1584831,Nasdaq
GWSO,"Global Warming Solutions, Inc.",1430300,OTC
EMED,"Electromedical Technologies, Inc",1715819,OTC
TCBPY,TC BioPharm (Holdings) plc,1872812,OTC
DPUI,"DISCOUNT PRINT USA, INC.",1791929,OTC
ENDV,"ENDONOVO THERAPEUTICS, INC.",1528172,OTC
CDIXD,Cardiff Lexington Corp,811222,OTC
NVOS,"Novo Integrated Sciences, Inc.",1138978,OTC
GIPL,Global Innovative Platforms Inc.,1837774,OTC
SONX,"Sonendo, Inc.",1407973,OTC
SCPX,"Scorpius Holdings, Inc.",1476963,OTC
DWAY,"Driveitaway Holdings, Inc.",1394638,OTC
TTOO,"T2 Biosystems, Inc.",1492674,OTC
ACBM,"ACRO BIOMEDICAL CO., LTD.",1622996,OTC
SNPW,Sun Pacific Holding Corp.,1343465,OTC
USDP,USD Partners LP,1610682,OTC
SYRS,"Syros Pharmaceuticals, Inc.",1556263,OTC
DSGT,DSG Global Inc.,1413909,OTC
OZSCD,"OZOP ENERGY SOLUTIONS, INC.",1679817,OTC
AMPE,"Ampio Pharmaceuticals, Inc.",1411906,OTC
ARDS,"Aridis Pharmaceuticals, Inc.",1614067,OTC
SING,SinglePoint Inc.,1443611,OTC
AHII,American Heritage International Inc.,1545236,OTC
BAC-PL,BANK OF AMERICA CORP /DE/,70858,NYSE
ASBA,ASSOCIATED BANC-CORP,7789,NYSE
ASB-PF,ASSOCIATED BANC-CORP,7789,NYSE
WRB-PF,BERKLEY W R CORP,11544,NYSE
WRB-PG,BERKLEY W R CORP,11544,NYSE
WRB-PH,BERKLEY W R CORP,11544,NYSE
BA-PA,BOEING CO,12927,NYSE
NSARO,NSTAR ELECTRIC CO,13372,OTC
NSARP,NSTAR ELECTRIC CO,13372,OTC
CELG-RI,BRISTOL MYERS SQUIBB CO,14272,NYSE
BC-PC,BRUNSWICK CORP,14930,NYSE
AILIO,Ameren Illinois Co,18654,OTC
AILIP,Ameren Illinois Co,18654,OTC
AMJB,JPMORGAN CHASE & CO,19617,NYSE
JPM-PJ,JPMORGAN CHASE & CO,19617,NYSE
JPM-PK,JPMORGAN CHASE & CO,19617,NYSE
JPM-PL,JPMORGAN CHASE & CO,19617,NYSE
JPM-PM,JPMORGAN CHASE & CO,19617,NYSE
VYLD,JPMORGAN CHASE & CO,19617,NYSE
CTO-PA,"CTO Realty Growth, Inc.",23795,NYSE
CMA-PB,COMERICA INC,28412,NYSE
DDT,"DILLARD'S, INC.",28917,NYSE
FITBM,FIFTH THIRD BANCORP,35527,Nasdaq
FITBO,FIFTH THIRD BANCORP,35527,Nasdaq
FITBP,FIFTH THIRD BANCORP,35527,Nasdaq
USB-PQ,US BANCORP \DE\,36104,NYSE
USB-PR,US BANCORP \DE\,36104,NYSE
USB-PS,US BANCORP \DE\,36104,NYSE
MTB-PH,M&T BANK CORP,36270,NYSE
MTB-PJ,M&T BANK CORP,36270,NYSE
MTB-PK,M&T BANK CORP,36270,NYSE
FHN-PC,FIRST HORIZON CORP,36966,NYSE
FHN-PE,FIRST HORIZON CORP,36966,NYSE
FHN-PF,FIRST HORIZON CORP,36966,NYSE
F-PB,FORD MOTOR CO,37996,NYSE
F-PC,FORD MOTOR CO,37996,NYSE
F-PD,FORD MOTOR CO,37996,NYSE
CFR-PB,"CULLEN/FROST BANKERS, INC.",39263,NYSE
BOH-PA,BANK OF HAWAII CORP,46195,NYSE
BOH-PB,BANK OF HAWAII CORP,46195,NYSE
HBANL,HUNTINGTON BANCSHARES INC /MD/,49196,Nasdaq
HBANM,HUNTINGTON BANCSHARES INC /MD/,49196,Nasdaq
HBANP,HUNTINGTON BANCSHARES INC /MD/,49196,Nasdaq
HBANZ,HUNTINGTON BANCSHARES INC /MD/,49196,Nasdaq
INPAP,INTERNATIONAL PAPER CO /NEW/,51434,OTC
LNC-PD,LINCOLN NATIONAL CORP,59558,NYSE
SLNHP,"Soluna Holdings, Inc",64463,Nasdaq
MSEXP,MIDDLESEX WATER CO,66004,OTC
MNESP,MSA Safety Inc,66570,OTC
CTDD,QWEST CORP,68622,NYSE
BAC-PM,BANK OF AMERICA CORP /DE/,70858,NYSE
BAC-PN,BANK OF AMERICA CORP /DE/,70858,NYSE
BAC-PO,BANK OF AMERICA CORP /DE/,70858,NYSE
BAC-PP,BANK OF AMERICA CORP /DE/,70858,NYSE
BAC-PQ,BANK OF AMERICA CORP /DE/,70858,NYSE
BAC-PS,BANK OF AMERICA CORP /DE/,70858,NYSE
BACRP,BANK OF AMERICA CORP /DE/,70858,OTC
MER-PK,BANK OF AMERICA CORP /DE/,70858,NYSE
MOVAA,MOVADO GROUP INC,72573,OTC
XELLL,XCEL ENERGY INC,72903,Nasdaq
WFCNP,WELLS FARGO & COMPANY/MN,72971,OTC
WFC-PA,WELLS FARGO & COMPANY/MN,72971,NYSE
WFC-PD,WELLS FARGO & COMPANY/MN,72971,NYSE
WFC-PZ,WELLS FARGO & COMPANY/MN,72971,NYSE
NTRSO,NORTHERN TRUST CORP,73124,Nasdaq
PNMXO,PUBLIC SERVICE CO OF NEW MEXICO,81023,OTC
SENEL,Seneca Foods Corp,88948,OTC
SENEM,Seneca Foods Corp,88948,OTC
KEY-PL,KEYCORP /NEW/,91576,NYSE
SCE-PG,SOUTHERN CALIFORNIA EDISON Co,92103,NYSE
SCE-PK,SOUTHERN CALIFORNIA EDISON Co,92103,NYSE
SCE-PL,SOUTHERN CALIFORNIA EDISON Co,92103,NYSE
SCE-PM,SOUTHERN CALIFORNIA EDISON Co,92103,NYSE
SCE-PN,SOUTHERN CALIFORNIA EDISON Co,92103,NYSE
SOCGM,SOUTHERN CALIFORNIA GAS CO,92108,OTC
SOJD,SOUTHERN CO,92122,NYSE
SOJE,SOUTHERN CO,92122,NYSE
SOJF,SOUTHERN CO,92122,NYSE
SOMN,SOUTHERN CO,92122,NYSE
TFC-PI,TRUIST FINANCIAL CORP,92230,NYSE
TFC-PO,TRUIST FINANCIAL CORP,92230,NYSE
TFC-PR,TRUIST FINANCIAL CORP,92230,NYSE
TDDWW,TIDEWATER INC,98222,OTC
TDGMW,TIDEWATER INC,98222,OTC
TCPA,TRANSCANADA PIPELINES LTD,99070,NYSE
UEPCO,UNION ELECTRIC CO,100826,OTC
UMBFO,UMB FINANCIAL CORP,101382,Nasdaq
VSECU,VSE CORP,102752,Nasdaq
WELPM,WISCONSIN ELECTRIC POWER CO,107815,OTC
ZIONP,"ZIONS BANCORPORATION, NATIONAL ASSOCIATION /UT/",109380,Nasdaq
WSBCO,WESBANCO INC,203596,Nasdaq
SIGIP,SELECTIVE INSURANCE GROUP INC,230557,Nasdaq
FNMAP,FEDERAL NATIONAL MORTGAGE ASSOCIATION FANNIE MAE,310522,OTC
ATMP,BARCLAYS BANK PLC,312070,CBOE
BWVTF,BARCLAYS BANK PLC,312070,OTC
DJP,BARCLAYS BANK PLC,312070,NYSE
GBUG,BARCLAYS BANK PLC,312070,Nasdaq
GRN,BARCLAYS BANK PLC,312070,NYSE
JJETF,BARCLAYS BANK PLC,312070,OTC
TAPR,BARCLAYS BANK PLC,312070,CBOE
VXX,BARCLAYS BANK PLC,312070,CBOE
VXZ,BARCLAYS BANK PLC,312070,CBOE
BPPFF,BP PLC,313807,OTC
BUSEP,FIRST BUSEY CORP /NV/,314489,Nasdaq
VAL-WT,Valaris Ltd,314808,NYSE
SCHW-PJ,SCHWAB CHARLES CORP,316709,NYSE
GL-PD,GLOBE LIFE INC.,320335,NYSE
FULTP,FULTON FINANCIAL CORP,700564,Nasdaq
KGCRF,KINROSS GOLD CORP,701818,OTC
ONBPO,OLD NATIONAL BANCORP /IN/,707179,Nasdaq
ONBPP,OLD NATIONAL BANCORP /IN/,707179,Nasdaq
FRMEP,FIRST MERCHANTS CORP,712534,Nasdaq
CNOBP,"ConnectOne Bancorp, Inc.",712771,Nasdaq
VLYPN,VALLEY NATIONAL BANCORP,714310,Nasdaq
BCAEF,BCE INC,718940,OTC
BCEFF,BCE INC,718940,OTC
BCENF,BCE INC,718940,OTC
BCEPF,BCE INC,718940,OTC
BCEXF,BCE INC,718940,OTC
BCPPF,BCE INC,718940,OTC
WBKCY,WESTPAC BANKING CORP,719245,OTC
SFB,STIFEL FINANCIAL CORP,720672,NYSE
SF-PC,STIFEL FINANCIAL CORP,720672,NYSE
SF-PD,STIFEL FINANCIAL CORP,720672,NYSE
DHTI,"Dalrada Technology Group, Inc.",725394,OTC
CDZIP,CADIZ INC,727273,Nasdaq
T-PA,AT&T INC.,732717,NYSE
T-PC,AT&T INC.,732717,NYSE
CCNEP,CNB FINANCIAL CORP/PA,736772,Nasdaq
ERNAW,Ernexa Therapeutics Inc.,748592,Nasdaq
LAWIL,"Light & Wonder, Inc.",750004,OTC
LNWO,"Light & Wonder, Inc.",750004,OTC
HWCPZ,HANCOCK WHITNEY CORP,750577,Nasdaq
NEE-PN,NEXTERA ENERGY INC,753308,NYSE
NEE-PS,NEXTERA ENERGY INC,753308,NYSE
NEE-PT,NEXTERA ENERGY INC,753308,NYSE
NEE-PU,NEXTERA ENERGY INC,753308,NYSE
CFG-PE,CITIZENS FINANCIAL GROUP INC/RI,759944,NYSE
CFG-PH,CITIZENS FINANCIAL GROUP INC/RI,759944,NYSE
CFG-PI,CITIZENS FINANCIAL GROUP INC/RI,759944,NYSE
BANFP,BANCFIRST CORP /OK/,760498,Nasdaq
BPOPM,"POPULAR, INC.",763901,Nasdaq
AEFC,AEGON LTD.,769218,NYSE
NPPXF,NIPPON TELEGRAPH & TELEPHONE CORP,769594,OTC
PAASF,PAN AMERICAN SILVER CORP,771992,OTC
ABAKF,"ABRDN ASIA-PACIFIC INCOME FUND, INC.",790500,OTC
XOMAO,XOMA Royalty Corp,791908,Nasdaq
XOMAP,XOMA Royalty Corp,791908,Nasdaq
HACBF,HACHIJUNI BANK LTD,793742,OTC
GAB-PK,GABELLI EQUITY TRUST INC,794685,NYSE
OXY-WT,OCCIDENTAL PETROLEUM CORP /DE/,797468,NYSE
FCNCN,FIRST CITIZENS BANCSHARES INC /DE/,798941,Nasdaq
FCNCO,FIRST CITIZENS BANCSHARES INC /DE/,798941,Nasdaq
FCNCP,FIRST CITIZENS BANCSHARES INC /DE/,798941,Nasdaq
FCZBL,FIRST CITIZENS BANCSHARES INC /DE/,798941,OTC
UNTCW,UNIT CORP,798949,OTC
WBS-PG,WEBSTER FINANCIAL CORP,801337,NYSE
CMSC,CMS ENERGY CORP,811156,NYSE
CMSD,CMS ENERGY CORP,811156,NYSE
CMS-PC,CMS ENERGY CORP,811156,NYSE
TELFY,TELEFONICA S A,814052,OTC
UZD,"ARRAY DIGITAL INFRASTRUCTURE, INC.",821130,NYSE
UZE,"ARRAY DIGITAL INFRASTRUCTURE, INC.",821130,NYSE
UZF,"ARRAY DIGITAL INFRASTRUCTURE, INC.",821130,NYSE
CHSCL,CHS INC,823277,Nasdaq
CHSCM,CHS INC,823277,Nasdaq
CHSCN,CHS INC,823277,Nasdaq
CHSCO,CHS INC,823277,Nasdaq
DX-PC,DYNEX CAPITAL INC,826675,NYSE
MCHPP,MICROCHIP TECHNOLOGY INC,827054,Nasdaq
CLSKW,"CLEANSPARK, INC.",827876,Nasdaq
C-PN,CITIGROUP INC,831001,NYSE
C-PR,CITIGROUP INC,831001,NYSE
CWLXF,C21 Investments Inc.,831609,OTC
AGM-PE,FEDERAL AGRICULTURAL MORTGAGE CORP,845877,NYSE
AGM-PF,FEDERAL AGRICULTURAL MORTGAGE CORP,845877,NYSE
AGM-PG,FEDERAL AGRICULTURAL MORTGAGE CORP,845877,NYSE
AGM-PH,FEDERAL AGRICULTURAL MORTGAGE CORP,845877,NYSE
DCOMG,"Dime Community Bancshares, Inc. /NY/",846617,Nasdaq
DCOMP,"Dime Community Bancshares, Inc. /NY/",846617,Nasdaq
GENVR,Gen Digital Inc.,849399,Nasdaq
GRWFF,GREAT-WEST LIFECO INC.,850918,OTC
GRWLF,GREAT-WEST LIFECO INC.,850918,OTC
GRWTF,GREAT-WEST LIFECO INC.,850918,OTC
GWLPF,GREAT-WEST LIFECO INC.,850918,OTC
KMPB,KEMPER Corp,860748,NYSE
WOLTF,WOLTERS KLUWER N V /FI,861967,OTC
INVUP,"Investview, Inc.",862651,OTC
FIISO,FINANCIAL INSTITUTIONS INC,862831,OTC
FIISP,FINANCIAL INSTITUTIONS INC,862831,OTC
KIM-PN,KIMCO REALTY CORP,879101,NYSE
AERGP,"APPLIED ENERGETICS, INC.",879911,OTC
AUB-PA,Atlantic Union Bankshares Corp,883948,NYSE
FCELB,FUELCELL ENERGY INC,886128,OTC
LGNDZ,LIGAND PHARMACEUTICALS INC,886163,OTC
LGNXZ,LIGAND PHARMACEUTICALS INC,886163,OTC
LGNYZ,LIGAND PHARMACEUTICALS INC,886163,OTC
LGNZZ,LIGAND PHARMACEUTICALS INC,886163,OTC
GSCE,GOLDMAN SACHS GROUP INC,886982,OTC
EXEEL,EXPAND ENERGY Corp,895126,Nasdaq
EXEEW,EXPAND ENERGY Corp,895126,Nasdaq
EXEEZ,EXPAND ENERGY Corp,895126,Nasdaq
MS-PL,MORGAN STANLEY,895421,NYSE
MS-PO,MORGAN STANLEY,895421,NYSE
MS-PP,MORGAN STANLEY,895421,NYSE
MS-PQ,MORGAN STANLEY,895421,NYSE
EBBGF,ENBRIDGE INC,895728,OTC
EBGEF,ENBRIDGE INC,895728,OTC
EBRGF,ENBRIDGE INC,895728,OTC
EBRZF,ENBRIDGE INC,895728,OTC
ENBFF,ENBRIDGE INC,895728,OTC
ENBGF,ENBRIDGE INC,895728,OTC
ENBHF,ENBRIDGE INC,895728,OTC
ENBMF,ENBRIDGE INC,895728,OTC
ENBNF,ENBRIDGE INC,895728,OTC
ENBOF,ENBRIDGE INC,895728,OTC
ENBRF,ENBRIDGE INC,895728,OTC
ENBSF,ENBRIDGE INC,895728,OTC
ENFFF,ENBRIDGE INC,895728,OTC
ENNPF,ENBRIDGE INC,895728,OTC
CTLPP,"CANTALOUPE, INC.",896429,OTC
GPUS-PD,"Hyperscale Data, Inc.",896493,NYSE
SPE-PC,"SPECIAL OPPORTUNITIES FUND, INC.",897802,NYSE
RZC,REINSURANCE GROUP OF AMERICA INC,898174,NYSE
ALL-PI,ALLSTATE CORP,899051,NYSE
ALL-PJ,ALLSTATE CORP,899051,NYSE
VNO-PN,VORNADO REALTY TRUST,899689,NYSE
VNO-PO,VORNADO REALTY TRUST,899689,NYSE
BFS-PE,"SAUL CENTERS, INC.",907254,NYSE
TXEMF,TEMPLETON EMERGING MARKETS INCOME FUND,909112,OTC
FLG-PA,"FLAGSTAR BANK, NATIONAL ASSOCIATION",910073,NYSE
FLG-PU,"FLAGSTAR BANK, NATIONAL ASSOCIATION",910073,NYSE
REGCO,REGENCY CENTERS CORP,910606,Nasdaq
REGCP,REGENCY CENTERS CORP,910606,Nasdaq
PREJF,PARTNERRE LTD,911421,OTC
MLCMF,MILLICOM INTERNATIONAL CELLULAR SA,912958,OTC
RNR-PG,RENAISSANCERE HOLDINGS LTD,913144,NYSE
GRLFD,GREEN LEAF INNOVATIONS INC,915661,OTC
ALB-PA,ALBEMARLE CORP,915913,NYSE
ADC-PA,AGREE REALTY CORP,917251,NYSE
GGT-PG,GABELLI MULTIMEDIA TRUST INC.,921671,NYSE
COF-PI,CAPITAL ONE FINANCIAL CORP,927628,NYSE
COF-PJ,CAPITAL ONE FINANCIAL CORP,927628,NYSE
COF-PK,CAPITAL ONE FINANCIAL CORP,927628,NYSE
COF-PL,CAPITAL ONE FINANCIAL CORP,927628,NYSE
COF-PN,CAPITAL ONE FINANCIAL CORP,927628,NYSE
BERZ,BANK OF MONTREAL /CAN/,927971,NYSE
BNKD,BANK OF MONTREAL /CAN/,927971,NYSE
BNKU,BANK OF MONTREAL /CAN/,927971,NYSE
BULZ,BANK OF MONTREAL /CAN/,927971,NYSE
CARD,BANK OF MONTREAL /CAN/,927971,NYSE
CARU,BANK OF MONTREAL /CAN/,927971,NYSE
DULL,BANK OF MONTREAL /CAN/,927971,NYSE
FLYD,BANK OF MONTREAL /CAN/,927971,NYSE
FLYU,BANK OF MONTREAL /CAN/,927971,NYSE
FNGO,BANK OF MONTREAL /CAN/,927971,NYSE
FNGS,BANK OF MONTREAL /CAN/,927971,NYSE
FNGU,BANK OF MONTREAL /CAN/,927971,NYSE
GDXD,BANK OF MONTREAL /CAN/,927971,NYSE
GDXU,BANK OF MONTREAL /CAN/,927971,NYSE
JETD,BANK OF MONTREAL /CAN/,927971,NYSE
JETU,BANK OF MONTREAL /CAN/,927971,NYSE
NRGD,BANK OF MONTREAL /CAN/,927971,NYSE
NRGU,BANK OF MONTREAL /CAN/,927971,NYSE
OILD,BANK OF MONTREAL /CAN/,927971,NYSE
OILU,BANK OF MONTREAL /CAN/,927971,NYSE
SHNY,BANK OF MONTREAL /CAN/,927971,NYSE
WTID,BANK OF MONTREAL /CAN/,927971,NYSE
WTIU,BANK OF MONTREAL /CAN/,927971,NYSE
RWTN,REDWOOD TRUST INC,930236,NYSE
RWTO,REDWOOD TRUST INC,930236,NYSE
RWTP,REDWOOD TRUST INC,930236,NYSE
RWT-PA,REDWOOD TRUST INC,930236,NYSE
RWTQ,REDWOOD TRUST INC,930236,NYSE
XXAAU,AEI INCOME & GROWTH FUND XXI LTD PARTNERSHIP,931755,OTC
IRS-WT,IRSA INVESTMENTS & REPRESENTATIONS INC,933267,NYSE
DTB,DTE ENERGY CO,936340,NYSE
DTG,DTE ENERGY CO,936340,NYSE
DTK,DTE ENERGY CO,936340,NYSE
WAFDP,WAFD INC,936528,Nasdaq
WINTW,WINDTREE THERAPEUTICS INC /DE/,946486,OTC
TDBCP,TORONTO DOMINION BANK,947263,OTC
ACGLN,ARCH CAPITAL GROUP LTD.,947484,Nasdaq
LFMDP,"LifeMD, Inc.",948320,Nasdaq
MBNKO,MEDALLION FINANCIAL CORP,1000209,Nasdaq
RYLBF,ROYAL BANK OF CANADA,1000275,OTC
BAMKF,BROOKFIELD Corp /ON/,1001085,OTC
BKAMF,BROOKFIELD Corp /ON/,1001085,OTC
BKFAF,BROOKFIELD Corp /ON/,1001085,OTC
BKFDF,BROOKFIELD Corp /ON/,1001085,OTC
BKFOF,BROOKFIELD Corp /ON/,1001085,OTC
BKFPF,BROOKFIELD Corp /ON/,1001085,OTC
BKPA,BROOKFIELD Corp /ON/,1001085,OTC
BNH,BROOKFIELD Corp /ON/,1001085,NYSE
BNJ,BROOKFIELD Corp /ON/,1001085,NYSE
BRCFF,BROOKFIELD Corp /ON/,1001085,OTC
BRFCF,BROOKFIELD Corp /ON/,1001085,OTC
BROXF,BROOKFIELD Corp /ON/,1001085,OTC
BRPSF,BROOKFIELD Corp /ON/,1001085,OTC
BXDIF,BROOKFIELD Corp /ON/,1001085,OTC
NEWEN,NATIONAL GRID PLC,1004315,OTC
NMKBP,NATIONAL GRID PLC,1004315,OTC
NMKCP,NATIONAL GRID PLC,1004315,OTC
NMPWP,NATIONAL GRID PLC,1004315,OTC
MGR,"AFFILIATED MANAGERS GROUP, INC.",1004434,NYSE
MGRB,"AFFILIATED MANAGERS GROUP, INC.",1004434,NYSE
MGRD,"AFFILIATED MANAGERS GROUP, INC.",1004434,NYSE
MGRE,"AFFILIATED MANAGERS GROUP, INC.",1004434,NYSE
RHEPA,"REGIONAL HEALTH PROPERTIES, INC",1004724,OTC
RHEPB,"REGIONAL HEALTH PROPERTIES, INC",1004724,OTC
RHEPZ,"REGIONAL HEALTH PROPERTIES, INC",1004724,OTC
PCG-PX,PG&E Corp,1004980,NYSE
AIMDW,"Ainos, Inc.",1014763,Nasdaq
WTFCN,WINTRUST FINANCIAL CORP,1015328,Nasdaq
POWWP,Outdoor Holding Co,1015383,Nasdaq
SDCHD,"SideChannel, Inc.",1022505,OTC
PTIXW,"Protagenic Therapeutics, Inc.\new",1022899,OTC
EFSCP,ENTERPRISE FINANCIAL SERVICES CORP,1025835,Nasdaq
FMCKK,FEDERAL HOME LOAN MORTGAGE CORP,1026214,OTC
FREJP,FEDERAL HOME LOAN MORTGAGE CORP,1026214,OTC
SREA,SEMPRA,1032208,NYSE
CRESW,CRESUD INC,1034957,Nasdaq
ORANY,ORANGE,1038143,OTC
ELCPF,EDP ENERGIAS DE PORTUGAL SA,1039610,OTC
ANG-PD,American National Group Inc.,1039828,NYSE
AFGB,AMERICAN FINANCIAL GROUP INC,1042046,NYSE
AFGD,AMERICAN FINANCIAL GROUP INC,1042046,NYSE
AFGE,AMERICAN FINANCIAL GROUP INC,1042046,NYSE
NLY-PI,ANNALY CAPITAL MANAGEMENT INC,1043219,NYSE
NLY-PJ,ANNALY CAPITAL MANAGEMENT INC,1043219,NYSE
EPR-PC,EPR PROPERTIES,1045450,NYSE
EPR-PE,EPR PROPERTIES,1045450,NYSE
CNDIF,CANADIAN IMPERIAL BANK OF COMMERCE /CAN/,1045520,OTC
STRD,Strategy Inc,1050446,Nasdaq
STRF,Strategy Inc,1050446,Nasdaq
STRK,Strategy Inc,1050446,Nasdaq
TDS-PU,TELEPHONE & DATA SYSTEMS INC /DE/,1051512,NYSE
TDS-PV,TELEPHONE & DATA SYSTEMS INC /DE/,1051512,NYSE
GLDI,CREDIT SUISSE AG,1053092,Nasdaq
SLVO,CREDIT SUISSE AG,1053092,Nasdaq
USOI,CREDIT SUISSE AG,1053092,Nasdaq
MFAN,"MFA FINANCIAL, INC.",1055160,NYSE
MFAO,"MFA FINANCIAL, INC.",1055160,NYSE
MFA-PC,"MFA FINANCIAL, INC.",1055160,NYSE
NXPLW,NextPlat Corp,1058307,Nasdaq
EPDU,ENTERPRISE PRODUCTS PARTNERS L.P.,1061219,OTC
FNFPA,FIRST NILES FINANCIAL INC,1065823,OTC
SWZCF,SWISSCOM AG,1069336,OTC
APCXW,AppTech Payments Corp.,1070050,OTC
PAAPU,PLAINS ALL AMERICAN PIPELINE LP,1070423,OTC
TMSOF,THOMSON REUTERS CORP /CAN/,1075124,OTC
DHCNI,DIVERSIFIED HEALTHCARE TRUST,1075415,Nasdaq
DHCNL,DIVERSIFIED HEALTHCARE TRUST,1075415,Nasdaq
NOVTU,NOVANTA INC,1076930,Nasdaq
TCBIO,TEXAS CAPITAL BANCSHARES INC/TX,1077428,Nasdaq
TGOPF,3i GROUP PLC,1078716,OTC
SQFTP,"Presidio Property Trust, Inc.",1080657,Nasdaq
SQFTW,"Presidio Property Trust, Inc.",1080657,Nasdaq
MOBQW,"Mobiquity Technologies, Inc.",1084267,OTC
MNLCF,MANULIFE FINANCIAL CORP,1086888,OTC
MNQFF,MANULIFE FINANCIAL CORP,1086888,OTC
MNUFF,MANULIFE FINANCIAL CORP,1086888,OTC
MNUPF,MANULIFE FINANCIAL CORP,1086888,OTC
SNTUF,Santander UK plc,1087711,OTC
STNDF,Santander UK plc,1087711,OTC
SWKHL,SWK Holdings Corp,1089907,Nasdaq
SLFIF,SUN LIFE FINANCIAL INC,1097362,OTC
SLFQF,SUN LIFE FINANCIAL INC,1097362,OTC
SUNFF,SUN LIFE FINANCIAL INC,1097362,OTC
MET-PF,METLIFE INC,1099219,NYSE
ZIVOW,"Zivo Bioscience, Inc.",1101026,OTC
BFH-PA,"BREAD FINANCIAL HOLDINGS, INC.",1101215,NYSE
PTCCY,PETROCHINA CO LTD,1108329,OTC
BRKRP,BRUKER CORP,1109354,Nasdaq
CSCIF,COSCIENS Biopharma Inc.,1113423,OTC
AMUB,UBS AG,1114446,NYSE
BDCX,UBS AG,1114446,NYSE
BDCZ,UBS AG,1114446,NYSE
CEFD,UBS AG,1114446,NYSE
HDLB,UBS AG,1114446,NYSE
IFED,UBS AG,1114446,NYSE
IWDL,UBS AG,1114446,NYSE
IWFL,UBS AG,1114446,NYSE
IWML,UBS AG,1114446,NYSE
MLPB,UBS AG,1114446,NYSE
MLPR,UBS AG,1114446,NYSE
MTUL,UBS AG,1114446,NYSE
MVRL,UBS AG,1114446,NYSE
PFFL,UBS AG,1114446,NYSE
QULL,UBS AG,1114446,NYSE
SCDL,UBS AG,1114446,NYSE
SMHB,UBS AG,1114446,NYSE
UCIB,UBS AG,1114446,NYSE
USML,UBS AG,1114446,NYSE
SRJN,SPIRE INC,1126956,NYSE
EMICF,EMERA INC,1127248,OTC
EMRJF,EMERA INC,1127248,OTC
BGMSP,"Bio Green Med Solution, Inc.",1130166,Nasdaq
BBBY-WT,"BED BATH & BEYOND, INC.",1130713,NYSE
BMPA,"BMP AI Technologies, Inc.",1130781,OTC
ZNOGW,ZION OIL & GAS INC,1131312,OTC
PFH,PRUDENTIAL FINANCIAL INC,1137774,NYSE
PRH,PRUDENTIAL FINANCIAL INC,1137774,NYSE
PRS,PRUDENTIAL FINANCIAL INC,1137774,NYSE
TACPF,TRANSALTA CORP,1144800,OTC
TSLTF,TRANSALTA CORP,1144800,OTC
HNNAZ,HENNESSY ADVISORS INC,1145255,Nasdaq
ADZCF,DEUTSCHE BANK AKTIENGESELLSCHAFT,1159508,OTC
DEENF,DEUTSCHE BANK AKTIENGESELLSCHAFT,1159508,OTC
DGP,DEUTSCHE BANK AKTIENGESELLSCHAFT,1159508,NYSE
DGZ,DEUTSCHE BANK AKTIENGESELLSCHAFT,1159508,NYSE
DZZ,DEUTSCHE BANK AKTIENGESELLSCHAFT,1159508,NYSE
OLOXF,DEUTSCHE BANK AKTIENGESELLSCHAFT,1159508,OTC
LLOBF,Lloyds Banking Group plc,1160106,OTC
NBRWF,NABORS INDUSTRIES LTD,1163739,OTC
NEMCL,NEWMONT Corp /DE/,1164727,OTC
TEN-PE,TSAKOS ENERGY NAVIGATION LTD,1166663,NYSE
TEN-PF,TSAKOS ENERGY NAVIGATION LTD,1166663,NYSE
SHMLF,SHL TELEMEDICINE LTD,1166834,OTC
BANC-PF,"BANC OF CALIFORNIA, INC.",1169770,NYSE
HTHL,HUMITECH INTERNATIONAL GROUP INC,1170839,OTC
AGQPF,ALGONQUIN POWER & UTILITIES CORP.,1174169,OTC
AQNB,ALGONQUIN POWER & UTILITIES CORP.,1174169,NYSE
AEBMF,ANADOLU EFES BIRACILIK VE MALT SANAYI A S/ADR,1174511,OTC
ARES-PB,Ares Management Corp,1176948,NYSE
STRRP,"Star Equity Holdings, Inc.",1210708,Nasdaq
WAL-PA,WESTERN ALLIANCE BANCORPORATION,1212545,NYSE
CNO-PA,"CNO Financial Group, Inc.",1224608,NYSE
TCENF,TC ENERGY CORP,1232384,OTC
TCEYF,TC ENERGY CORP,1232384,OTC
TCNCF,TC ENERGY CORP,1232384,OTC
TRPEF,TC ENERGY CORP,1232384,OTC
TRPPF,TC ENERGY CORP,1232384,OTC
TRPRF,TC ENERGY CORP,1232384,OTC
GOODN,GLADSTONE COMMERCIAL CORP,1234006,Nasdaq
GOODO,GLADSTONE COMMERCIAL CORP,1234006,Nasdaq
QXO-PB,"QXO, Inc.",1236275,NYSE
ABR-PD,ARBOR REALTY TRUST INC,1253986,NYSE
ABR-PE,ARBOR REALTY TRUST INC,1253986,NYSE
ABR-PF,ARBOR REALTY TRUST INC,1253986,NYSE
QVCC,QVC INC,1254699,NYSE
OXSQG,Oxford Square Capital Corp.,1259429,Nasdaq
OXSQH,Oxford Square Capital Corp.,1259429,Nasdaq
GDV-PK,GABELLI DIVIDEND & INCOME TRUST,1260729,NYSE
AIZN,"ASSURANT, INC.",1267238,NYSE
AHL-PF,ASPEN INSURANCE HOLDINGS LTD,1267395,NYSE
ADAMG,"ADAMAS TRUST, INC.",1273685,Nasdaq
ADAMH,"ADAMAS TRUST, INC.",1273685,Nasdaq
ADAMI,"ADAMAS TRUST, INC.",1273685,Nasdaq
ADAML,"ADAMAS TRUST, INC.",1273685,Nasdaq
ADAMM,"ADAMAS TRUST, INC.",1273685,Nasdaq
ADAMN,"ADAMAS TRUST, INC.",1273685,Nasdaq
ADAMO,"ADAMAS TRUST, INC.",1273685,Nasdaq
ADAMZ,"ADAMAS TRUST, INC.",1273685,Nasdaq
ET-PI,Energy Transfer LP,1276187,NYSE
MFICL,MidCap Financial Investment Corp,1278752,Nasdaq
YRAIF,YARA INTERNATIONAL ASA,1279956,OTC
RF-PE,REGIONS FINANCIAL CORP,1281761,NYSE
RF-PF,REGIONS FINANCIAL CORP,1281761,NYSE
RCKTW,"ROCKET PHARMACEUTICALS, INC.",1281895,Nasdaq
GLU-PA,GABELLI GLOBAL UTILITY & INCOME TRUST,1282957,NYSE
TMUSI,"T-Mobile US, Inc.",1283699,Nasdaq
TMUSL,"T-Mobile US, Inc.",1283699,Nasdaq
TMUSZ,"T-Mobile US, Inc.",1283699,Nasdaq
PSEC-PA,PROSPECT CAPITAL CORP,1287032,NYSE
SHO-PH,"Sunstone Hotel Investors, Inc.",1295810,NYSE
SHO-PI,"Sunstone Hotel Investors, Inc.",1295810,NYSE
DLR-PL,"DIGITAL REALTY TRUST, INC.",1297996,NYSE
CADE-PA,Cadence Bank,1299939,NYSE
SEAL-PA,Seapeak LLC,1308106,NYSE
SEAL-PB,Seapeak LLC,1308106,NYSE
LNXSF,LANXESS AG,1311307,OTC
CITAF,CHINA SHIPPING CONTAINER LINES CO LTD,1317295,OTC
DSX-WT,DIANA SHIPPING INC.,1318885,NYSE
GAINI,GLADSTONE INVESTMENT CORPORATIONDE,1321741,Nasdaq
GAINN,GLADSTONE INVESTMENT CORPORATIONDE,1321741,Nasdaq
GAINZ,GLADSTONE INVESTMENT CORPORATIONDE,1321741,Nasdaq
GLP-PB,GLOBAL PARTNERS LP,1323468,NYSE
DUKB,Duke Energy CORP,1326160,NYSE
GME-WT,GameStop Corp.,1326380,NYSE
SNIRF,SENIOR PLC,1329213,OTC
ISMCF,iShares S&P GSCI Commodity-Indexed Trust,1332174,OTC
ACR-PC,ACRES Commercial Realty Corp.,1332551,NYSE
ACR-PD,ACRES Commercial Realty Corp.,1332551,NYSE
NMPRY,Navios Maritime Holdings Inc.,1333172,OTC
EQH-PA,"Equitable Holdings, Inc.",1333986,NYSE
EQH-PC,"Equitable Holdings, Inc.",1333986,NYSE
GIGGF,Giga Metals Corp,1336364,OTC
BWBBP,Bridgewater Bancshares Inc,1341317,Nasdaq
OCCLL,ORACLE CORP,1341439,OTC
CODI-PC,Compass Diversified Holdings,1345126,NYSE
NFTM,Buildablock Corp.,1345865,OTC
SGBAF,SES S.A.,1347408,OTC
TOGIW,"TurnOnGreen, Inc.",1349706,OTC
QVCGB,"QVC Group, Inc.",1355096,OTC
QVCGP,"QVC Group, Inc.",1355096,Nasdaq
NXDT-PA,NEXPOINT DIVERSIFIED REAL ESTATE TRUST,1356115,NYSE
RGPX,"REGENEREX PHARMA, INC.",1357878,OTC
SNBHD,SENTIENT BRANDS HOLDINGS INC.,1358633,OTC
KPHMW,KIORA PHARMACEUTICALS INC,1372514,OTC
GRBK-PA,"Green Brick Partners, Inc.",1373670,NYSE
RDCT,"VNUE, Inc.",1376804,OTC
SAJ,SARATOGA INVESTMENT CORP.,1377936,NYSE
SAT,SARATOGA INVESTMENT CORP.,1377936,NYSE
SAY,SARATOGA INVESTMENT CORP.,1377936,NYSE
SAZ,SARATOGA INVESTMENT CORP.,1377936,NYSE
GFSAY,Gafisa S.A.,1389207,OTC
BK-PK,Bank of New York Mellon Corp,1390777,NYSE
PSA-PF,Public Storage,1393311,NYSE
PSA-PG,Public Storage,1393311,NYSE
PSA-PI,Public Storage,1393311,NYSE
PSA-PJ,Public Storage,1393311,NYSE
PSA-PL,Public Storage,1393311,NYSE
PSA-PM,Public Storage,1393311,NYSE
PSA-PN,Public Storage,1393311,NYSE
PSA-PO,Public Storage,1393311,NYSE
PSA-PP,Public Storage,1393311,NYSE
PSA-PQ,Public Storage,1393311,NYSE
PSA-PR,Public Storage,1393311,NYSE
PSA-PS,Public Storage,1393311,NYSE
IVDAW,"Iveda Solutions, Inc.",1397183,Nasdaq
HCIIP,"HCI Group, Inc.",1400810,OTC
IHETW,"iHeartMedia, Inc.",1400891,OTC
SBFMW,Sunshine Biopharma Inc.,1402328,Nasdaq
KKR-PD,KKR & Co. Inc.,1404912,NYSE
KKRS,KKR & Co. Inc.,1404912,NYSE
KKRT,KKR & Co. Inc.,1404912,NYSE
BIPH,Brookfield Infrastructure Partners L.P.,1406234,NYSE
BIPI,Brookfield Infrastructure Partners L.P.,1406234,NYSE
BIPJ,Brookfield Infrastructure Partners L.P.,1406234,NYSE
BIP-PA,Brookfield Infrastructure Partners L.P.,1406234,NYSE
BIP-PB,Brookfield Infrastructure Partners L.P.,1406234,NYSE
BRIPF,Brookfield Infrastructure Partners L.P.,1406234,OTC
BOTYD,"LINGERIE FIGHTING CHAMPIONSHIPS, INC.",1407704,OTC
FGBIP,"First Guaranty Bancshares, Inc.",1408534,Nasdaq
CIMN,CHIMERA INVESTMENT CORP,1409493,NYSE
CIMO,CHIMERA INVESTMENT CORP,1409493,NYSE
CIMP,CHIMERA INVESTMENT CORP,1409493,NYSE
EFC-PA,Ellington Financial Inc.,1411342,NYSE
EFC-PB,Ellington Financial Inc.,1411342,NYSE
EFC-PC,Ellington Financial Inc.,1411342,NYSE
EFC-PD,Ellington Financial Inc.,1411342,NYSE
MHNC,"Maiden Holdings, Ltd.",1412100,NYSE
NCPLW,Netcapital Inc.,1414767,Nasdaq
AGQ,ProShares Trust II,1415311,NYSE
BOIL,ProShares Trust II,1415311,NYSE
EUO,ProShares Trust II,1415311,NYSE
GLL,ProShares Trust II,1415311,NYSE
KOLD,ProShares Trust II,1415311,NYSE
SCO,ProShares Trust II,1415311,NYSE
SVXY,ProShares Trust II,1415311,CBOE
UCO,ProShares Trust II,1415311,NYSE
UGL,ProShares Trust II,1415311,NYSE
ULE,ProShares Trust II,1415311,NYSE
UVXY,ProShares Trust II,1415311,CBOE
VIXM,ProShares Trust II,1415311,CBOE
VIXY,ProShares Trust II,1415311,CBOE
YCL,ProShares Trust II,1415311,NYSE
YCS,ProShares Trust II,1415311,NYSE
ZSL,ProShares Trust II,1415311,NYSE
BBLGW,Bone Biologics Corp,1419554,Nasdaq
DTSTW,Data Storage Corp,1419951,Nasdaq
MSCLD,Satellos Bioscience Inc.,1421642,OTC
AGNCL,AGNC Investment Corp.,1423689,Nasdaq
AGNCO,AGNC Investment Corp.,1423689,Nasdaq
AGNCP,AGNC Investment Corp.,1423689,Nasdaq
AGNCZ,AGNC Investment Corp.,1423689,Nasdaq
CUENW,Cuentas Inc.,1424657,OTC
ARR-PC,"Armour Residential REIT, Inc.",1428205,NYSE
ODVWZ,Osisko Development Corp.,1431852,Nasdaq
AZLUQ,AZUL SA,1432364,OTC
CYJBF,Cargotec Corp OYJ,1436741,OTC
PIRBF,Piraeus Bank S.A.,1437441,OTC
OSSFF,Embla Medical HF/ADR,1437545,OTC
GNT-PA,"GAMCO Natural Resources, Gold & Income Trust",1438893,NYSE
AXIA-P,BRAZILIAN ELECTRIC POWER CO,1439124,NYSE
AXIA-PC,BRAZILIAN ELECTRIC POWER CO,1439124,NYSE
UUGWF,United Utilities Group plc,1440130,OTC
NZEOY,New Zealand Oil & Gas Ltd/ADR,1445654,OTC
RSNHF,RESONA HOLDINGS INC,1447391,OTC
BYDIF,BYD Electronic (International) Co Ltd,1447956,OTC
NWSZF,CTF Services Ltd,1449664,OTC
GMBLP,"ESPORTS ENTERTAINMENT GROUP, INC.",1451448,OTC
GMBLZ,"ESPORTS ENTERTAINMENT GROUP, INC.",1451448,OTC
SBBTF,Vend Marketplaces ASA/ADR,1451561,OTC
NXPGF,Mobico Group PLC/ADR,1455632,OTC
MIMTF,Mitsubishi Materials Corp / ADR,1460447,OTC
LOB-PA,"Live Oak Bancshares, Inc.",1462120,NYSE
NIXXW,"Nixxy, Inc.",1462223,Nasdaq
ASPSW,ALTISOURCE PORTFOLIO SOLUTIONS S.A.,1462418,Nasdaq
ASPSZ,ALTISOURCE PORTFOLIO SOLUTIONS S.A.,1462418,Nasdaq
ATLCL,Atlanticus Holdings Corp,1464343,Nasdaq
ATLCP,Atlanticus Holdings Corp,1464343,Nasdaq
ATLCZ,Atlanticus Holdings Corp,1464343,Nasdaq
PMT-PC,PennyMac Mortgage Investment Trust,1464423,NYSE
PMTU,PennyMac Mortgage Investment Trust,1464423,NYSE
PMTV,PennyMac Mortgage Investment Trust,1464423,NYSE
PMTW,PennyMac Mortgage Investment Trust,1464423,NYSE
RILYG,"BRC Group Holdings, Inc.",1464790,Nasdaq
RILYK,"BRC Group Holdings, Inc.",1464790,Nasdaq
RILYL,"BRC Group Holdings, Inc.",1464790,Nasdaq
RILYN,"BRC Group Holdings, Inc.",1464790,Nasdaq
RILYP,"BRC Group Holdings, Inc.",1464790,Nasdaq
RILYT,"BRC Group Holdings, Inc.",1464790,Nasdaq
RILYZ,"BRC Group Holdings, Inc.",1464790,Nasdaq
TWOD,TWO HARBORS INVESTMENT CORP.,1465740,NYSE
MSBIP,"Midland States Bancorp, Inc.",1466026,Nasdaq
HSCSW,HeartSciences Inc.,1468492,Nasdaq
NXGLW,"NEXGEL, INC.",1468929,Nasdaq
CANE,Teucrium Commodity Trust,1471824,NYSE
CORN,Teucrium Commodity Trust,1471824,NYSE
SOYB,Teucrium Commodity Trust,1471824,NYSE
TAGS,Teucrium Commodity Trust,1471824,NYSE
WEAT,Teucrium Commodity Trust,1471824,NYSE
JTGLF,"Citibank,N.A./ADR",1472033,OTC
WCPRF,WHITECAP RESOURCES INC.,1472879,OTC
PEB-PG,Pebblebrook Hotel Trust,1474098,NYSE
PEB-PH,Pebblebrook Hotel Trust,1474098,NYSE
CNVEF,CENOVUS ENERGY INC.,1475260,OTC
CLDT-PA,Chatham Lodging Trust,1476045,NYSE
CPER,United States Commodity Index Funds Trust,1479247,NYSE
HPP-PC,"Hudson Pacific Properties, Inc.",1482512,NYSE
BNCWW,CEA Industries Inc.,1482541,Nasdaq
HWLDF,H World Group Ltd,1483994,OTC
SKLTF,Seek Ltd,1487139,OTC
HTFB,Horizon Technology Finance Corp,1487428,NYSE
HTFC,Horizon Technology Finance Corp,1487428,NYSE
OFSSH,OFS Capital Corp,1487918,Nasdaq
OFSSO,OFS Capital Corp,1487918,Nasdaq
CUBB,"Customers Bancorp, Inc.",1488813,NYSE
FRSPF,First Phosphate Corp.,1490078,OTC
PFXNZ,PhenixFIN Corp,1490349,Nasdaq
SFDMF,Shanghai Fudan Microelectronics Co Limited/ADR/,1493507,OTC
KRNGF,Karoon Gas Australia Ltd /ADR/,1494191,OTC
OXLCG,Oxford Lane Capital Corp.,1495222,Nasdaq
OXLCI,Oxford Lane Capital Corp.,1495222,Nasdaq
OXLCL,Oxford Lane Capital Corp.,1495222,Nasdaq
OXLCN,Oxford Lane Capital Corp.,1495222,Nasdaq
OXLCP,Oxford Lane Capital Corp.,1495222,Nasdaq
OXLCZ,Oxford Lane Capital Corp.,1495222,Nasdaq
LANDO,GLADSTONE LAND Corp,1495240,Nasdaq
NMFCZ,New Mountain Finance Corp,1496099,Nasdaq
LTAFX,Alternative Strategies Income Fund,1496254,
LTCFX,Alternative Strategies Income Fund,1496254,
INN-PF,"Summit Hotel Properties, Inc.",1497645,NYSE
RIV-PA,"RIVERNORTH OPPORTUNITIES FUND, INC.",1501072,NYSE
PRHIZ,"Presurance Holdings, Inc.",1502292,Nasdaq
ACP-PA,abrdn Income Credit Strategies Fund,1503290,NYSE
PRBZF,PREMIUM BRANDS HOLDINGS Corp,1503812,OTC
PNDZF,Pandora A/S / ADR,1505880,OTC
EP-PC,"KINDER MORGAN, INC.",1506307,NYSE
BAFBF,Balfour Beatty plc/ADR,1506721,OTC
LOMWF,Lion One Metals Ltd.,1509397,OTC
SSSSL,SURO CAPITAL CORP.,1509470,Nasdaq
NASC,Can B Corp,1509957,OTC
NIOBW,NIOCORP DEVELOPMENTS LTD,1512228,Nasdaq
PETVW,"PetVivo Holdings, Inc.",1512922,OTC
MITN,"TPG Mortgage Investment Trust, Inc.",1514281,NYSE
MITP,"TPG Mortgage Investment Trust, Inc.",1514281,NYSE
MITT-PC,"TPG Mortgage Investment Trust, Inc.",1514281,NYSE
BCKIF,Babcock International Group PLC/ADR,1516323,OTC
BTDPF,Barratt Developments PLC/ADR,1516324,OTC
MLSPF,Melrose Industries Plc/ADR,1516535,OTC
SMTGF,SMA Solar Technology AG/ADR,1516684,OTC
CCID,Carlyle Credit Income Fund,1517767,NYSE
AMPGR,"AmpliTech Group, Inc.",1518461,Nasdaq
AMPGW,"AmpliTech Group, Inc.",1518461,Nasdaq
AMPGZ,"AmpliTech Group, Inc.",1518461,Nasdaq
CTTRF,"Controladora Vuela Compania de Aviacion, S.A.B. de C.V.",1520504,OTC
GNL-PB,"Global Net Lease, Inc.",1526113,NYSE
GNL-PD,"Global Net Lease, Inc.",1526113,NYSE
GNL-PE,"Global Net Lease, Inc.",1526113,NYSE
GDHLF,GDS Holdings Ltd,1526125,OTC
CGABL,Carlyle Group Inc.,1527166,Nasdaq
ATH-PB,Athene Holding Ltd.,1527469,NYSE
ATH-PD,Athene Holding Ltd.,1527469,NYSE
ATH-PE,Athene Holding Ltd.,1527469,NYSE
ATHS,Athene Holding Ltd.,1527469,NYSE
WHLRL,"Wheeler Real Estate Investment Trust, Inc.",1527541,Nasdaq
RCB,Ready Capital Corp,1527590,NYSE
RCC,Ready Capital Corp,1527590,NYSE
RCD,Ready Capital Corp,1527590,NYSE
RC-PC,Ready Capital Corp,1527590,NYSE
RC-PE,Ready Capital Corp,1527590,NYSE
DPLMF,Diploma plc/ADR,1529906,OTC
ATVKD,"Ameritek Ventures, Inc.",1530185,OTC
PW-PA,Power REIT,1532619,NYSE
EBOSF,EBOS Group Limited/ADR,1533082,OTC
BEPH,Brookfield Renewable Partners L.P.,1533232,NYSE
BEPI,Brookfield Renewable Partners L.P.,1533232,NYSE
BEPJ,Brookfield Renewable Partners L.P.,1533232,NYSE
BEP-PA,Brookfield Renewable Partners L.P.,1533232,NYSE
GMRE-PB,Global Medical REIT Inc.,1533615,NYSE
CICB,CION Investment Corp,1534254,NYSE
MBUMF,"Mabuchi Motor Co., Ltd./ADR",1534281,OTC
NSKFF,Kongsberg Gruppen ASA/ADR,1535759,OTC
SOHGF,ALSOK Co Ltd./ADR,1536787,OTC
YKLTF,"Yakult Honsha Co., LTD/ADR",1538118,OTC
JRI-RW,Nuveen Real Asset Income & Growth Fund,1539337,NYSE
TFIN-P,"Triumph Financial, Inc.",1539638,NYSE
BPYPM,Brookfield Property Partners L.P.,1545772,Nasdaq
BPYPN,Brookfield Property Partners L.P.,1545772,Nasdaq
BPYPO,Brookfield Property Partners L.P.,1545772,Nasdaq
PBNAF,PEMBINA PIPELINE CORP,1546066,OTC
PBPRF,PEMBINA PIPELINE CORP,1546066,OTC
PMBPF,PEMBINA PIPELINE CORP,1546066,OTC
PMMBF,PEMBINA PIPELINE CORP,1546066,OTC
PPLAF,PEMBINA PIPELINE CORP,1546066,OTC
PPLOF,PEMBINA PIPELINE CORP,1546066,OTC
BTGRF,BTS Group Holdings Public Co Limited/ADR,1546538,OTC
BTLWF,BTS Group Holdings Public Co Limited/ADR,1546538,OTC
LFT-PA,"Lument Finance Trust, Inc.",1547546,NYSE
BUGDF,Bumrungrad Hospital Public Co Limited/ADR,1547870,OTC
BUHHF,Bumrungrad Hospital Public Co Limited/ADR,1547870,OTC
BUHPF,Bumrungrad Hospital Public Co Limited/ADR,1547870,OTC
CPNNF,Central Pattana Public Co Limited/ADR,1551468,OTC
CTPUF,Central Pattana Public Co Limited/ADR,1551468,OTC
MPLXP,MPLX LP,1552000,OTC
WHFCL,"WhiteHorse Finance, Inc.",1552198,Nasdaq
SBEVW,"SPLASH BEVERAGE GROUP, INC.",1553788,OTC
PRIF-PD,"Priority Income Fund, Inc.",1554625,NYSE
PRIF-PJ,"Priority Income Fund, Inc.",1554625,NYSE
PRIF-PK,"Priority Income Fund, Inc.",1554625,NYSE
PRIF-PL,"Priority Income Fund, Inc.",1554625,NYSE
AUUDW,AUDDIA INC.,1554818,Nasdaq
SKYID,"Sky Century Investment, Inc.",1555017,OTC
RITM-PA,Rithm Capital Corp.,1556593,NYSE
RITM-PB,Rithm Capital Corp.,1556593,NYSE
RITM-PC,Rithm Capital Corp.,1556593,NYSE
RITM-PD,Rithm Capital Corp.,1556593,NYSE
RITM-PE,Rithm Capital Corp.,1556593,NYSE
RITM-PF,Rithm Capital Corp.,1556593,NYSE
WYTC,WYTEC INTERNATIONAL INC,1560143,OTC
TNONW,"Tenon Medical, Inc.",1560293,Nasdaq
SMSOF,Samsonite International SA/ADR,1560968,OTC
NHPBP,"National Healthcare Properties, Inc.",1561032,Nasdaq
EYGPF,Electricity Generating Public Co Limited/ADR,1562294,OTC
EYUUF,Electricity Generating Public Co Limited/ADR,1562294,OTC
INBKZ,First Internet Bancorp,1562463,Nasdaq
FBRT-PE,"Franklin BSP Realty Trust, Inc.",1562528,NYSE
GRTUF,GRANITE REAL ESTATE INVESTMENT TRUST,1564538,OTC
NWSLL,NEWS CORP,1564708,OTC
IHICF,IHI Corporation/ADR,1567526,OTC
AUIWF,AURANIA RESOURCES LTD.,1568183,OTC
OZKAP,Bank OZK,1569650,Nasdaq
NCHEF,Nichirei Corporation/ADR,1570299,OTC
REXR-PC,"Rexford Industrial Realty, Inc.",1571283,NYSE
DTLAP,Brookfield DTLA Fund Office Trust Investor Inc.,1575311,OTC
SPNT-PB,SiriusPoint Ltd,1576018,NYSE
SSPFF,SiriusPoint Ltd,1576018,OTC
BBAAY,Alibaba Group Holding Ltd,1577552,OTC
BANXR,ArrowMark Financial Corp.,1578987,Nasdaq
BIVIW,BIOVIE INC.,1580149,Nasdaq
VRMWW,"Vroom, Inc.",1580864,OTC
IPSOF,IPSOS/ADR,1582820,OTC
CCLDO,"CareCloud, Inc.",1582982,Nasdaq
CTRVP,"Hepion Pharmaceuticals, Inc.",1583771,OTC
SNROF,"Sanrio Company, Ltd./ADR",1584273,OTC
NEWTG,"NewtekOne, Inc.",1587987,Nasdaq
NEWTH,"NewtekOne, Inc.",1587987,Nasdaq
NEWTO,"NewtekOne, Inc.",1587987,Nasdaq
NEWTP,"NewtekOne, Inc.",1587987,Nasdaq
FTAIM,FTAI Aviation Ltd.,1590364,Nasdaq
FTAIN,FTAI Aviation Ltd.,1590364,Nasdaq
FGNXP,FG Nexus Inc.,1591890,Nasdaq
LAAI,Loan Artificial Intelligence Corp.,1594968,OTC
WEIBF,WEIBO Corp,1595761,OTC
LBRA,1847 Holdings LLC,1599407,OTC
HPHTF,Hamamatsu Photonics K.K./ADR,1600928,OTC
SYF-PA,Synchrony Financial,1601712,NYSE
SYF-PB,Synchrony Financial,1601712,NYSE
SNPTF,Sunny Optical Technology (Group) Co Limited/ADR,1601992,OTC
ECCC,Eagle Point Credit Co Inc.,1604174,NYSE
ECC-PD,Eagle Point Credit Co Inc.,1604174,NYSE
ECCU,Eagle Point Credit Co Inc.,1604174,NYSE
ECCV,Eagle Point Credit Co Inc.,1604174,NYSE
ECCW,Eagle Point Credit Co Inc.,1604174,NYSE
MONRF,Moncler S.p.A./ADR,1605755,OTC
SQLLW,ATLANTIC INTERNATIONAL CORP.,1605888,OTC
VIASP,"Via Renewables, Inc.",1606268,Nasdaq
BCTXL,BriaCell Therapeutics Corp.,1610820,Nasdaq
BCTXW,BriaCell Therapeutics Corp.,1610820,Nasdaq
BCTXZ,BriaCell Therapeutics Corp.,1610820,Nasdaq
BDRY,Amplify Commodity Trust,1610940,NYSE
BWET,Amplify Commodity Trust,1610940,NYSE
LBRDP,Liberty Broadband Corp,1611983,Nasdaq
DBVTF,DBV Technologies S.A.,1613780,OTC
RPT-PC,Rithm Property Trust Inc.,1614806,NYSE
GGBY,Alpha Investment Inc.,1616736,OTC
GLDW,World Gold Trust,1618181,CBOE
NSA-PB,National Storage Affiliates Trust,1618563,NYSE
BSMLP,"Black Stone Minerals, L.P.",1621434,OTC
RVMDW,"Revolution Medicines, Inc.",1628171,Nasdaq
MBINL,Merchants Bancorp,1629019,Nasdaq
MBINM,Merchants Bancorp,1629019,Nasdaq
MBINN,Merchants Bancorp,1629019,Nasdaq
TRTX-PC,"TPG RE Finance Trust, Inc.",1630472,NYSE
BWNB,"Babcock & Wilcox Enterprises, Inc.",1630805,NYSE
BW-PA,"Babcock & Wilcox Enterprises, Inc.",1630805,NYSE
KREF-PA,KKR Real Estate Finance Trust Inc.,1631596,NYSE
FCRX,"Crescent Capital BDC, Inc.",1633336,NYSE
ACONW,"Aclarion, Inc.",1635077,Nasdaq
ACGP,"Associated Capital Group, Inc.",1642122,OTC
JBHIF,JB Hi-Fi Limited/ADR,1643198,OTC
HPE-PC,Hewlett Packard Enterprise Co,1645590,NYSE
MDV-PA,"MODIV INDUSTRIAL, INC.",1645873,NYSE
AREBW,AMERICAN REBEL HOLDINGS INC,1648087,Nasdaq
SHMZF,Shimadzu Corporation/ADR,1648512,OTC
MYSEW,"Myseum, Inc.",1648960,Nasdaq
BEIGF,BeOne Medicines Ltd.,1651308,OTC
GIPRW,"GENERATION INCOME PROPERTIES, INC.",1651721,Nasdaq
RWAYI,Runway Growth Finance Corp.,1653384,Nasdaq
RWAYL,Runway Growth Finance Corp.,1653384,Nasdaq
RWAYZ,Runway Growth Finance Corp.,1653384,Nasdaq
IBIDF,"Ibiden Co., Ltd./ADR",1654508,OTC
SHLAF,Schindler Holding AG/ADR,1655190,OTC
SHLRF,Schindler Holding AG/ADR,1655190,OTC
ILALD,International Land Alliance Inc.,1657214,OTC
HTZWW,"HERTZ GLOBAL HOLDINGS, INC",1657853,Nasdaq
LENDX,Stone Ridge Trust V,1658645,
TRTN-PB,Triton International Ltd,1660734,NYSE
TRTN-PC,Triton International Ltd,1660734,NYSE
TRTN-PD,Triton International Ltd,1660734,NYSE
TRTN-PE,Triton International Ltd,1660734,NYSE
TRTN-PF,Triton International Ltd,1660734,NYSE
TRTN-PG,Triton International Ltd,1660734,NYSE
NVNBW,enVVeno Medical Corp,1661053,OTC
BSTT,"Blackstone Real Estate Income Trust, Inc.",1662972,OTC
NRSAX,NEXPOINT REAL ESTATE STRATEGIES FUND,1663712,
FINCF,Fortis Inc.,1666175,OTC
FORFF,Fortis Inc.,1666175,OTC
FRTSF,Fortis Inc.,1666175,OTC
FTPSF,Fortis Inc.,1666175,OTC
FTRSF,Fortis Inc.,1666175,OTC
CEHCF,"Cosmo Energy Holdings Co., Ltd./ADR",1668393,OTC
SONGD,Music Licensing Inc.,1671132,OTC
LTRYW,Sports Entertainment Gaming Global Corp,1673481,Nasdaq
GECCG,Great Elm Capital Corp.,1675033,Nasdaq
GECCH,Great Elm Capital Corp.,1675033,Nasdaq
GECCI,Great Elm Capital Corp.,1675033,Nasdaq
GECCO,Great Elm Capital Corp.,1675033,Nasdaq
NTRBW,NutriBand Inc.,1676047,Nasdaq
ZTOEF,ZTO Express (Cayman) Inc.,1677250,OTC
XPTFX,Federated Hermes Project & Trade Finance Tender Fund,1677615,
OPP-PA,"RiverNorth/DoubleLine Strategic Opportunity Fund, Inc.",1678130,NYSE
OPP-PB,"RiverNorth/DoubleLine Strategic Opportunity Fund, Inc.",1678130,NYSE
OPP-PC,"RiverNorth/DoubleLine Strategic Opportunity Fund, Inc.",1678130,NYSE
DBRG-PH,"DigitalBridge Group, Inc.",1679688,NYSE
DBRG-PI,"DigitalBridge Group, Inc.",1679688,NYSE
DBRG-PJ,"DigitalBridge Group, Inc.",1679688,NYSE
SATLF,"Start Today Co., Ltd./ADR",1679920,OTC
SACH-PA,Sachem Capital Corp.,1682220,NYSE
SCCD,Sachem Capital Corp.,1682220,NYSE
SCCE,Sachem Capital Corp.,1682220,NYSE
SCCF,Sachem Capital Corp.,1682220,NYSE
SCCG,Sachem Capital Corp.,1682220,NYSE
BHFAM,"Brighthouse Financial, Inc.",1685040,Nasdaq
BHFAN,"Brighthouse Financial, Inc.",1685040,Nasdaq
BHFAO,"Brighthouse Financial, Inc.",1685040,Nasdaq
CAHPF,Evolution Mining Limited/ADR,1686009,OTC
METCB,"Ramaco Resources, Inc.",1687187,Nasdaq
METCI,"Ramaco Resources, Inc.",1687187,Nasdaq
METCZ,"Ramaco Resources, Inc.",1687187,Nasdaq
ICRP,"InPoint Commercial Real Estate Income, Inc.",1690012,OTC
FVGPY,FinVolution Group,1691445,OTC
PRXA,"PROCACCIANTI HOTEL REIT, INC.",1692345,OTC
PRXK,"PROCACCIANTI HOTEL REIT, INC.",1692345,OTC
MNSBP,"MainStreet Bancshares, Inc.",1693577,Nasdaq
ATGAF,AltaGas Ltd.,1695519,OTC
STSR,"Strategic Student & Senior Housing Trust, Inc.",1698538,OTC
YJGJD,VitaNova Life Sciences Corp,1699709,OTC
AMLIF,American Lithium Corp.,1699880,OTC
MEIUF,Meitu Inc./ADR,1699967,OTC
XJNGF,"Xinjiang Goldwind Science & Technology Co., Ltd./ADR",1699996,OTC
GPMT-PA,Granite Point Mortgage Trust Inc.,1703644,NYSE
FABTQ,"Fat Brands, Inc",1705012,OTC
FATBP,"Fat Brands, Inc",1705012,Nasdaq
FATPQ,"Fat Brands, Inc",1705012,OTC
ZNKUF,"ZENKOKU HOSHO Co., Ltd./ADR",1705455,OTC
DRRKF,dormakaba Holding AG,1705969,OTC
BYCBF,Barry Callebaut AG/ADR,1706795,OTC
HFRO-PA,HIGHLAND OPPORTUNITIES & INCOME FUND,1710680,NYSE
HFRO-PB,HIGHLAND OPPORTUNITIES & INCOME FUND,1710680,NYSE
SWDR,"Starwood Real Estate Income Trust, Inc.",1711929,OTC
HYNLY,Hydro One Ltd,1712356,OTC
BIAFW,"bioAffinity Technologies, Inc.",1712762,Nasdaq
ASCIX,Angel Oak Strategic Credit Fund,1716885,
ENSCW,"Ensysce Biosciences, Inc.",1716947,OTC
OCCIM,"OFS Credit Company, Inc.",1716951,Nasdaq
OCCIN,"OFS Credit Company, Inc.",1716951,Nasdaq
OCCIO,"OFS Credit Company, Inc.",1716951,Nasdaq
VRRCD,VR Resources Ltd.,1717695,OTC
BTBDW,"BT Brands, Inc.",1718224,Nasdaq
HYMCW,HYCROFT MINING HOLDING CORP,1718405,OTC
ASRRF,ASR Nederland N.V./ADR,1719117,OTC
NRXPW,"NRX Pharmaceuticals, Inc.",1719406,Nasdaq
HSCT,HOOPS SCOUTING USA,1721056,OTC
BGFR,BestGofer Inc.,1722556,OTC
PMFAX,PIMCO Flexible Municipal Income Fund,1723701,
COBA,Chilean Cobalt Corp.,1727255,OTC
AIBRF,AIB Group plc/ADR,1728918,OTC
VTTGF,VAT Group AG/ADR,1729514,OTC
RTEZ,REST EZ Inc.,1733861,OTC
WLGMF,West Red Lake Gold Mines Ltd.,1733968,OTC
WRLRF,West Red Lake Gold Mines Ltd.,1733968,OTC
WRLWF,West Red Lake Gold Mines Ltd.,1733968,OTC
NICHX,Variant Alternative Income Fund,1736510,
STSSW,Sharps Technology Inc.,1737995,Nasdaq
SYAXF,Elevra Lithium Ltd,1739016,OTC
QFNHF,"Qfin Holdings, Inc.",1741530,OTC
RVSNW,Rail Vision Ltd.,1743905,Nasdaq
TCMEF,Tencent Music Entertainment Group,1744676,OTC
NEOVW,NeoVolta Inc.,1748137,Nasdaq
OWSCX,1WS Credit Income Fund,1748680,
AMCCD,Amcor plc,1748790,OTC
CHWRF,China Tower Corp Limited/ADR,1751162,OTC
OZVN,OZ VISION INC.,1751707,OTC
MRCIF,"Mercari, Inc./ADR",1752564,OTC
CELUW,Celularity Inc,1752828,Nasdaq
BKSY-WT,BlackSky Technology Inc.,1753539,NYSE
LARAX,Lord Abbett Credit Opportunities Fund,1753712,
MPNGF,Meituan Dianping/ADR,1754088,OTC
FGHFD,FORTE GROUP HOLDINGS INC.,1754180,OTC
EICA,Eagle Point Income Co Inc.,1754836,NYSE
EICC,Eagle Point Income Co Inc.,1754836,NYSE
PDSKX,Principal Real Asset Fund,1756404,
GNFTY,Genfit S.A.,1757064,OTC
TRSO,TRANSUITE.ORG INC.,1758699,OTC
COEPW,"Coeptis Therapeutics Holdings, Inc.",1759186,Nasdaq
ALTG-PA,ALTA EQUIPMENT GROUP INC.,1759824,NYSE
MVSTW,"Microvast Holdings, Inc.",1760689,Nasdaq
GCGJ,GUOCHUN INTERNATIONAL INC.,1765048,OTC
PSPX,Pacific Sports Exchange Inc.,1765651,OTC
AOMD,"Angel Oak Mortgage REIT, Inc.",1766478,NYSE
AOMN,"Angel Oak Mortgage REIT, Inc.",1766478,NYSE
ADDTF,Addtech AB/ADR,1766868,OTC
ILLRW,Triller Group Inc.,1769624,OTC
SAABF,Saab AB/ADR,1770114,OTC
WTCHF,Wisetech Global Ltd./ADR,1770115,OTC
IVBXF,Innovent Biologics Inc/ADR,1774163,OTC
SKILW,Skillsoft Corp.,1774675,OTC
BENFW,Beneficient,1775734,Nasdaq
WEBJF,Webjet Limited/ADR,1778788,OTC
SRTAW,"Strata Critical Medical, Inc.",1779128,Nasdaq
BEATW,"HeartBeam, Inc.",1779372,Nasdaq
MAPSW,"WM TECHNOLOGY, INC.",1779474,Nasdaq
MNTSW,Momentus Inc.,1781162,Nasdaq
ANKM,"Ankam, Inc.",1781629,OTC
ACAT,NP Life Sciences Health Industry Group Inc.,1781726,OTC
KPLTW,"Katapult Holdings, Inc.",1785424,Nasdaq
TRINI,Trinity Capital Inc.,1786108,Nasdaq
TRINZ,Trinity Capital Inc.,1786108,Nasdaq
PINE-PA,"Alpine Income Property Trust, Inc.",1786117,NYSE
NREF-PA,"NexPoint Real Estate Finance, Inc.",1786248,NYSE
NUKKW,Nukkleus Inc.,1787518,Nasdaq
JSPRW,"Jasper Therapeutics, Inc.",1788028,Nasdaq
ADYYF,Adyen N.V./ADR,1788707,OTC
MCOMW,micromobility.com Inc.,1788841,OTC
AEVAW,"Aeva Technologies, Inc.",1789029,Nasdaq
PASTF,Plastic Omnium/ADR,1789135,OTC
PSKRF,Protector Forsikring/ADR,1789444,OTC
UVIX,VS Trust,1793497,CBOE
FOUR-PA,"Shift4 Payments, Inc.",1794669,NYSE
KCLHF,Kingsoft Cloud Holdings Ltd,1795589,OTC
DNOPF,Dino Polska S.A./ADR,1796026,OTC
TMCWW,TMC the metals Co Inc.,1798562,Nasdaq
TOIIW,"Oncology Institute, Inc.",1799191,Nasdaq
VENAF,MicroAlgo Inc.,1800392,OTC
OPENL,Opendoor Technologies Inc.,1801169,Nasdaq
OPENW,Opendoor Technologies Inc.,1801169,Nasdaq
OPENZ,Opendoor Technologies Inc.,1801169,Nasdaq
BYNOU,byNordic Acquisition Corp,1801417,OTC
BYNOW,byNordic Acquisition Corp,1801417,OTC
SBIGW,"SpringBig Holdings, Inc.",1801602,OTC
NCLTF,"Nitori Holdings Co., Ltd.",1801729,OTC
MSPRW,"MSP Recovery, Inc.",1802450,OTC
MSPRZ,"MSP Recovery, Inc.",1802450,OTC
ORGNW,"Origin Materials, Inc.",1802457,Nasdaq
TALKW,"Talkspace, Inc.",1803901,Nasdaq
BFLYW,"Butterfly Network, Inc.",1804176,OTC
GFAIW,"Guardforce AI Co., Ltd.",1804469,Nasdaq
EVLVW,"Evolv Technologies Holdings, Inc.",1805385,Nasdaq
FFAIW,FARADAY FUTURE INTELLIGENT ELECTRIC INC.,1805521,Nasdaq
DFDVW,DeFi Development Corp.,1805526,Nasdaq
DFUKF,DeFi Development Corp.,1805526,OTC
SSTPW,"System1, Inc.",1805833,OTC
PMVCW,PMV Consumer Acquisition Corp.,1807765,OTC
LUCYW,Innovative Eyewear Inc,1808377,Nasdaq
KUKEY,Kuke Music Holding Ltd,1809158,OTC
EDBLW,Edible Garden AG Inc,1809750,Nasdaq
REVBW,"REVELATION BIOSCIENCES, INC.",1810560,Nasdaq
NUVB-WT,Nuvation Bio Inc.,1811063,NYSE
RENXF,Renalytix plc,1811115,OTC
RBOTW,Vicarious Surgical Inc.,1812173,OTC
FOXOW,FOXO TECHNOLOGIES INC.,1812360,OTC
EZRAW,"Reliance Global Group, Inc.",1812727,Nasdaq
BURUW,"Nuburu, Inc.",1814215,OTC
ABXL,"Abacus Global Management, Inc.",1814287,NYSE
OPTEY,Opthea Ltd,1815620,OTC
MSOGF,MINISO Group Holding Ltd,1815846,OTC
QSIAW,Quantum-Si Inc,1816431,Nasdaq
OUSTZ,"Ouster, Inc.",1816581,Nasdaq
OWLTW,"Owlet, Inc.",1816708,OTC
HGASW,Global Gas Corp,1817232,OTC
WGSWW,GeneDx Holdings Corp.,1818331,Nasdaq
HUMAW,"Humacyte, Inc.",1818382,Nasdaq
OPFI-WT,OppFi Inc.,1818502,NYSE
PHXE-P,"Phoenix Energy One, LLC",1818643,NYSE
LIDRW,"AEye, Inc.",1818644,Nasdaq
SES-WT,SES AI Corp,1819142,NYSE
PRIAF,Prime Impact Acquisition I,1819175,OTC
GWH-WT,"ESS Tech, Inc.",1819438,NYSE
XOSWW,"Xos, Inc.",1819493,Nasdaq
WSUPW,Wheels Up Experience Inc.,1819516,OTC
BARKW,"Bark, Inc.",1819574,OTC
JOBY-WT,"Joby Aviation, Inc.",1819848,NYSE
SCLXW,Scilex Holding Co,1820190,Nasdaq
BKKT-WT,"Bakkt, Inc.",1820302,NYSE
ISPOW,Inspirato Inc,1820566,Nasdaq
CXAIW,CXApp Inc.,1820875,Nasdaq
EVGOW,EVgo Inc.,1821159,Nasdaq
HLLY-WT,Holley Inc.,1822928,NYSE
LSRCF,Lasertec Corporation/ADR,1822989,OTC
JXN-PA,Jackson Financial Inc.,1822993,NYSE
NOTE-WT,"FiscalNote Holdings, Inc.",1823466,NYSE
AENTW,ALLIANCE ENTERTAINMENT HOLDING CORP,1823584,Nasdaq
SKYH-WT,Sky Harbour Group Corp,1823587,NYSE
TSPH,TuSimple Holdings Inc.,1823593,OTC
EVEX-WT,"Eve Holding, Inc.",1823652,NYSE
MYPSW,"PLAYSTUDIOS, Inc.",1823878,Nasdaq
PVOZ,Park View OZ REIT Inc,1824204,OTC
RSVRW,"Reservoir Media, Inc.",1824403,Nasdaq
ACHR-WT,Archer Aviation Inc.,1824502,NYSE
SRZNW,"Surrozen, Inc./DE",1824893,Nasdaq
IONQ-WT,"IonQ, Inc.",1824920,NYSE
OPADW,Offerpad Solutions Inc.,1825024,OTC
VLDXW,"Velo3D, Inc.",1825079,OTC
FRBP,Franklin BSP Capital Corp,1825248,OTC
ONFOP,"Onfolio Holdings, Inc",1825452,OTC
ONFOW,"Onfolio Holdings, Inc",1825452,Nasdaq
BNZIW,"Banzai International, Inc.",1826011,Nasdaq
TLSIW,"TriSalus Life Sciences, Inc.",1826667,Nasdaq
PDYNW,Palladyne AI Corp.,1826681,Nasdaq
TOMYF,Tomy Co Ltd/ADR,1826779,OTC
BODYW,"Beachbody Company, Inc.",1826889,OTC
CPTKW,Crown PropTech Acquisitions,1827899,OTC
HIPOW,Hippo Holdings Inc.,1828105,OTC
AUROW,"Aurora Innovation, Inc.",1828108,Nasdaq
FOACW,Finance of America Companies Inc.,1828937,OTC
BZFDW,"BuzzFeed, Inc.",1828972,Nasdaq
BFRGW,"BullFrog AI Holdings, Inc.",1829247,Nasdaq
PCTBP,"PureCycle Technologies, Inc.",1830033,OTC
PCTTU,"PureCycle Technologies, Inc.",1830033,Nasdaq
PCTTW,"PureCycle Technologies, Inc.",1830033,Nasdaq
SMEGF,Siemens Energy AG/ADR,1830056,OTC
RUMBW,Rumble Inc.,1830081,Nasdaq
UHGWW,"United Homes Group, Inc.",1830188,Nasdaq
DNABW,"Ginkgo Bioworks Holdings, Inc.",1830214,OTC
GLCP,GLOBAL LEADERS CORP,1830696,OTC
GEGGL,"Great Elm Group, Inc.",1831096,Nasdaq
LIANY,LianBio,1831283,OTC
JWSUF,Jaws Mustang Acquisition Corp,1831359,OTC
JWSWF,Jaws Mustang Acquisition Corp,1831359,OTC
ICUCW,SeaStar Medical Holding Corp,1831868,Nasdaq
SDSTW,Stardust Power Inc.,1831979,Nasdaq
PIIIW,P3 Health Partners Inc.,1832511,Nasdaq
SABSW,"SAB Biotherapeutics, Inc.",1833214,Nasdaq
MDAIW,"Spectral AI, Inc.",1833498,Nasdaq
PSEWF,Paysafe Ltd,1833835,OTC
GROY-WT,Gold Royalty Corp.,1834026,NYSE
CSTUF,Constellation Acquisition Corp I,1834032,OTC
CSTWF,Constellation Acquisition Corp I,1834032,OTC
ASAIY,Sendas Distributor S.A.,1834048,OTC
GPATU,GP-Act III Acquisition Corp.,1834526,Nasdaq
GPATW,GP-Act III Acquisition Corp.,1834526,Nasdaq
ALBC,Alternative Ballistics Corp,1834868,OTC
INVZW,Innoviz Technologies Ltd.,1835654,Nasdaq
ZHIHF,Zhihu Inc.,1835724,OTC
BETRW,Better Home & Finance Holding Co,1835856,Nasdaq
PL-WT,Planet Labs PBC,1836833,NYSE
NVVEW,Nuvve Holding Corp.,1836875,Nasdaq
BBAI-WT,"BigBear.ai Holdings, Inc.",1836981,NYSE
IINNW,Inspira Technologies OXY B.H.N. Ltd,1837493,Nasdaq
CPPTL,Copper Property CTL Pass Through Trust,1837671,OTC
BNAIW,Brand Engagement Network Inc.,1838163,Nasdaq
RGTIW,"Rigetti Computing, Inc.",1838359,Nasdaq
SPWRW,SunPower Inc.,1838987,Nasdaq
CORZR,"Core Scientific, Inc./tx",1839341,OTC
CORZW,"Core Scientific, Inc./tx",1839341,Nasdaq
CORZZ,"Core Scientific, Inc./tx",1839341,Nasdaq
XBPEW,"XBP Global Holdings, Inc.",1839530,Nasdaq
DMXCF,District Metals Corp.,1839586,OTC
WALDW,Waldencast plc,1840199,Nasdaq
VEEAW,VEEA INC.,1840317,Nasdaq
OSRHW,"OSR Holdings, Inc.",1840425,Nasdaq
TBLAW,Taboola.com Ltd.,1840502,Nasdaq
LOCLW,Local Bounti Corporation/DE,1840780,OTC
SOUNW,"SOUNDHOUND AI, INC.",1840856,Nasdaq
COCHW,"Envoy Medical, Inc.",1840877,Nasdaq
BSLKW,"Bolt Projects Holdings, Inc.",1841125,OTC
HOLOW,MicroCloud Hologram Inc.,1841209,Nasdaq
KTTAW,Pasithea Therapeutics Corp.,1841330,Nasdaq
DAVEW,Dave Inc./DE,1841408,Nasdaq
VGASW,"Verde Clean Fuels, Inc.",1841425,Nasdaq
GROVW,"Grove Collaborative Holdings, Inc.",1841761,OTC
ULIX,ULIXE CORP.,1842138,OTC
EONR-WT,EON Resources Inc.,1842556,NYSE
AISPW,"Airship AI Holdings, Inc.",1842566,Nasdaq
XAGEW,"Longevity Health Holdings, Inc.",1842939,OTC
SVIRF,Spring Valley Acquisition Corp. II,1843477,OTC
SVIUF,Spring Valley Acquisition Corp. II,1843477,OTC
SVIWF,Spring Valley Acquisition Corp. II,1843477,OTC
RMCOW,Royalty Management Holding Corp,1843656,Nasdaq
ZPTAW,"Zapata Quantum, Inc.",1843714,OTC
LNZAW,"LanzaTech Global, Inc.",1843724,Nasdaq
FLYX-WT,FLYEXCLUSIVE INC.,1843973,NYSE
ESLAW,"Estrella Immunopharma, Inc.",1844417,Nasdaq
QTIWW,"QT IMAGING HOLDINGS, INC.",1844505,OTC
SLDPW,"Solid Power, Inc.",1844862,Nasdaq
GREEL,Greenidge Generation Holdings Inc.,1844971,Nasdaq
AMPWF,Ardagh Metal Packaging S.A.,1845097,OTC
ANNAW,"AleAnna, Inc.",1845123,Nasdaq
CBGGF,Chain Bridge I,1845149,OTC
CBRGF,Chain Bridge I,1845149,OTC
NPWR-WT,NET Power Inc.,1845437,NYSE
PLMUF,Plum Acquisition Corp. III,1845550,OTC
PLMWF,Plum Acquisition Corp. III,1845550,OTC
IMAQR,International Media Acquisition Corp.,1846235,OTC
IMAQU,International Media Acquisition Corp.,1846235,OTC
IMAQW,International Media Acquisition Corp.,1846235,OTC
HVIIR,Hennessy Capital Investment Corp. VII,1846416,Nasdaq
HVIIU,Hennessy Capital Investment Corp. VII,1846416,Nasdaq
FIGP,"Forge Group, Inc.",1846702,OTC
PSQH-WT,"PSQ Holdings, Inc.",1847064,NYSE
SAIHW,SAIHEAT Ltd,1847075,Nasdaq
ASBPW,"Aspire Biopharma Holdings, Inc.",1847345,Nasdaq
EUDAW,EUDA Health Holdings Ltd,1847846,Nasdaq
DFLIW,Dragonfly Energy Holdings Corp.,1847986,Nasdaq
OKMN,"OKMIN RESOURCES, INC.",1848334,OTC
CRTUF,Cartica Acquisition Corp,1848437,OTC
CRTWF,Cartica Acquisition Corp,1848437,OTC
GDLG,Glidelogic Corp.,1848672,OTC
GHBWF,Glass House Brands Inc.,1848731,OTC
GDEVW,GDEV Inc.,1848739,Nasdaq
RNWWW,ReNew Energy Global plc,1848763,Nasdaq
INPOF,InPost S.A./ADR,1848826,OTC
ONMDW,OneMedNet Corp,1849380,Nasdaq
DJTWW,Trump Media & Technology Group Corp.,1849635,Nasdaq
KITTW,"Nauticus Robotics, Inc.",1849820,Nasdaq
FSHPR,Flag Ship Acquisition Corp,1850059,Nasdaq
CDAUF,Compass Digital Acquisition Corp.,1851909,OTC
CDAWF,Compass Digital Acquisition Corp.,1851909,OTC
CNDAU,Concord Acquisition Corp II,1851959,OTC
CNDAW,Concord Acquisition Corp II,1851959,OTC
GCTS-WT,"GCT Semiconductor Holding, Inc.",1851961,NYSE
AEAEU,AltEnergy Acquisition Corp,1852016,OTC
AEAEW,AltEnergy Acquisition Corp,1852016,OTC
IXQUF,IX Acquisition Corp.,1852019,OTC
IXQWF,IX Acquisition Corp.,1852019,OTC
FILG,Grayscale Filecoin Trust (FIL),1852039,OTC
BEAGR,Bold Eagle Acquisition Corp.,1852207,Nasdaq
BEAGU,Bold Eagle Acquisition Corp.,1852207,Nasdaq
DC-WT,Dakota Gold Corp.,1852353,NYSE
NVAAF,Nova Minerals Ltd,1852551,OTC
NVAWW,Nova Minerals Ltd,1852551,Nasdaq
SGST,"Strategic Storage Trust VI, Inc.",1852575,OTC
BRLSW,Borealis Foods Inc.,1852973,Nasdaq
AERTW,"Aeries Technology, Inc.",1853044,Nasdaq
SOARW,"Volato Group, Inc.",1853070,OTC
KDKRW,"Kodiak AI, Inc.",1853138,Nasdaq
HMELF,Hold Me Ltd,1853630,OTC
DRMAW,"Dermata Therapeutics, Inc.",1853816,Nasdaq
IAUX-WT,i-80 Gold Corp.,1853962,NYSE
ANSCU,Agriculture & Natural Solutions Acquisition Corp,1854149,Nasdaq
ANSCW,Agriculture & Natural Solutions Acquisition Corp,1854149,Nasdaq
ZCARW,"Zoomcar Holdings, Inc.",1854275,OTC
MINR,Minerva Gold Inc.,1854816,OTC
SHFSW,"SHF Holdings, Inc.",1854963,Nasdaq
KORGW,"KORE Group Holdings, Inc.",1855457,OTC
MOBXW,"MOBIX LABS, INC",1855467,Nasdaq
AIRJW,AirJoule Technologies Corp.,1855474,Nasdaq
CLDWW,"Calidi Biotherapeutics, Inc.",1855485,OTC
GRABW,Grab Holdings Ltd,1855612,Nasdaq
SEATW,Vivid Seats Inc.,1856031,Nasdaq
HNSDF,Hensoldt AG/ADR,1856488,OTC
GDSTR,Goldenstone Acquisition Ltd.,1858007,OTC
GDSTU,Goldenstone Acquisition Ltd.,1858007,OTC
GDSTW,Goldenstone Acquisition Ltd.,1858007,OTC
APOS,"Apollo Global Management, Inc.",1858681,NYSE
BFRIW,Biofrontera Inc.,1858685,Nasdaq
MCAGR,Mountain Crest Acquisition Corp. V,1859035,OTC
MCAGU,Mountain Crest Acquisition Corp. V,1859035,OTC
ARQQW,Arqit Quantum Inc.,1859690,Nasdaq
NVACW,"Profusa, Inc.",1859807,OTC
ASTLW,Algoma Steel Group Inc.,1860805,Nasdaq
TVGNW,Tevogen Bio Holdings Inc.,1860871,Nasdaq
AQUNR,Aquaron Acquisition Corp.,1861063,OTC
AQUNU,Aquaron Acquisition Corp.,1861063,OTC
ARBEW,Arbe Robotics Ltd.,1861841,Nasdaq
ECXWW,ECARX Holdings Inc.,1861974,Nasdaq
CINGW,Cingulate Inc.,1862150,Nasdaq
AMODW,"ALPHA MODUS HOLDINGS, INC.",1862463,Nasdaq
VLN-WT,Valens Semiconductor Ltd.,1863006,NYSE
MSAIW,"MultiSensor AI Holdings, Inc.",1863990,Nasdaq
VSEEW,"VSEE HEALTH, INC.",1864531,Nasdaq
FGIWW,FGI Industries Ltd.,1864943,Nasdaq
ALSTF,Alpha Star Acquisition Corp,1865111,OTC
ALSUF,Alpha Star Acquisition Corp,1865111,OTC
ALSWF,Alpha Star Acquisition Corp,1865111,OTC
ZEOWW,Zeo Energy Corp.,1865506,Nasdaq
NNAVW,NEXTNAV INC.,1865631,Nasdaq
NXNVW,NEXTNAV INC.,1865631,OTC
BTSGU,"BrightSpring Health Services, Inc.",1865782,Nasdaq
CTSUF,Cactus Acquisition Corp. 1 Ltd,1865861,OTC
CTSWF,Cactus Acquisition Corp. 1 Ltd,1865861,OTC
BULLW,Webull Corp,1866364,Nasdaq
WBXWF,Wallbox N.V.,1866501,OTC
CDROW,"Codere Online Luxembourg, S.A.",1866782,Nasdaq
OPTXW,"SYNTEC OPTICS HOLDINGS, INC.",1866816,Nasdaq
IGTAR,Inception Growth Acquisition Ltd,1866838,OTC
IGTAU,Inception Growth Acquisition Ltd,1866838,OTC
IGTAW,Inception Growth Acquisition Ltd,1866838,OTC
EVTWF,Vertical Aerospace Ltd.,1867102,OTC
WRDIF,WeRide Inc.,1867729,OTC
CYCUW,"Cycurion, Inc.",1868419,Nasdaq
RDZNW,Roadzen Inc.,1868640,Nasdaq
EMCRF,Embrace Change Acquisition Corp.,1869601,OTC
EMCUF,Embrace Change Acquisition Corp.,1869601,OTC
EMCWF,Embrace Change Acquisition Corp.,1869601,OTC
CDIOW,"Cardio Diagnostics Holdings, Inc.",1870144,Nasdaq
CEROW,"CERO THERAPEUTICS HOLDINGS, INC.",1870404,OTC
DRTSW,Alpha Tau Medical Ltd.,1871321,Nasdaq
BZAIW,"Blaize Holdings, Inc.",1871638,Nasdaq
ANGHW,Anghami Inc,1871983,Nasdaq
MIBE,MIAMI BREEZE CAR CARE INC,1872066,OTC
TVAIR,Thayer Ventures Acquisition Corp II,1872228,Nasdaq
TVAIU,Thayer Ventures Acquisition Corp II,1872228,Nasdaq
SWAGW,"Stran & Company, Inc.",1872525,Nasdaq
TCBWF,TC BioPharm (Holdings) plc,1872812,OTC
MTEKW,Maris Tech Ltd.,1872964,Nasdaq
SATLW,Satellogic Inc.,1874315,Nasdaq
NRSNW,NeuroSense Therapeutics Ltd.,1875091,Nasdaq
LCFYW,Locafy Ltd,1875547,Nasdaq
SWVLW,Swvl Holdings Corp,1875609,Nasdaq
PRENW,Prenetics Global Ltd,1876431,Nasdaq
IMPPP,Imperial Petroleum Inc./Marshall Islands,1876581,Nasdaq
ASCRF,ASPAC II Acquisition Corp.,1876716,OTC
ASCWF,ASPAC II Acquisition Corp.,1876716,OTC
ASUUF,ASPAC II Acquisition Corp.,1876716,OTC
WELUF,Integrated Wellness Acquisition Corp,1877557,OTC
WELWF,Integrated Wellness Acquisition Corp,1877557,OTC
IVNHW,Ivanhoe Electric Inc.,1879016,OTC
ADSEW,Ads-Tec Energy Public Ltd Co,1879248,Nasdaq
TLGUF,TLGY ACQUISITION CORP,1879814,OTC
TLGWF,TLGY ACQUISITION CORP,1879814,OTC
VHABW,Vocodia Holdings Corp,1880431,OTC
VHAIW,Vocodia Holdings Corp,1880431,OTC
TPGXL,TPG Inc.,1880661,Nasdaq
ATEKU,Athena Technology Acquisition Corp. II,1882198,OTC
ATEKW,Athena Technology Acquisition Corp. II,1882198,OTC
MSSUF,Metal Sky Star Acquisition Corp,1882464,OTC
MSSWF,Metal Sky Star Acquisition Corp,1882464,OTC
PGYWW,Pagaya Technologies Ltd.,1883085,Nasdaq
SLND-WT,"Southland Holdings, Inc.",1883814,NYSE
SPKLU,Spark I Acquisition Corp,1884046,Nasdaq
SPKLW,Spark I Acquisition Corp,1884046,Nasdaq
PLSAY,Polestar Automotive Holding UK PLC,1884082,OTC
BKLPF,PT Bukalapak.com Tbk/ADR,1884130,OTC
JFBRW,Jeffs' Brands Ltd,1885408,Nasdaq
RAJAF,"Cordyceps Sunshine Biotech Holdings Co., Ltd.",1885680,OTC
TFLM,Tofla Megaline Inc.,1885849,OTC
GGROW,Gogoro Inc.,1886190,Nasdaq
WLDSW,Wearable Devices Ltd.,1887673,Nasdaq
WLSS,Welsis Corp.,1887912,OTC
FEAV,"5E Advanced Materials, Inc.",1888654,OTC
LSEB,LSEB Creative Corp.,1888740,OTC
REEUF,Cartesian Growth Corp II,1889112,OTC
REEWF,Cartesian Growth Corp II,1889112,OTC
FLDDW,"Fold Holdings, Inc.",1889123,Nasdaq
CRBD,"Corebridge Financial, Inc.",1889539,NYSE
INNPF,INNOCAN PHARMA Corp,1889791,OTC
DFSCW,DEFSEC Technologies Inc.,1889823,Nasdaq
KVACU,Keen Vision Acquisition Corp.,1889983,Nasdaq
KVACW,Keen Vision Acquisition Corp.,1889983,Nasdaq
ASPCR,ASPAC III Acquisition Corp.,1890361,Nasdaq
ASPCU,ASPAC III Acquisition Corp.,1890361,Nasdaq
VMCUF,Valuence Merger Corp. I,1892747,OTC
VMCWF,Valuence Merger Corp. I,1892747,OTC
ABPWW,"Abpro Holdings, Inc.",1893219,Nasdaq
SVREW,SaverOne 2014 Ltd.,1894693,Nasdaq
NE-WT,Noble Corp plc,1895262,NYSE
NE-WTA,Noble Corp plc,1895262,NYSE
CDTTW,CDT Equity Inc.,1896212,Nasdaq
DAZSF,ZKGC New Energy Ltd,1896511,OTC
GRAF-WT,Graf Global Corp.,1897463,NYSE
ALVOW,Alvotech,1898416,Nasdaq
LVWR-WT,"LiveWire Group, Inc.",1898795,NYSE
AMPX-WT,"Amprius Technologies, Inc.",1899287,NYSE
PERF-WT,Perfect Corp.,1899830,NYSE
TETUF,Technology & Telecommunication Acquisition Corp,1900679,OTC
TETWF,Technology & Telecommunication Acquisition Corp,1900679,OTC
EPWKF,EPWK Holdings Ltd.,1900720,OTC
UCFIW,CN Healthy Food Tech Group Corp.,1901203,Nasdaq
ALCYU,Alchemy Investments Acquisition Corp 1,1901336,Nasdaq
ALCYW,Alchemy Investments Acquisition Corp 1,1901336,Nasdaq
BTMWW,Bitcoin Depot Inc.,1901799,Nasdaq
GRRRW,Gorilla Technology Group Inc.,1903145,Nasdaq
CLRRF,ClimateRock,1903392,OTC
CLRUF,ClimateRock,1903392,OTC
CLRWF,ClimateRock,1903392,OTC
AIMTF,Aimfinity Investment Corp. I,1903464,OTC
AIMUF,Aimfinity Investment Corp. I,1903464,OTC
AIMWF,Aimfinity Investment Corp. I,1903464,OTC
AFRIW,Forafric Global PLC,1903870,Nasdaq
BAKR,Baker Global Asset Management Inc.,1904616,OTC
HUBCW,Hub Cyber Security Ltd.,1905660,Nasdaq
HUBCZ,Hub Cyber Security Ltd.,1905660,Nasdaq
FGMCR,FG Merger II Corp.,1906364,Nasdaq
FGMCU,FG Merger II Corp.,1906364,Nasdaq
KLTOW,"Klotho Neurosciences, Inc.",1907223,Nasdaq
RPDL,Rapid Line Inc.,1910975,OTC
VFSWW,VinFast Auto Ltd.,1913510,Nasdaq
SMNRW,"Semnur Pharmaceuticals, Inc.",1913577,OTC
CNCKW,Coincheck Group N.V.,1913847,Nasdaq
ISLUF,Israel Acquisitions Corp,1915328,OTC
ISLWF,Israel Acquisitions Corp,1915328,OTC
DMYYU,"dMY Squared Technology Group, Inc.",1915380,OTC
DMYYW,"dMY Squared Technology Group, Inc.",1915380,OTC
HEMNF,Hemnet Group AB/ADR,1915760,OTC
TRWD,Tradewinds Universal,1916558,OTC
GSTK,Growth Stalk Holdings Corp,1917993,OTC
NBRGU,Newbridge Acquisition Ltd,1918414,Nasdaq
ESHAR,ESH Acquisition Corp.,1918661,Nasdaq
RZLVW,REZOLVE AI PLC,1920294,Nasdaq
SATA,"Strive, Inc.",1920406,Nasdaq
FUFUW,Bitfufu Inc.,1921158,Nasdaq
LANV-WT,Lanvin Group Holdings Ltd,1922097,NYSE
ECDAW,"ECD Automotive Design, Inc.",1922858,OTC
AKPPS,Ark7 Properties Plus LLC,1923734,OTC
RLNDF,RoyaLand Co Ltd.,1924064,OTC
TDACU,Translational Development Acquisition Corp.,1926599,Nasdaq
TDACW,Translational Development Acquisition Corp.,1926599,Nasdaq
CRGOW,Freightos Ltd,1927719,Nasdaq
HOVRW,New Horizon Aircraft Ltd.,1930021,Nasdaq
SPMA,"Sound Point Meridian Capital, Inc.",1930147,NYSE
SPME,"Sound Point Meridian Capital, Inc.",1930147,NYSE
SBCWW,SBC Medical Group Holdings Inc,1930313,Nasdaq
AIIOW,ROBO.AI INC.,1932737,Nasdaq
NTCS,Natics Corp.,1933359,OTC
FGN,"F&G Annuities & Life, Inc.",1934850,NYSE
FGSN,"F&G Annuities & Life, Inc.",1934850,NYSE
TBMCR,Trailblazer Merger Corp I,1934945,Nasdaq
KMFG,KEEMO Fashion Group Ltd,1935033,OTC
FMSTW,Foremost Clean Energy Ltd.,1935418,Nasdaq
NAMSW,NewAmsterdam Pharma Co N.V.,1936258,Nasdaq
SDAWW,SunCar Technology Group Inc.,1936804,Nasdaq
AMBIQ,Ambipar Emergency Response,1937441,OTC
AMBWQ,Ambipar Emergency Response,1937441,OTC
MLECW,Moolec Science SA,1937737,Nasdaq
FBYDW,"Falcon's Beyond Global, Inc.",1937987,Nasdaq
GLTK,GlobalTech Corp,1938338,OTC
LMMY,LAMY,1939937,OTC
SMXWW,SMX (Security Matters) Public Ltd Co,1940674,Nasdaq
TANAF,Tian'an Technology Group Ltd,1941189,OTC
BAERW,"Bridger Aerospace Group Holdings, Inc.",1941536,Nasdaq
OAKUR,Oak Woods Acquisition Corp,1945422,Nasdaq
OAKUU,Oak Woods Acquisition Corp,1945422,Nasdaq
OAKUW,Oak Woods Acquisition Corp,1945422,Nasdaq
LVROW,Lavoro Ltd,1945711,Nasdaq
HSPUF,Horizon Space Acquisition I Corp.,1946021,OTC
HSPWF,Horizon Space Acquisition I Corp.,1946021,OTC
LSBWF,"LakeShore Biopharma Co., Ltd.",1946399,OTC
SXTPW,"60 DEGREES PHARMACEUTICALS, INC.",1946563,Nasdaq
NAKAW,Nakamoto Inc.,1946573,OTC
USGOW,U.S. GoldMining Inc.,1947244,Nasdaq
NMHIW,Nature's Miracle Holding Inc.,1947861,OTC
RDPTF,Radiopharm Theranostics Ltd,1949257,OTC
CRMLW,Critical Metals Corp.,1951089,Nasdaq
CRTMF,Critical Metals Corp.,1951089,OTC
QLUNF,Qilun Group Inc.,1951378,OTC
OCSAW,Oculis Holding AG,1953530,Nasdaq
BCGWW,"Binah Capital Group, Inc.",1953984,Nasdaq
ZAPWF,Zapp Electric Vehicles Group Ltd,1955104,OTC
ALMP,Almco Plumbing Inc,1956237,OTC
APADR,AParadise Acquisition Corp.,1956439,Nasdaq
APADU,AParadise Acquisition Corp.,1956439,Nasdaq
NOEMR,CO2 Energy Transition Corp.,1956648,Nasdaq
NOEMU,CO2 Energy Transition Corp.,1956648,Nasdaq
NOEMW,CO2 Energy Transition Corp.,1956648,Nasdaq
AAVXF,Abivax S.A.,1956827,OTC
ABLVW,Able View Global Inc.,1957489,Nasdaq
ESGLW,ESGL Holdings Ltd,1957538,Nasdaq
MACT,"MachTen, Inc.",1957783,OTC
LZM-WT,Lifezone Metals Ltd,1958217,NYSE
COOTW,Australian Oilseeds Holdings Ltd,1959994,Nasdaq
CREVW,Carbon Revolution Public Ltd Co,1960208,Nasdaq
LOTWW,Lotus Technology Inc.,1962746,Nasdaq
ATCHW,"AtlasClear Holdings, Inc.",1963088,OTC
ALUR-WT,"ALLURION TECHNOLOGIES, INC.",1964979,NYSE
MGTEW,Marblegate Capital Corp,1965052,OTC
NVNIW,Nvni Group Ltd,1965143,Nasdaq
CCGWW,Cheche Group Inc.,1965473,Nasdaq
GFRWF,Greenfire Resources Ltd.,1966287,OTC
CAPTW,Captivision Inc.,1967478,Nasdaq
BAYAR,Bayview Acquisition Corp,1969475,Nasdaq
BAYAU,Bayview Acquisition Corp,1969475,Nasdaq
RKWAF,Rockwool A/S/ADR,1969729,OTC
RKWBF,Rockwool A/S/ADR,1969729,OTC
SEPSF,Asep Medical Holdings Inc.,1969766,OTC
THQQF,Embracer Group AB/ADR,1969796,OTC
LGSP,"LEGEND SPICES, INC.",1970129,OTC
HYAC-UN,Haymaker Acquisition Corp. 4,1970509,NYSE
HYAC-WT,Haymaker Acquisition Corp. 4,1970509,NYSE
LIMNW,"Liminatus Pharma, Inc.",1971387,Nasdaq
SVUWF,SRIVARU Holding Ltd,1973368,OTC
MNYWW,MoneyHero Ltd,1974044,Nasdaq
QETAR,Quetta Acquisition Corp,1978528,Nasdaq
QETAU,Quetta Acquisition Corp,1978528,Nasdaq
AFJKR,"Aimei Health Technology Co., Ltd.",1979005,Nasdaq
AFJKU,"Aimei Health Technology Co., Ltd.",1979005,Nasdaq
ABVEW,Above Food Ingredients Inc.,1979484,Nasdaq
IMAA,IMA Tech,1980295,OTC
ENGNW,enGene Holdings Inc.,1980845,Nasdaq
LDTDF,LeddarTech Holdings Inc.,1981462,OTC
NIVFW,NewGenIvf Group Ltd,1981662,Nasdaq
BDMDW,Baird Medical Investment Holdings Ltd,1982444,Nasdaq
RMSGW,Real Messenger Corp,1983324,Nasdaq
VTBAS,"Vestible Assets, LLC",1984345,OTC
PBMWW,PSYENCE BIOMEDICAL LTD.,1985062,Nasdaq
TOYWF,"TOYO Co., Ltd",1985273,OTC
NPEHF,"Nippon Express Holdings, Inc./ADR",1985406,OTC
LDXC,Londax Corp.,1985554,OTC
GTENU,"Gores Holdings X, Inc. / CI",1986817,Nasdaq
GTENW,"Gores Holdings X, Inc. / CI",1986817,Nasdaq
SHMDW,SCHMID Group N.V.,1987240,Nasdaq
MRNOW,Murano Global Investments Plc,1988776,Nasdaq
GAFC,Guru App Factory Corp,1989788,OTC
MKDWW,MKDWELL Tech Inc.,1991332,Nasdaq
TE-WT,T1 Energy Inc.,1992243,NYSE
ZOOZW,ZOOZ Strategy Ltd.,1992818,Nasdaq
HNIT,Huineng Technology Corp,1994373,OTC
OYCG,Oyocar Group Inc.,1994582,OTC
SPHIF,SUPER HI INTERNATIONAL HOLDING LTD.,1995306,OTC
ESMR,E-Smart Corp.,1995920,OTC
MDCXW,Medicus Pharma Ltd.,1997296,Nasdaq
TBNRL,Tamboran Resources Corp,1997652,OTC
PDPA,Pearl Diver Credit Co Inc.,1998043,NYSE
IBACR,IB Acquisition Corp.,1998781,Nasdaq
STWI,StageWise Strategies Corp.,1999261,OTC
DSYWW,Big Tree Cloud Holdings Ltd,1999297,Nasdaq
DTZZF,Dotz Nano Limited/ADR,1999474,OTC
SCAGW,Scage Future,2000366,Nasdaq
EURKR,Eureka Acquisition Corp,2000410,Nasdaq
EURKU,Eureka Acquisition Corp,2000410,Nasdaq
KWMWW,K Wave Media Ltd.,2000756,Nasdaq
GMTH,GMTech Inc.,2000762,OTC
BKHAR,Black Hawk Acquisition Corp,2000775,Nasdaq
BKHAU,Black Hawk Acquisition Corp,2000775,Nasdaq
INVLW,"Innventure, Inc.",2001557,OTC
HPAIW,Helport AI Ltd,2001699,Nasdaq
LEGT-UN,Legato Merger Corp. III,2002038,NYSE
LEGT-WT,Legato Merger Corp. III,2002038,NYSE
GCLWW,GCL Global Holdings Ltd,2002045,Nasdaq
MGSD,"Maitong Sunshine Cultural Development Co., Ltd",2003750,OTC
CCIXU,Churchill Capital Corp IX/Cayman,2006291,Nasdaq
CCIXW,Churchill Capital Corp IX/Cayman,2006291,Nasdaq
VACHU,Voyager Acquisition Corp./Cayman Islands,2006815,Nasdaq
VACHW,Voyager Acquisition Corp./Cayman Islands,2006815,Nasdaq
TLPPF,Telix Pharmaceuticals Ltd,2007191,OTC
CCCXU,Churchill Capital Corp X/Cayman,2007825,Nasdaq
CCCXW,Churchill Capital Corp X/Cayman,2007825,Nasdaq
TACHU,Titan Acquisition Corp.,2009183,Nasdaq
TACHW,Titan Acquisition Corp.,2009183,Nasdaq
FVNNR,Future Vision II Acquisition Corp.,2010653,Nasdaq
FVNNU,Future Vision II Acquisition Corp.,2010653,Nasdaq
ALFUU,Centurion Acquisition Corp.,2010930,Nasdaq
ALFUW,Centurion Acquisition Corp.,2010930,Nasdaq
YDESW,YD Bio Ltd,2011674,Nasdaq
IPCXR,Inflection Point Acquisition Corp. III,2012318,Nasdaq
IPCXU,Inflection Point Acquisition Corp. III,2012318,Nasdaq
RFAIR,RF Acquisition Corp II,2012807,Nasdaq
RFAIU,RF Acquisition Corp II,2012807,Nasdaq
PMCUF,Pro Medicus Ltd./ADR,2013003,OTC
TNMWF,TNL Mediagene,2013186,OTC
FOXXW,Foxx Development Holdings Inc.,2013807,Nasdaq
MNYFF,"Money Forward, Inc./ADR",2014145,OTC
FSTWF,FST Corp.,2014254,OTC
SIMAU,SIM Acquisition Corp. I,2014982,Nasdaq
SIMAW,SIM Acquisition Corp. I,2014982,Nasdaq
LPAAU,Launch One Acquisition Corp.,2015502,Nasdaq
LPAAW,Launch One Acquisition Corp.,2015502,Nasdaq
SBXD-UN,SilverBox Corp IV,2015947,NYSE
SBXD-WT,SilverBox Corp IV,2015947,NYSE
CUBWU,Lionheart Holdings,2015955,Nasdaq
CUBWW,Lionheart Holdings,2015955,Nasdaq
MBAVU,M3-Brigade Acquisition V Corp.,2016072,Nasdaq
MBAVW,M3-Brigade Acquisition V Corp.,2016072,Nasdaq
MACIU,Melar Acquisition Corp. I/Cayman,2016221,Nasdaq
MACIW,Melar Acquisition Corp. I/Cayman,2016221,Nasdaq
DTSQR,DT Cloud Star Acquisition Corp,2017950,Nasdaq
DTSQU,DT Cloud Star Acquisition Corp,2017950,Nasdaq
TYHOF,Toyota Tsusho Corporation/ADR,2018139,OTC
RDACR,Rising Dragon Acquisition Corp.,2018145,Nasdaq
RDACU,Rising Dragon Acquisition Corp.,2018145,Nasdaq
BRETF,Brazilian Rare Earths Limited/ADR,2018463,OTC
STTPF,SCHOTT Pharma AG & Co. KGaA/ADR,2018852,OTC
TYNPF,Nippon Sanso Holdings Corporation/ADR,2019040,OTC
ATHNF,Athens International Airport SA/ADR,2019367,OTC
BGLWW,Blue Gold Ltd,2019435,Nasdaq
IMSRW,Terrestrial Energy Inc. /DE/,2019804,Nasdaq
TAVIR,Tavia Acquisition Corp.,2020385,Nasdaq
TAVIU,Tavia Acquisition Corp.,2020385,Nasdaq
EDVGF,Endeavour Group Limited/ADR,2020414,OTC
YHNAR,YHN Acquisition I Ltd,2020987,Nasdaq
YHNAU,YHN Acquisition I Ltd,2020987,Nasdaq
FTW-UN,EQV Ventures Acquisition Corp.,2021042,NYSE
FTW-WT,EQV Ventures Acquisition Corp.,2021042,NYSE
GDERF,Galderma Group AG/ADR,2021390,OTC
SNNRF,Sunrise Communications AG,2021938,OTC
AGMWF,"Silver Mountain Resources, Inc.",2022059,OTC
KIDZW,"Classover Holdings, Inc.",2022308,Nasdaq
SLXNW,Silexion Therapeutics Corp,2022416,Nasdaq
LPBBU,Launch Two Acquisition Corp.,2023676,Nasdaq
LPBBW,Launch Two Acquisition Corp.,2023676,Nasdaq
GIGGU,GigCapital7 Corp.,2023730,Nasdaq
GIGGW,GigCapital7 Corp.,2023730,Nasdaq
LACHF,Lapco Holdings Limited/ADR,2023870,OTC
CAPNR,Cayson Acquisition Corp,2024203,Nasdaq
CAPNU,Cayson Acquisition Corp,2024203,Nasdaq
CHARR,Charlton Aria Acquisition Corp,2024459,Nasdaq
CHARU,Charlton Aria Acquisition Corp,2024459,Nasdaq
CHPGR,ChampionsGate Acquisition Corp,2024460,Nasdaq
CHPGU,ChampionsGate Acquisition Corp,2024460,Nasdaq
POLEU,Andretti Acquisition Corp. II,2025341,Nasdaq
POLEW,Andretti Acquisition Corp. II,2025341,Nasdaq
VCICU,Vine Hill Capital Investment Corp.,2025396,Nasdaq
VCICW,Vine Hill Capital Investment Corp.,2025396,Nasdaq
FERAR,Fifth Era Acquisition Corp I,2025401,Nasdaq
FERAU,Fifth Era Acquisition Corp I,2025401,Nasdaq
SOUL-RI,Soulpower Acquisition Corp.,2025608,NYSE
SOUL-UN,Soulpower Acquisition Corp.,2025608,NYSE
ALPWF,Alps Group Inc,2025774,OTC
NAMMW,Namib Minerals,2026514,Nasdaq
ALISR,Calisa Acquisition Corp,2026767,Nasdaq
ALISU,Calisa Acquisition Corp,2026767,Nasdaq
OPTHF,Optimi Health Corp.,2027329,OTC
SGIPF,"Sugi Holdings Co., Ltd./ADR",2027330,OTC
NTWOU,Newbury Street II Acquisition Corp,2028027,Nasdaq
NTWOW,Newbury Street II Acquisition Corp,2028027,Nasdaq
COLAR,Columbus Acquisition Corp/Cayman Islands,2028201,Nasdaq
COLAU,Columbus Acquisition Corp/Cayman Islands,2028201,Nasdaq
RAINW,"Rain Enhancement Technologies Holdco, Inc.",2028293,Nasdaq
NUAIW,"New ERA Energy & Digital, Inc.",2028336,Nasdaq
IPEXR,Inflection Point Acquisition Corp. V,2028355,Nasdaq
IPEXU,Inflection Point Acquisition Corp. V,2028355,Nasdaq
ATIIU,Archimedes Tech SPAC Partners II Co.,2028516,Nasdaq
ATIIW,Archimedes Tech SPAC Partners II Co.,2028516,Nasdaq
DMAAR,Drugs Made In America Acquisition Corp.,2028614,Nasdaq
DMAAU,Drugs Made In America Acquisition Corp.,2028614,Nasdaq
ETHMU,Dynamix Corp,2028699,Nasdaq
ETHMW,Dynamix Corp,2028699,Nasdaq
BACQR,INFLECTION POINT ACQUISITION CORP. IV,2028707,Nasdaq
BACQU,INFLECTION POINT ACQUISITION CORP. IV,2028707,Nasdaq
SPEGR,Silver Pegasus Acquisition Corp.,2028735,Nasdaq
SPEGU,Silver Pegasus Acquisition Corp.,2028735,Nasdaq
FACTU,FACT II Acquisition Corp.,2028935,Nasdaq
FACTW,FACT II Acquisition Corp.,2028935,Nasdaq
THTG,Tech Tonic Group Corp.,2029303,OTC
PUIGF,Puig Brands S.A./ADR,2029472,OTC
MLACR,Mountain Lake Acquisition Corp.,2029492,Nasdaq
MLACU,Mountain Lake Acquisition Corp.,2029492,Nasdaq
BLNH,"Blue Line Holdings, Inc.",2029586,OTC
OACCU,Oaktree Acquisition Corp. III Life Sciences,2029769,Nasdaq
OACCW,Oaktree Acquisition Corp. III Life Sciences,2029769,Nasdaq
VRBCF,Virbac SA/ADR,2029969,OTC
LABFF,"Laboratorios Farmaceuticos Rovi, S.A./ADR",2029970,OTC
KFIIR,K&F GROWTH ACQUISITION CORP. II,2029976,Nasdaq
KFIIU,K&F GROWTH ACQUISITION CORP. II,2029976,Nasdaq
PLMKU,"Plum Acquisition Corp, IV",2030482,Nasdaq
PLMKW,"Plum Acquisition Corp, IV",2030482,Nasdaq
SZZLR,Sizzle Acquisition Corp. II,2030663,Nasdaq
SZZLU,Sizzle Acquisition Corp. II,2030663,Nasdaq
PGACR,PANTAGES CAPITAL ACQUSITION Corp,2030829,Nasdaq
PGACU,PANTAGES CAPITAL ACQUSITION Corp,2030829,Nasdaq
ALDFU,Aldel Financial II Inc.,2031561,Nasdaq
ALDFW,Aldel Financial II Inc.,2031561,Nasdaq
WLACU,Willow Lane Acquisition Corp.,2032379,Nasdaq
WLACW,Willow Lane Acquisition Corp.,2032379,Nasdaq
MICLF,Mycronic AB/ADR,2032399,OTC
STKTF,Sectra AB/ADR,2032517,OTC
DRDBU,Roman DBDR Acquisition Corp. II,2032528,Nasdaq
DRDBW,Roman DBDR Acquisition Corp. II,2032528,Nasdaq
SHFH,Scientist Home Future Health Ltd,2032609,OTC
AEHGS,"Arrived Homes 5, LLC",2032732,OTC
ALOIS,"Arrived Homes 5, LLC",2032732,OTC
AVPKS,"Arrived Homes 5, LLC",2032732,OTC
AVSBS,"Arrived Homes 5, LLC",2032732,OTC
HSPTR,Horizon Space Acquisition II Corp.,2032950,Nasdaq
HSPTU,Horizon Space Acquisition II Corp.,2032950,Nasdaq
TICAW,"TIC Solutions, Inc.",2032966,OTC
KOKSF,Kokusai Electric Corporation/ADR,2033019,OTC
TACOU,Berto Acquisition Corp.,2033122,Nasdaq
TACOW,Berto Acquisition Corp.,2033122,Nasdaq
VDTA,Vertical Data Inc.,2033264,OTC
FUSEW,Fusemachines Inc.,2033383,Nasdaq
SVCCU,Stellar V Capital Corp. (Cayman Islands),2033593,Nasdaq
SVCCW,Stellar V Capital Corp. (Cayman Islands),2033593,Nasdaq
DAICW,"CID Holdco, Inc.",2033770,Nasdaq
TVACU,Texas Ventures Acquisition III Corp,2033991,Nasdaq
TVACW,Texas Ventures Acquisition III Corp,2033991,Nasdaq
SDHIR,Siddhi Acquisition Corp (Cayman Islands),2034037,Nasdaq
SDHIU,Siddhi Acquisition Corp (Cayman Islands),2034037,Nasdaq
DGMDF,Digital Domain Holdings Limited/ADR,2034300,OTC
OBAWU,Oxley Bridge Acquisition Ltd,2034313,Nasdaq
OBAWW,Oxley Bridge Acquisition Ltd,2034313,Nasdaq
AACBR,Artius II Acquisition Inc.,2034334,Nasdaq
AACBU,Artius II Acquisition Inc.,2034334,Nasdaq
GIBOW,GIBO HOLDINGS Ltd,2034520,Nasdaq
RIBBR,Ribbon Acquisition Corp.,2035016,Nasdaq
RIBBU,Ribbon Acquisition Corp.,2035016,Nasdaq
RTACU,Renatus Tactical Acquisition Corp I,2035173,Nasdaq
RTACW,Renatus Tactical Acquisition Corp I,2035173,Nasdaq
RANGR,Range Capital Acquisition Corp.,2035644,Nasdaq
RANGU,Range Capital Acquisition Corp.,2035644,Nasdaq
UYSCR,UY Scuti Acquisition Corp.,2036973,Nasdaq
UYSCU,UY Scuti Acquisition Corp.,2036973,Nasdaq
PELIR,Pelican Acquisition Corp,2037431,Nasdaq
PELIU,Pelican Acquisition Corp,2037431,Nasdaq
VWAVW,"VisionWave Holdings, Inc.",2038439,Nasdaq
DWWYF,Dowway Holdings Limited/ADR,2038919,OTC
MANDF,Mandatum Oyj/ADR,2038958,OTC
JACS-RI,Jackson Acquisition Co II,2039058,NYSE
JACS-UN,Jackson Acquisition Co II,2039058,NYSE
MGCOF,"Midea Group Co., Ltd./ADR",2039784,OTC
PACHU,Pioneer Acquisition I Corp,2040381,Nasdaq
PACHW,Pioneer Acquisition I Corp,2040381,Nasdaq
DMIIR,Drugs Made In America Acquisition II Corp.,2040475,Nasdaq
DMIIU,Drugs Made In America Acquisition II Corp.,2040475,Nasdaq
IPODU,Dune Acquisition Corp II,2041047,Nasdaq
IPODW,Dune Acquisition Corp II,2041047,Nasdaq
ALUB-UN,Alussa Energy Acquisition Corp. II,2041493,NYSE
ALUB-WT,Alussa Energy Acquisition Corp. II,2041493,NYSE
BDTB,Bodhi Tree Biotechnology Inc,2041531,OTC
LTMGF,Lottomatica Group S.p.A./ADR,2041918,OTC
OYSER,Oyster Enterprises II Acquisition Corp,2042182,Nasdaq
OYSEU,Oyster Enterprises II Acquisition Corp,2042182,Nasdaq
KYFGF,Kyoto Financial Group Inc/ADR,2042187,OTC
BDCIU,BTC Development Corp.,2042292,Nasdaq
BDCIW,BTC Development Corp.,2042292,Nasdaq
HAVAR,Harvard Ave Acquisition Corp,2042460,Nasdaq
HAVAU,Harvard Ave Acquisition Corp,2042460,Nasdaq
SPGDF,Springer Nature AG & Co. KGaA/ADR,2042556,OTC
EVAC-UN,EQV Ventures Acquisition Corp. II,2042902,NYSE
EVAC-WT,EQV Ventures Acquisition Corp. II,2042902,NYSE
FKURF,Fujikura Ltd/ADR,2043424,OTC
LKSPR,Lake Superior Acquisition Corp,2043508,Nasdaq
LKSPU,Lake Superior Acquisition Corp,2043508,Nasdaq
APACR,StoneBridge Acquisition II Corp,2043630,Nasdaq
APACU,StoneBridge Acquisition II Corp,2043630,Nasdaq
NHICU,NewHold Investment Corp. III,2043699,Nasdaq
NHICW,NewHold Investment Corp. III,2043699,Nasdaq
GTERR,Globa Terra Acquisition Corp,2043766,Nasdaq
GTERU,Globa Terra Acquisition Corp,2043766,Nasdaq
GTERW,Globa Terra Acquisition Corp,2043766,Nasdaq
XRPNU,Armada Acquisition Corp. II,2044009,Nasdaq
XRPNW,Armada Acquisition Corp. II,2044009,Nasdaq
ORIQU,Origin Investment Corp I,2044523,Nasdaq
ORIQW,Origin Investment Corp I,2044523,Nasdaq
GSHRU,Gesher Acquisition Corp. II,2044635,Nasdaq
GSHRW,Gesher Acquisition Corp. II,2044635,Nasdaq
TKMEF,"Tokyo Metro Co., Ltd./ADR",2044863,OTC
COPL-UN,Copley Acquisition Corp,2045473,NYSE
COPL-WT,Copley Acquisition Corp,2045473,NYSE
ALEGF,ALLEGRO.EU SA/ADR,2046098,OTC
CHECU,Chenghe Acquisition III Co.,2047177,Nasdaq
CHECW,Chenghe Acquisition III Co.,2047177,Nasdaq
QSEAR,Quartzsea Acquisition Corp,2047455,Nasdaq
QSEAU,Quartzsea Acquisition Corp,2047455,Nasdaq
RAC-UN,Rithm Acquisition Corp.,2047497,NYSE
RAC-WT,Rithm Acquisition Corp.,2047497,NYSE
SMFRF,"Sumitomo Forestry Co., Ltd./ADR",2048270,OTC
NPACU,New Providence Acquisition Corp. III/Cayman,2048948,Nasdaq
NPACW,New Providence Acquisition Corp. III/Cayman,2048948,Nasdaq
LOKVU,Live Oak Acquisition Corp. V,2048951,Nasdaq
LOKVW,Live Oak Acquisition Corp. V,2048951,Nasdaq
SUNXF,Stardust Solar Energy Inc.,2048958,OTC
LCCCR,Lakeshore Acquisition III Corp.,2049248,Nasdaq
LCCCU,Lakeshore Acquisition III Corp.,2049248,Nasdaq
CGCTU,Cartesian Growth Corp III,2049662,Nasdaq
CGCTW,Cartesian Growth Corp III,2049662,Nasdaq
BLUWU,Blue Water Acquisition Corp. III,2050501,Nasdaq
BLUWW,Blue Water Acquisition Corp. III,2050501,Nasdaq
PEW-WT,GrabAGun Digital Holdings Inc.,2051380,NYSE
BSAAR,BEST SPAC I Acquisition Corp.,2051587,Nasdaq
BSAAU,BEST SPAC I Acquisition Corp.,2051587,Nasdaq
MLCIL,Mount Logan Capital Inc.,2051820,Nasdaq
IRHOR,Iron Horse Acquisition II Corp.,2051985,Nasdaq
IRHOU,Iron Horse Acquisition II Corp.,2051985,Nasdaq
RAAQU,Real Asset Acquisition Corp.,2052161,Nasdaq
RAAQW,Real Asset Acquisition Corp.,2052161,Nasdaq
DAAQU,Digital Asset Acquisition Corp.,2052162,Nasdaq
DAAQW,Digital Asset Acquisition Corp.,2052162,Nasdaq
TWLVR,Twelve Seas Investment Co III/Cayman,2052243,Nasdaq
TWLVU,Twelve Seas Investment Co III/Cayman,2052243,Nasdaq
EGHAR,EGH Acquisition Corp.,2052547,Nasdaq
EGHAU,EGH Acquisition Corp.,2052547,Nasdaq
KXHCF,Kioxia Holdings Corporation/ADR,2053383,OTC
PCPPF,PC Partner Group Ltd/ADR,2053411,OTC
TGE-WT,Generation Essentials Group,2053456,NYSE
KCHVR,Kochav Defense Acquisition Corp.,2053799,Nasdaq
KCHVU,Kochav Defense Acquisition Corp.,2053799,Nasdaq
YSHLF,Yangzijiang Shipbuilding Holdings Ltd/ADR,2053843,OTC
WTGUR,Wintergreen Acquisition Corp.,2053927,Nasdaq
WTGUU,Wintergreen Acquisition Corp.,2053927,Nasdaq
CHACR,Crane Harbor Acquisition Corp.,2054174,Nasdaq
CHACU,Crane Harbor Acquisition Corp.,2054174,Nasdaq
ONCHU,1RT Acquisition Corp.,2054272,Nasdaq
ONCHW,1RT Acquisition Corp.,2054272,Nasdaq
NMPAR,NMP Acquisition Corp.,2054876,Nasdaq
NMPAU,NMP Acquisition Corp.,2054876,Nasdaq
ASBRF,"Asahi Group Holdings, Ltd./ADR",2055337,OTC
RDAGU,Republic Digital Acquisition Co,2055459,Nasdaq
RDAGW,Republic Digital Acquisition Co,2055459,Nasdaq
VNMEU,Vendome Acquisition Corp I,2055879,Nasdaq
VNMEW,Vendome Acquisition Corp I,2055879,Nasdaq
FCHRF,Georg Fischer AG/ADR,2055896,OTC
PCAPU,ProCap Acquisition Corp,2056634,Nasdaq
PCAPW,ProCap Acquisition Corp,2056634,Nasdaq
AXINR,Axiom Intelligence Acquisition Corp 1,2057030,Nasdaq
AXINU,Axiom Intelligence Acquisition Corp 1,2057030,Nasdaq
WENNU,WEN Acquisition Corp,2057043,Nasdaq
WENNW,WEN Acquisition Corp,2057043,Nasdaq
GLIBK,"GCI Liberty, Inc.",2057463,Nasdaq
CRAQR,Cal Redwood Acquisition Corp.,2058359,Nasdaq
CRAQU,Cal Redwood Acquisition Corp.,2058359,Nasdaq
FIGXU,FIGX Capital Acquisition Corp.,2059033,Nasdaq
FIGXW,FIGX Capital Acquisition Corp.,2059033,Nasdaq
SSEAR,STARRY SEA ACQUISITION CORP,2059165,Nasdaq
SSEAU,STARRY SEA ACQUISITION CORP,2059165,Nasdaq
BACCR,Blue Acquisition Corp/Cayman,2059654,Nasdaq
BACCU,Blue Acquisition Corp/Cayman,2059654,Nasdaq
ONWRF,Onward Medical N.V./ADR,2059986,OTC
HRZRF,"Horizon Robotics, Inc./ADR",2060217,OTC
JENA-RI,JENA ACQUISITION Corp II,2060337,NYSE
JENA-UN,JENA ACQUISITION Corp II,2060337,NYSE
NGHLF,Nightingale Health Plc,2060863,OTC
LWACU,LightWave Acquisition Corp.,2061379,Nasdaq
LWACW,LightWave Acquisition Corp.,2061379,Nasdaq
PMTRU,Perimeter Acquisition Corp. I,2061473,Nasdaq
PMTRW,Perimeter Acquisition Corp. I,2061473,Nasdaq
MXUGF,Mixue Bingcheng Co Ltd/ADR,2061911,OTC
KYIVW,Kyivstar Group Ltd.,2062440,Nasdaq
GMWKF,GAMES WORKSHOP GROUP PLC/ADR,2062522,OTC
IDPUF,IDP Education Ltd./ADR,2062803,OTC
MGHTF,Mercury NZ Ltd./ADR,2062807,OTC
SCSKF,SCSK Corporation/ADR,2063116,OTC
SPHXF,SM Prime Holdings Inc./ADR,2063413,OTC
MDDNF,Meridian Energy Ltd/ADR,2063417,OTC
LSHGF,Louis Hachette Group/ADR,2063675,OTC
PSBAF,PT Sumber Alfaria Trijaya Tbk/ADR,2063685,OTC
INACR,Indigo Acquisition Corp.,2063816,Nasdaq
INACU,Indigo Acquisition Corp.,2063816,Nasdaq
BPACR,Blueport Acquisition Ltd,2064177,Nasdaq
BPACU,Blueport Acquisition Ltd,2064177,Nasdaq
LOGCD,ContextLogic Holdings Inc.,2064307,OTC
BCSS-UN,Bain Capital GSS Investment Corp.,2064355,NYSE
BCSS-WT,Bain Capital GSS Investment Corp.,2064355,NYSE
MCGAU,Yorkville Acquisition Corp.,2064658,Nasdaq
MCGAW,Yorkville Acquisition Corp.,2064658,Nasdaq
CCIIU,Cohen Circle Acquisition Corp. II,2064683,Nasdaq
CCIIW,Cohen Circle Acquisition Corp. II,2064683,Nasdaq
JXADF,JX Advanced Metals Corporation/ADR,2065485,OTC
DNACF,"DeNA Co., Ltd./ADR",2065660,OTC
BCARU,D. Boral ARC Acquisition I Corp.,2065779,Nasdaq
BCARW,D. Boral ARC Acquisition I Corp.,2065779,Nasdaq
FLNCF,Freelancer Ltd,2065932,OTC
SOCAU,Solarius Capital Acquisition Corp.,2065948,Nasdaq
SOCAW,Solarius Capital Acquisition Corp.,2065948,Nasdaq
SCXBF,SCB X Public Co Ltd,2066600,OTC
TOKCF,"Tokyo Ohka Kogyo Co., Ltd./ADR",2066601,OTC
MKLYR,McKinley Acquisition Corp,2067592,Nasdaq
MKLYU,McKinley Acquisition Corp,2067592,Nasdaq
LPUGF,Laopu Gold Co. Ltd./ADR,2068440,OTC
STHRF,Strathcona Resources Ltd.,2068441,OTC
KOYNU,"CSLM Digital Asset Acquisition Corp III, Ltd",2068454,Nasdaq
KOYNW,"CSLM Digital Asset Acquisition Corp III, Ltd",2068454,Nasdaq
PAII-UN,Pyrophyte Acquisition Corp. II,2069238,NYSE
PAII-WT,Pyrophyte Acquisition Corp. II,2069238,NYSE
HCMAU,HCM III ACQUISITION CORP.,2069856,Nasdaq
HCMAW,HCM III ACQUISITION CORP.,2069856,Nasdaq
REECF,Reece Limited/ADR,2070570,OTC
HVMCU,Highview Merger Corp.,2070602,Nasdaq
HVMCW,Highview Merger Corp.,2070602,Nasdaq
CTATF,"Contemporary Amperex Technology Co., Limited/ADR",2070829,OTC
CRACR,Crown Reserve Acquisition Corp. I,2070887,Nasdaq
CRACU,Crown Reserve Acquisition Corp. I,2070887,Nasdaq
CRACW,Crown Reserve Acquisition Corp. I,2070887,Nasdaq
QUMSR,Quantumsphere Acquisition Corp,2070900,Nasdaq
QUMSU,Quantumsphere Acquisition Corp,2070900,Nasdaq
JNGHF,"Jiangsu Hengrui Pharmaceuticals Co., Ltd./ADR",2071868,OTC
TRMLF,Tourmaline Oil Corp/ADR,2071881,OTC
CPRHF,Capital Power Corp/ADR,2071911,OTC
CPWPF,Capital Power Corp/ADR,2071911,OTC
CPXWF,Capital Power Corp/ADR,2071911,OTC
PREKF,PrairieSky Royalty Ltd/ADR,2071912,OTC
GBNXF,Gibson Energy Inc/ADR,2071913,OTC
TMTNF,Toromont Industries Ltd./ADR,2072098,OTC
NPICF,Northland Power Inc./ADR,2072389,OTC
NPIFF,Northland Power Inc./ADR,2072389,OTC
GSRFR,GSR IV Acquisition Corp.,2072404,Nasdaq
GSRFU,GSR IV Acquisition Corp.,2072404,Nasdaq
BIREF,Birchcliff Energy Ltd./ADR,2073268,OTC
TLNCU,Talon Capital Corp.,2073340,Nasdaq
TLNCW,Talon Capital Corp.,2073340,Nasdaq
AIIA-RI,AI Infrastructure Acquisition Corp.,2073553,NYSE
AIIA-UN,AI Infrastructure Acquisition Corp.,2073553,NYSE
ELEEF,Element Fleet Management Corp./ADR,2073615,OTC
PARXF,Parex Resources Inc./ADR,2073620,OTC
FINGF,Finning International Inc./ADR,2073638,OTC
TPZEF,Topaz Energy Corp./ADR,2073655,OTC
HNSPF,Hansoh Pharmaceutical Group Co Limited/ADR,2073669,OTC
TCLHF,TCL Electronics Holdings Limited/ADR,2073804,OTC
DLMAF,Dollarama Inc./ADR,2073893,OTC
TNEYF,Tamarack Valley Energy Ltd./ADR,2073901,OTC
NNWWF,North West Co Inc./ADR,2073913,OTC
MBVIU,M3-Brigade Acquisition VI Corp.,2073928,Nasdaq
MBVIW,M3-Brigade Acquisition VI Corp.,2073928,Nasdaq
LWSCF,Sienna Senior Living Inc./ADR,2073972,OTC
WIPKF,Winpak Ltd./ADR,2074059,OTC
SVAUF,StorageVault Canada Inc./ADR,2074157,OTC
FCRS-UN,FutureCrest Acquisition Corp.,2074697,NYSE
FCRS-WT,FutureCrest Acquisition Corp.,2074697,NYSE
SVACU,Spring Valley Acquisition Corp. III,2074850,Nasdaq
SVACW,Spring Valley Acquisition Corp. III,2074850,Nasdaq
KRSP-UN,Rice Acquisition Corp 3,2074872,NYSE
KRSP-WT,Rice Acquisition Corp 3,2074872,NYSE
NWAX-UN,New America Acquisition I Corp.,2074878,NYSE
NWAX-WT,New America Acquisition I Corp.,2074878,NYSE
CCXIU,Churchill Capital Corp XI,2074973,Nasdaq
CCXIW,Churchill Capital Corp XI,2074973,Nasdaq
IGACR,Invest Green Acquisition Corp,2075068,Nasdaq
IGACU,Invest Green Acquisition Corp,2075068,Nasdaq
SRBEF,VusionGroup,2075141,OTC
BLZRU,Trailblazer Acquisition Corp.,2075310,Nasdaq
BLZRW,Trailblazer Acquisition Corp.,2075310,Nasdaq
YCY-UN,AA Mission Acquisition Corp. II,2075336,NYSE
YCY-WT,AA Mission Acquisition Corp. II,2075336,NYSE
TNDEF,Top End Energy Ltd/ADR,2075349,OTC
GPTGF,GPT Group/ADR,2075474,OTC
EMISR,Emmis Acquisition Corp.,2075816,Nasdaq
BKPKF,Bank Pekao S.A./ADR,2075877,OTC
CSCCF,Capstone Copper Corp./ADR,2075918,OTC
BRRWW,"ProCap Financial, Inc.",2076163,Nasdaq
WSTNR,Westin Acquisition Corp,2076192,Nasdaq
WSTNU,Westin Acquisition Corp,2076192,Nasdaq
LATAU,Galata Acquisition Corp. II,2076427,Nasdaq
LATAW,Galata Acquisition Corp. II,2076427,Nasdaq
TDWDR,Tailwind 2.0 Acquisition Corp.,2076616,Nasdaq
TDWDU,Tailwind 2.0 Acquisition Corp.,2076616,Nasdaq
SCIIR,SC II Acquisition Corp.,2076739,Nasdaq
SCIIU,SC II Acquisition Corp.,2076739,Nasdaq
OTGAU,OTG Acquisition Corp. I,2077010,Nasdaq
OTGAW,OTG Acquisition Corp. I,2077010,Nasdaq
MMTXU,Miluna Acquisition Corp,2077033,Nasdaq
MMTXW,Miluna Acquisition Corp,2077033,Nasdaq
OBIIF,"OBIC Co., Ltd./ADR",2077146,OTC
STLJF,Stella-Jones Inc./ADR,2077242,OTC
IRAB-UN,Iris Acquisition Corp II,2077785,NYSE
EVOXU,Evolution Global Acquisition Corp,2077954,Nasdaq
EVOXW,Evolution Global Acquisition Corp,2077954,Nasdaq
LLYVB,"Liberty Live Holdings, Inc.",2078416,OTC
LLYVK,"Liberty Live Holdings, Inc.",2078416,Nasdaq
RNGTU,Range Capital Acquisition Corp II,2078653,Nasdaq
RNGTW,Range Capital Acquisition Corp II,2078653,Nasdaq
HCACR,Hall Chadwick Acquisition Corp,2079013,Nasdaq
LAFAR,LaFayette Acquisition Corp.,2079106,Nasdaq
LAFAU,LaFayette Acquisition Corp.,2079106,Nasdaq
APXTU,Apex Treasury Corp,2079253,Nasdaq
APXTW,Apex Treasury Corp,2079253,Nasdaq
DYORU,Insight Digital Partners II,2079292,Nasdaq
DYORW,Insight Digital Partners II,2079292,Nasdaq
MBGCF,"Mitsubishi Gas Chemical Company, Inc./ADR",2079706,OTC
BEBE-UN,TGE Value Creative Solutions Corp,2079933,NYSE
BEBE-WT,TGE Value Creative Solutions Corp,2079933,NYSE
GIWWR,GigCapital8 Corp.,2080019,Nasdaq
GIWWU,GigCapital8 Corp.,2080019,Nasdaq
VACI-UN,Viking Acquisition Corp I,2080023,NYSE
VACI-WT,Viking Acquisition Corp I,2080023,NYSE
ITHAU,ITHAX Acquisition Corp III,2080985,Nasdaq
ITHAW,ITHAX Acquisition Corp III,2080985,Nasdaq
DNMXU,Dynamix Corp III,2081125,Nasdaq
DNMXW,Dynamix Corp III,2081125,Nasdaq
SSACU,SPACSphere Acquisition Corp.,2081300,Nasdaq
CRANR,Crane Harbor Acquisition Corp. II,2081358,Nasdaq
CRANU,Crane Harbor Acquisition Corp. II,2081358,Nasdaq
MESHU,Meshflow Acquisition Corp,2081468,Nasdaq
MESHW,Meshflow Acquisition Corp,2081468,Nasdaq
BLRKU,Bluerock Acquisition Corp.,2081532,Nasdaq
BLRKW,Bluerock Acquisition Corp.,2081532,Nasdaq
WPAC-UN,White Pearl Acquisition Corp.,2081536,NYSE
SBXE-UN,SilverBox Corp V,2081909,NYSE
SBXE-WT,SilverBox Corp V,2081909,NYSE
KRAQU,KRAKacquisition Corp,2082119,Nasdaq
AVVOF,Avio S.p.A./ADR,2082141,OTC
DSACU,Daedalus Special Acquisition Corp.,2082149,Nasdaq
DSACW,Daedalus Special Acquisition Corp.,2082149,Nasdaq
BIXIU,Bitcoin Infrastructure Acquisition Corp Ltd,2082542,Nasdaq
BIXIW,Bitcoin Infrastructure Acquisition Corp Ltd,2082542,Nasdaq
SAC-UN,Safeguard Acquisition Corp.,2082844,NYSE
SAC-WT,Safeguard Acquisition Corp.,2082844,NYSE
PNFP-PA,"Pinnacle Financial Partners, Inc.",2082866,NYSE
PNFP-PB,"Pinnacle Financial Partners, Inc.",2082866,NYSE
PNFP-PC,"Pinnacle Financial Partners, Inc.",2082866,NYSE
ADACU,American Drive Acquisition Co,2083002,Nasdaq
ADACW,American Drive Acquisition Co,2083002,Nasdaq
SCPQU,Social Commerce Partners Corp,2083143,Nasdaq
SPIWF,SPIE SA/ADR,2083221,OTC
XCBEU,X3 Acquisition Corp. Ltd.,2083493,Nasdaq
AEAQU,Activate Energy Acquisition Corp.,2083689,Nasdaq
AEAQW,Activate Energy Acquisition Corp.,2083689,Nasdaq
LPCVU,Launchpad Cadenza Acquisition Corp I,2083728,Nasdaq
LPCVW,Launchpad Cadenza Acquisition Corp I,2083728,Nasdaq
ARCIU,Archimedes Tech SPAC Partners III Co.,2083910,Nasdaq
ALOVU,"Aldabra 4 Liquidity Opportunity Vehicle, Inc.",2083989,Nasdaq
IEAGU,Infinite Eagle Acquisition Corp.,2084396,Nasdaq
LFACU,Leapfrog Acquisition Corp,2084563,Nasdaq
LFACW,Leapfrog Acquisition Corp,2084563,Nasdaq
DUTBF,Duality Biotherapeutics Inc/ADR,2085208,OTC
AMVIF,AUMOVIO SE,2085236,OTC
GPACU,General Purpose Acquisition Corp.,2085408,Nasdaq
GPACW,General Purpose Acquisition Corp.,2085408,Nasdaq
SVAQU,Silicon Valley Acquisition Corp.,2085659,Nasdaq
SORNU,Soren Acquisition Corp.,2086263,Nasdaq
VHCPU,Vine Hill Capital Investment Corp. II,2086264,Nasdaq
VHCPW,Vine Hill Capital Investment Corp. II,2086264,Nasdaq
KTWOU,K2 Capital Acquisition Corp,2086524,Nasdaq
ARTCU,Art Technology Acquisition Corp.,2086545,Nasdaq
RLMLF,RESOLUTION MINERALS LTD/ADR,2086869,OTC
BIII-UN,Black Spade Acquisition III Co,2087087,NYSE
BIII-WT,Black Spade Acquisition III Co,2087087,NYSE
MEVOU,M Evo Global Acquisition Corp II,2087361,Nasdaq
ZKPU,Lafayette Digital Acquisition Corp. I,2087447,Nasdaq
ZKPW,Lafayette Digital Acquisition Corp. I,2087447,Nasdaq
LEGO-UN,Legato Merger Corp. IV,2087450,NYSE
NHKGF,NHK Spring Co. Ltd/ADR,2087500,OTC
ZJLMF,"Zhejiang Leapmotor Technology Co., Ltd./ADR",2087840,OTC
GGPSF,Greatland Resources Limited/ADR,2087843,OTC
MSOKF,Mitsui-Soko Holdings Co Limited/ADR,2087844,OTC
SBKLF,Sumitomo Bakelite Co Limited/ADR,2087852,OTC
AIKCF,Aica Kogyo Co Limited/ADR,2087856,OTC
BBCQU,Bleichroeder Acquisition Corp. II,2088295,Nasdaq
BBCQW,Bleichroeder Acquisition Corp. II,2088295,Nasdaq
OIMAU,OneIM Acquisition Corp.,2088325,Nasdaq
OBIBF,"OBIC Business Consultants Co., Ltd./ADR",2088339,OTC
KBONU,Karbon Capital Partners Corp.,2088749,Nasdaq
KBONW,Karbon Capital Partners Corp.,2088749,Nasdaq
ZSHOF,"Zensho Holdings Co., Ltd./ADR",2088776,OTC
XSLLU,Xsolla SPAC 1,2088807,Nasdaq
HRIBF,"Horiba, Ltd./ADR",2088827,OTC
PCCOF,Paltac Corporation/ADR,2089174,OTC
SVNHF,SUNEVISION HOLDINGS/ADR,2089488,OTC
GLVHF,GLENVEAGH PROPERTIES PLC/ADR,2089499,OTC
TOETF,TOSEI CORP/ADR,2089506,OTC
JELLF,JEOL LTD/ADR,2089509,OTC
MTLPF,Metlen Energy & Metals PLC/ADR,2090231,OTC
FGIIU,FG Imperii Acquisition Corp.,2090452,Nasdaq
CLBR-UN,Colombier Acquisition Corp. III,2091024,NYSE
MTMCF,Metallium Limited/ADR,2091028,OTC
SAAQU,Space Asset Acquisition Corp.,2091222,Nasdaq
LKYRF,Locksley Resources Limited/ADR,2091585,OTC
CNDHF,CONDUIT HOLDINGS LTD/ADR,2091663,OTC
NGSCF,"Nagase & Co., Ltd./ADR",2092248,OTC
RNGOF,"Rengo Co., Ltd./ADR",2092252,OTC
AWTRF,Air Water Inc./ADR,2092258,OTC
MUZEU,Muzero Acquisition Corp,2093484,Nasdaq
ZJNGF,Zijin Gold International Co Limited/ADR,2093654,OTC
MAWAF,"Maruwa Co., Ltd./ADR",2093667,OTC
APXCF,APEX CRITICAL METALS CORP.,2093856,OTC
RNKGF,RENK Group AG/ADR,2093907,OTC
PTORU,Praetorian Acquisition Corp.,2093912,Nasdaq
DPCDF,DPC DASH LTD/ADR,2094201,OTC
MLAAU,Mountain Lake Acquisition Corp. II,2094265,Nasdaq
OBCKF,Ottobock SE & Co. KGaA/ADR,2094691,OTC
SWBGF,Shawbrook Group plc/ADR,2098324,OTC
BGTCF,"Beijing Geekplus Technology Co., Ltd./ADR",2098425,OTC
UAC-UN,United Acquisition Corp. I,2098669,NYSE
GIXXU,GigCapital9 Corp.,2098712,Nasdaq
HCICU,Hennessy Capital Investment Corp. VIII,2099093,Nasdaq
CAQUU,Cambridge Acquisition Corp.,2100125,Nasdaq
MTPLF,Metaplanet Inc.,2100603,OTC
EURBF,Eurobank SA/ADR,2106126,OTC
YMTKF,Yamato Kogyo Co. Ltd/ADR,2107946,OTC
SWCPF,SWCC Corp/ADR,2107960,OTC
KELRF,Keisei Electric Railway Co. Ltd/ADR,2107989,OTC
ODERF,"Odakyu Electric Railway Co., Ltd./ADR",2108124,OTC
NOFCF,NOF Corporation/ADR,2108180,OTC
YMATF,Azbil Corporation/ADR,2108185,OTC
